x,y,u,v,w,velocity_magnitude,pressure,divergence
0.015625,0.015625,0.00036793849079571218,-0.00036793849073164916,0,0.00052034360375708495,-17.59431920937871,4.1000328132589914e-12
0.046875,0.015625,0.00087547415297901856,-0.00013959717132286723,0,0.00088653390390648677,-20.257964350993369,4.1425265995265192e-12
0.078125,0.015625,0.00080857639507646154,0.00020649492935062718,0,0.0008345273767362977,-24.268022485883172,3.8704612431716967e-12
0.109375,0.015625,0.00012496994414050992,0.00047711152170768552,0,0.00049320674274051183,-27.830195121161637,3.9606477819642549e-12
0.140625,0.015625,-0.00099427886752632521,0.00064213729007571614,0,0.0011836092115707854,-30.25704949459212,3.499603384859995e-12
0.171875,0.015625,-0.0023545266220412727,0.00071811046454933465,0,0.0024616007501616398,-31.401530593142343,3.5470099080114892e-12
0.203125,0.015625,-0.0038053757563802212,0.00073273866989224641,0,0.0038752794229064049,-31.362374718309418,3.0214858393051713e-12
0.234375,0.015625,-0.005249548664288577,0.00071143423810913966,0,0.0052975371498355647,-30.327062986659808,2.9324667694119455e-12
0.265625,0.015625,-0.0066337983342421789,0.00067281543192860085,0,0.00666783030264235,-28.486599441918184,2.4523785779884122e-12
0.296875,0.015625,-0.0079349571074738903,0.00062834334137542897,0,0.0079597964579567766,-25.996057453462072,2.1760510060531146e-12
0.328125,0.015625,-0.0091469333067925162,0.00058363285800533133,0,0.0091655341487473455,-22.962771776336453,1.8004972512919437e-12
0.359375,0.015625,-0.010270705951482587,0.00054013978673386396,0,0.01028489920859863,-19.449178311589232,1.343473943204998e-12
0.390625,0.015625,-0.011307482576723916,0.00049663683854533729,0,0.011318383734982448,-15.482042132925864,1.0804135364139711e-12
0.421875,0.015625,-0.012254422025770356,0.00045030261052560617,0,0.012262692674397896,-11.063575954569595,4.8782505812638988e-13
0.453125,0.015625,-0.013102175583656558,0.00039745094737320098,0,0.013108202480909955,-6.1824791184782564,3.1889074714186449e-13
0.484375,0.015625,-0.013833632161133211,0.00033400563010289869,0,0.013837663767069915,-0.8243971143605513,-3.5438665890730192e-13
0.515625,0.015625,-0.014423477601153832,0.00025583980990512002,0,0.014425746431963878,5.0179691969425448,-4.5210016286212351e-13
0.546875,0.015625,-0.014838407483887404,0.00015909007280335535,0,0.01483926030195408,11.334607807559804,-1.1541722438890289e-12
0.578125,0.015625,-0.015038039023736377,4.054146700873226e-05,0,0.01503809367207045,18.087307792557432,-1.2063991298993937e-12
0.609375,0.015625,-0.01497674987052754,-0.00010183062026580042,0,0.014977096052291659,25.197859648044687,-1.8803908083397936e-12
0.640625,0.015625,-0.014606834664159693,-0.00026808458616151286,0,0.014609294584319759,32.535460728490257,-1.9255326499934e-12
0.671875,0.015625,-0.013883508913846595,-0.00045524116422078416,0,0.013890970602461836,39.904097186471724,-2.5032302619631963e-12
0.703125,0.015625,-0.012772373424915684,-0.0006558943247897131,0,0.012789203269585785,47.031710913521756,-2.5902613387529527e-12
0.734375,0.015625,-0.011259904475263349,-0.00085657462495009355,0,0.011292438571015738,53.564544615834123,-3.007899485041321e-12
0.765625,0.015625,-0.0093672069679725297,-0.0010361228824372734,0,0.0094243364227060162,59.072336047340627,-3.1711577808124503e-12
0.796875,0.015625,-0.0071664162669577564,-0.0011646678186801949,0,0.0072604389150509371,63.072976826939012,-3.4013486471806686e-12
0.828125,0.015625,-0.0047974240042763386,-0.001204324444111098,0,0.0049462788481332435,65.088350560327825,-3.6306235795535713e-12
0.859375,0.015625,-0.0024796751753002832,-0.0011134243849795537,0,0.0027181800595375552,64.744911557151454,-3.7035513544836363e-12
0.890625,0.015625,-0.00050933754713472403,-0.00085691324330537189,0,0.00099685758434861125,61.931147247306804,-3.935886339068162e-12
0.921875,0.015625,0.00077469815828491782,-0.00042712246223712265,0,0.00088464164168184278,57.021996196470724,-3.926685365751581e-12
0.953125,0.015625,0.001089156481478646,0.00011266413891837731,0,0.0010949680585958495,51.219789663750426,-4.0744204884979318e-12
0.984375,0.015625,0.00048824617124830288,0.00048824617118485721,0,0.00069048435711122373,47.190803139979884,-4.0605227513701436e-12
0.015625,0.046875,0.00015494845030413135,-0.00089082543170245008,0,0.00090420073657319509,-15.021344515532165,4.1586942223226231e-12
0.046875,0.046875,9.7236011667163358e-05,-6.6533453644551633e-05,0,0.00011781995764219419,-17.67924881601769,3.8453424472395525e-12
0.078125,0.046875,-0.00080560621838195764,0.0011031711998756605,0,0.0013660117405537857,-21.071939824887611,4.2486153484233569e-12
0.109375,0.046875,-0.0025855558712689171,0.0020439913552478717,0,0.0032959065253403653,-23.866678949326285,3.428021755347288e-12
0.140625,0.046875,-0.0050372628397633507,0.0026462132369298162,0,0.0056900317584494473,-25.620148246243961,4.0248637755979644e-12
0.171875,0.046875,-0.0079117212866838954,0.0029487407193504699,0,0.0084433645869477058,-26.289511842114209,2.9920649291526047e-12
0.203125,0.046875,-0.010991857640731437,0.0030330939036813127,0,0.011402657279014169,-25.996260993207809,3.4768854462186027e-12
0.234375,0.046875,-0.014115846733562469,0.002979241005246735,0,0.014426815517388784,-24.907285231993978,2.554789713116179e-12
0.265625,0.046875,-0.017175318098342721,0.0028487296996907679,0,0.017409963029287549,-23.176398846614216,2.678496313635037e-12
0.296875,0.046875,-0.020103161431269185,0.0026814311799181088,0,0.020281202447199869,-20.921314697078628,2.0801277367255011e-12
0.328125,0.046875,-0.022859029806916811,0.0024983895945508293,0,0.022995155887266149,-18.220061955781073,1.7465195956134494e-12
0.359375,0.046875,-0.025416426110041267,0.0023065519981031552,0,0.02552087181753674,-15.116499213821825,1.526279103103434e-12
0.390625,0.046875,-0.027752731856885322,0.0021033069993353993,0,0.0278323198072606,-11.628991765872662,7.8387296653659178e-13
0.421875,0.046875,-0.029842242027418295,0.0018800820693655419,0,0.029901406619263927,-7.7594029619227998,8.8523632868486857e-13
0.453125,0.046875,-0.031651766106060089,0.0016249491250853593,0,0.031693449753724345,-3.5014016698704027,-1.4962336924995157e-13
0.484375,0.046875,-0.033138291589997468,0.0013244895138047618,0,0.033164749991155908,1.1519549322749789,1.8458845563174009e-13
0.515625,0.046875,-0.034248347152774326,0.00096525692897502261,0,0.034261946874570327,6.2009989583976921,-1.023948287270926e-12
0.546875,0.046875,-0.03491891515446717,0.00053517083811027558,0,0.034923015954966441,11.632123724761286,-5.4380284997268546e-13
0.578125,0.046875,-0.0350799614479788,2.5138534988818405e-05,0,0.03507997045519879,17.409942304326858,-1.8056949165068392e-12
0.609375,0.046875,-0.034658844107216619,-0.00056883418231346201,0,0.034663511754802229,23.468685603530972,-1.2871856358565026e-12
0.640625,0.046875,-0.033587011890718277,-0.0012428284470978935,0,0.033609998367988156,29.702860717447784,-2.4493740369280204e-12
0.671875,0.046875,-0.031809478384513243,-0.001981356559941885,0,0.031871126257357774,35.957622283628176,-2.0405899192610377e-12
0.703125,0.046875,-0.029297500471985781,-0.0027528923306841422,0,0.029426551787294867,42.020010730087641,-2.9239388688040435e-12
0.734375,0.046875,-0.026064591731987927,-0.0035049543088823448,0,0.026299194794946981,47.613330974627019,-2.7733093599380254e-12
0.765625,0.046875,-0.022185282686238549,-0.0041597497517358428,0,0.022571891499504032,52.398648831619006,-3.2474578581798141e-12
0.796875,0.046875,-0.017814639716363823,-0.0046124746204778922,0,0.018402073533936331,55.989755460998431,-3.4131586446051188e-12
0.828125,0.046875,-0.013204168197557813,-0.0047359814240184855,0,0.014027814435543596,57.990768076608965,-3.4848790519959039e-12
0.859375,0.046875,-0.0087061438144842331,-0.0043975406173513282,0,0.0097537328033802922,58.067909429906358,-3.8706260419019145e-12
0.890625,0.046875,-0.0047537704433137581,-0.0034955080105073355,0,0.0059005855369822779,56.067476732371659,-3.7030933874859784e-12
0.921875,0.046875,-0.001799204961492045,-0.0020271288825211122,0,0.0027104224762587999,52.192207454653293,-4.0885766994236405e-12
0.953125,0.046875,-0.00018271943580611263,-0.00021827328992743032,0,0.00028465702400792462,47.274246248947222,-3.9190491130103311e-12
0.984375,0.046875,0.00013044106594841857,0.001106933408254398,0,0.0011145925004213233,43.298226574874484,-4.0790391897527201e-12
0.015625,0.078125,-0.00014283241736995461,-0.00090294146451037633,0,0.00091416868672247146,-11.242116419369784,3.9213372132751445e-12
0.046875,0.078125,-0.00092433129403589071,0.00078479389471946778,0,0.0012125550702227984,-14.555894293435388,4.2787301479663142e-12
0.078125,0.078125,-0.0027301740766363224,0.0029605288644080118,0,0.0040272300214576747,-18.012713948834882,3.4236918855512499e-12
0.109375,0.078125,-0.0054964950124956544,0.0047329042797028429,0,0.0072534019841188381,-20.667183376630227,4.3256787041201505e-12
0.140625,0.078125,-0.008990051042674245,0.0059025633113778744,0,0.010754593037149868,-22.236533991206528,2.9417579483492773e-12
0.171875,0.078125,-0.01294383714091539,0.0065206351902817429,0,0.014493502103193738,-22.7528301860612,3.9704906029669473e-12
0.203125,0.078125,-0.017122434956926003,0.0067199336030110014,0,0.018393892640847884,-22.376006367050739,2.5402180359179738e-12
0.234375,0.078125,-0.021344019952809622,0.006637975394816374,0,0.022352402669246159,-21.288998781875286,3.2474578581798141e-12
0.265625,0.078125,-0.025479253371206705,0.0063847000934650518,0,0.026267027765577908,-19.647942371891869,2.1806723093931168e-12
0.296875,0.078125,-0.029440033428920015,0.0060340841769278061,0,0.030052050514901285,-17.565707826650527,2.2900292773186948e-12
0.328125,0.078125,-0.033165695222016872,0.0056272667664089317,0,0.033639700813473998,-15.112857823616212,1.7759960169172473e-12
0.359375,0.078125,-0.036610449655276794,0.0051798255627278711,0,0.03697506750260026,-12.325814964839573,1.2509437929963951e-12
0.390625,0.078125,-0.039733497328953551,0.0046893868553069401,0,0.040009263415722675,-9.2167051546722245,1.2677914273950819e-12
0.421875,0.078125,-0.042492018896729128,0.0041420339517520806,0,0.042693420045452582,-5.78247942845403,2.3275825711266407e-13
0.453125,0.078125,-0.044836741010698726,0.0035172434353356579,0,0.044974485498378798,-2.01269988242389,6.6020799938115715e-13
0.484375,0.078125,-0.046709684836347673,0.0027916645131403559,0,0.046793034185280774,2.103771990782132,-7.2244987769920499e-13
0.515625,0.078125,-0.048043806679186715,0.001942259335230814,0,0.04808305035615313,6.5726303518158913,-7.6119666125862295e-15
0.546875,0.078125,-0.048764413504845269,0.00094934325915643921,0,0.048773653513913037,11.387923343325168,-1.5887430260264068e-12
0.578125,0.078125,-0.048792416774539493,-0.00019998432292417861,0,0.048792826608322036,16.525273570669146,-7.1417524671879562e-13
0.609375,0.078125,-0.048049644872543588,-0.0015076005672542056,0,0.048073290212423986,21.934148596093305,-2.3146345951019498e-12
0.640625,0.078125,-0.046466546190083231,-0.0029589929612333365,0,0.046560665310750954,27.529037623758359,-1.467784227493496e-12
0.671875,0.078125,-0.043992652427932308,-0.004516619314299886,0,0.044223899846973752,33.179759368830233,-2.8414909314378178e-12
0.703125,0.078125,-0.04061008034047639,-0.0061121795764668471,0,0.041067473314472677,38.701748012934232,-2.2633006580008441e-12
0.734375,0.078125,-0.036350030066287987,-0.0076386260774596575,0,0.037143953669087078,43.848206058240571,-3.1599167726881205e-12
0.765625,0.078125,-0.031311522203467244,-0.0089438948919195235,0,0.032563855400365702,48.307681957561563,-3.0349889268421748e-12
0.796875,0.078125,-0.025680256923911834,-0.009830237729928035,0,0.027497439326326777,51.713098027449426,-3.340661081097096e-12
0.828125,0.078125,-0.019743181180494694,-0.010065765577008671,0,0.022161065853815165,53.671435206496049,-3.660710623520913e-12
0.859375,0.078125,-0.013890915870031426,-0.0094180461581247696,0,0.016782643925939072,53.826381489936836,-3.4973690610229369e-12
0.890625,0.078125,-0.0085958592983742515,-0.0077224324127974295,0,0.011555291404705959,51.967247158973592,-4.0256964428664332e-12
0.921875,0.078125,-0.0043496272977098169,-0.0050010019629597178,0,0.0066279165853614479,48.193666736747481,-3.7058967006231569e-12
0.953125,0.078125,-0.0015412915608743315,-0.0016692214722572635,0,0.0022719771123554788,43.134558863971513,-4.0957792712958963e-12
0.984375,0.078125,-0.00026697247318633991,0.00097040200089112201,0,0.0010064563302859813,38.278784127566787,-3.94366136968749e-12
0.015625,0.109375,-0.00037407077307497611,-0.00038603827394079952,0,0.00053754487460685736,-7.674752032149855,4.0560124703326039e-12
0.046875,0.109375,-0.0017542248127661855,0.0024295436207535572,0,0.0029966626268014998,-11.845293197296714,3.5212249782645699e-12
0.078125,0.109375,-0.0043374624103457715,0.0057048595187975115,0,0.007166519538128472,-15.594369208906329,4.3649389658284576e-12
0.109375,0.109375,-0.0079354507254632244,0.0083528828765257156,0,0.011521372772600118,-18.316686194688607,2.9632685194513897e-12
0.140625,0.109375,-0.01227071080704157,0.010111400826538663,0,0.015900024225924108,-19.878442306721539,4.2796877153250534e-12
0.171875,0.109375,-0.017055726164279531,0.011050599130814198,0,0.020322734465146191,-20.377581327902067,2.5128787939365793e-12
0.203125,0.109375,-0.02204318487972208,0.01135602619413139,0,0.02479639753196836,-20.008615039974366,3.7561620480630609e-12
0.234375,0.109375,-0.027042350081674896,0.011222633001715514,0,0.029278596097338006,-18.971835372603977,2.1743717937283691e-12
0.265625,0.109375,-0.031915477809558876,0.010808403633010943,0,0.033695983631681227,-17.430276369950345,2.8910207561239076e-12
0.296875,0.109375,-0.036565630512142011,0.010221313397822366,0,0.037967362067004261,-15.497692618886877,1.8549606295437115e-12
0.328125,0.109375,-0.040922758752050543,0.0095228275786412662,0,0.042016144860887221,-13.242409626244893,1.8554047187535616e-12
0.359375,0.109375,-0.044931405073575695,0.0087376655053796118,0,0.045773113946613292,-10.697169837296991,1.4535039838392549e-12
0.390625,0.109375,-0.048541208473491776,0.0078643979863225483,0,0.04917415658406623,-7.8697854293547067,7.9661277574416545e-13
0.421875,0.109375,-0.05170028526827522,0.0068846211833460142,0,0.052156663099351103,-4.7525130312147708,9.3569596515408193e-13
0.453125,0.109375,-0.05435114222636718,0.0057702352758284845,0,0.054656584932185517,-1.3297681013176819,-2.1549428907974288e-13
0.484375,0.109375,-0.056428725429274483,0.0044891997012046856,0,0.056607013412913292,2.4154265833797868,3.3596736503938018e-13
0.515625,0.109375,-0.057860321234221093,0.0030104417949278666,0,0.057938584148457623,6.4956000483529337,-1.1592254933745494e-12
0.546875,0.109375,-0.058567192872853571,0.0013086392637025887,0,0.058581811321676752,10.912923808103015,-3.0579011545128765e-13
0.578125,0.109375,-0.058468004179679477,-0.00063046575102211838,0,0.058471403265341844,15.652646915511003,-1.9943734164140636e-12
0.609375,0.109375,-0.057484226701049003,-0.0028036685198766604,0,0.057552557515604313,20.675433420919951,-9.9363572925170729e-13
0.640625,0.109375,-0.055547832875460258,-0.0051824175167759388,0,0.055789059756176651,25.908372981880607,-2.6451063561694355e-12
0.671875,0.109375,-0.052611623611064404,-0.0077032977854400927,0,0.053172584437503841,31.234775817267938,-1.7513768213461844e-12
0.703125,0.109375,-0.04866247704906608,-0.010257219754935751,0,0.049731752730543567,36.48344301130156,-3.0559443864319746e-12
0.734375,0.109375,-0.043737545527092705,-0.012678567695324921,0,0.045538104566828906,41.419094718165823,-2.5535684677890913e-12
0.765625,0.109375,-0.037942807770150841,-0.014737198894004468,0,0.040704320320133901,45.737275842086099,-3.2578939546112906e-12
0.796875,0.109375,-0.031472147181077548,-0.016138859596673737,0,0.035368896466649272,49.069584663420628,-3.2905900226865015e-12
0.828125,0.109375,-0.024622938933299372,-0.016543427701671748,0,0.029664357768767389,51.008529774737653,-3.3696379020398126e-12
0.859375,0.109375,-0.017800712421725734,-0.015614875855722694,0,0.023678887446639305,51.164992695690863,-3.8143377345534191e-12
0.890625,0.109375,-0.011501035288259732,-0.013120336420554778,0,0.017447551131615342,49.27243243744708,-3.5171310308612647e-12
0.921875,0.109375,-0.0062530918405480033,-0.009097273403817276,0,0.011039091491156741,45.34323375945975,-4.0309422466577871e-12
0.953125,0.109375,-0.0025126386215786048,-0.0041217389874479392,0,0.004827223334723265,39.837776160741669,-3.7417569043185495e-12
0.984375,0.109375,-0.00053373386050602071,0.00016969566707520742,0,0.0005600611156603893,33.871071986812218,-3.963787631455773e-12
0.015625,0.140625,-0.00053242972726441217,0.00052046222651938774,0,0.00074455513140960546,-4.7439759206561218,3.6751227061593283e-12
0.046875,0.140625,-0.0023612868297268686,0.0047320542626877078,0,0.0052884792745422071,-9.7723137983615018,4.1506520442879946e-12
0.078125,0.140625,-0.0055701601784991913,0.0091944598234516214,0,0.010750105853395312,-13.888511041925685,3.0897090441683872e-12
0.109375,0.140625,-0.0098471346818575778,0.012738245390577737,0,0.016100588718218265,-16.740833712892847,4.3207937228117999e-12
0.140625,0.140625,-0.014861285132020056,0.015075448844448249,0,0.021169009273860135,-18.339587901763078,2.5663915437235119e-12
0.171875,0.140625,-0.020300245641811168,0.016310526980143479,0,0.026040991983560489,-18.851916729962337,4.0680236956802673e-12
0.203125,0.140625,-0.025905091955738754,0.016688403374367677,0,0.030815200736339317,-18.508074046832174,2.1708745912007998e-12
0.234375,0.140625,-0.031479537725248141,0.01646386679312134,0,0.035524923718101974,-17.525262266995615,3.412992111151425e-12
0.265625,0.140625,-0.036882532041478677,0.015843291885881017,0,0.040141388460937975,-16.072535885020518,1.8499091147816671e-12
0.296875,0.140625,-0.042014187610754039,0.014968233416952796,0,0.04460089654049592,-14.263898549257041,2.4923951791322452e-12
0.328125,0.140625,-0.046801161174409099,0.013920009363194721,0,0.048827403657622899,-12.165241194579053,1.4959700145311672e-12
0.359375,0.140625,-0.05118430560532776,0.012732274473368044,0,0.052744136674750551,-9.8057952034541511,1.4718781748968013e-12
0.390625,0.140625,-0.055109412698216773,0.011404699511213593,0,0.05627712269549192,-7.1894540577331441,1.0382805726294464e-12
0.421875,0.140625,-0.058520911917757323,0.0099148956728293755,0,0.059354884279973139,-4.3043045830382765,4.5591308506232053e-13
0.453125,0.140625,-0.061358074162528281,0.0082279799892340869,0,0.061907292943865322,-1.1302594082317023,4.9052428785500979e-13
0.484375,0.140625,-0.063553276648975282,0.0063042406771547446,0,0.063865189448843562,2.3546629027511732,-5.2438609010607706e-13
0.515625,0.140625,-0.065032025562324541,0.0041057455372511438,0,0.065161503168323934,6.1686754930234056,-9.3369756370975665e-14
0.546875,0.140625,-0.065714609728380016,0.0016027913260202998,0,0.0657341530088284,10.32046413848534,-1.4482234855783815e-12
0.578125,0.140625,-0.065519428645291672,-0.001218987589671697,0,0.065530767283385596,14.802717748198591,-6.9526676083064842e-13
0.609375,0.140625,-0.064368185972385666,-0.0043501668328562084,0,0.064515016212113821,19.584473416216863,-2.2452317782750697e-12
0.640625,0.140625,-0.062193256893930363,-0.0077472421079534479,0,0.062673925705620706,24.601989640729563,-1.3487266858902558e-12
0.671875,0.140625,-0.05894760953653197,-0.01132032981619073,0,0.060024749372394479,29.748156013307163,-2.8245183969488608e-12
0.703125,0.140625,-0.054617648997475246,-0.01491929482539184,0,0.056618662471824364,34.86095429941895,-2.0755619445367302e-12
0.734375,0.140625,-0.049239175143883721,-0.018319898000603088,0,0.052536796929414695,39.712378929515047,-3.1535885014477572e-12
0.765625,0.140625,-0.042916143624636138,-0.021213637865099829,0,0.047872892278219357,44.000769282314856,-2.8170799026838722e-12
0.796875,0.140625,-0.035840821987465778,-0.02320840285202002,0,0.04269888152725855,47.352042156712372,-3.3054670112164786e-12
0.828125,0.140625,-0.02831184438557648,-0.023852070296202378,0,0.037020018772659723,49.339082698858306,-3.4384717295665723e-12
0.859375,0.140625,-0.020743191221139823,-0.022697112937421673,0,0.030747990466546696,49.533038299086257,-3.4134917115125063e-12
0.890625,0.140625,-0.013652378142404126,-0.01942858955128493,0,0.023745684258312961,47.602259491221311,-3.8110070654795436e-12
0.921875,0.140625,-0.0076123597575161487,-0.014076982105920136,0,0.016003419831031335,43.462907978742479,-3.5724756486388287e-12
0.953125,0.140625,-0.0031580814897643958,-0.0073367617723043791,0,0.0079875873703853413,37.419873650294214,-3.8963138271341791e-12
0.984375,0.140625,-0.00069411480279693203,-0.0010581529963485956,0,0.0012654971841704486,30.363193619268934,-3.7706227029588035e-12
0.015625,0.171875,-0.00063708365892233584,0.0016899756128226605,0,0.0018060711947210713,-2.5312518462463269,3.7824604559588693e-12
0.046875,0.171875,-0.0027956516860445256,0.0075499660062015748,0,0.0080509412520824511,-8.3478417030821674,3.2713415309970628e-12
0.078125,0.171875,-0.0065019569516691321,0.013291726694563091,0,0.014796805152610466,-12.851096866486456,4.1063541456054509e-12
0.109375,0.171875,-0.011332597551437031,0.017748593622815157,0,0.021058023241763969,-15.848811065497168,2.7298163729483349e-12
0.140625,0.171875,-0.016899170901852875,0.020645824413003541,0,0.02668018071270515,-17.485040179263905,4.1038283882244286e-12
0.171875,0.171875,-0.022861627462772455,0.022141568482501987,0,0.031826138080387902,-18.001280025237211,2.2603030558343562e-12
0.203125,0.171875,-0.028949316963360221,0.022549897686715475,0,0.036695515234513768,-17.667316204128056,3.7220226900558373e-12
0.234375,0.171875,-0.034962210232112031,0.022189711519209371,0,0.041409412476152478,-16.718405251540965,1.8708368187958513e-12
0.265625,0.171875,-0.040758825398914289,0.021317056642984462,0,0.045996725446703142,-15.329231591263779,3.0218050284247511e-12
0.296875,0.171875,-0.046239697983500028,0.020106996813848831,0,0.050422227147136442,-13.61316758178787,1.4918066781888228e-12
0.328125,0.171875,-0.051331724592506733,0.018660246139079469,0,0.054618227137211171,-11.632893082007927,2.1370683001009638e-12
0.359375,0.171875,-0.055975572428647251,0.017019029964638596,0,0.05850565861224024,-9.4136935301839806,1.0465517341629038e-12
0.390625,0.171875,-0.060116541998130657,0.015184020682389611,0,0.062004460370978495,-6.9554919634843095,1.1887157924661551e-12
0.421875,0.171875,-0.063698493313149626,0.013129025036262948,0,0.065037445742957861,-4.2424974112049485,5.2235993308613615e-13
0.453125,0.171875,-0.066660253308098938,0.010812772865547333,0,0.067531514333249124,-1.2506961483035686,2.3042678876095124e-13
0.484375,0.171875,-0.068934000805450923,0.0081883977846430762,0,0.069418630966949044,2.0460933393400529,-3.0947466811426239e-14
0.515625,0.171875,-0.070445301008046163,0.0052116375456858401,0,0.070637819898563062,5.670790324956835,-7.2494787950461159e-13
0.546875,0.171875,-0.071114652887045562,0.0018488353625961726,0,0.071138681794386413,9.6375031277375012,-5.6941951154243498e-13
0.578125,0.171875,-0.07086058969012185,-0.0019142759063274974,0,0.070886441746481746,13.94523253409662,-1.6317225348672082e-12
0.609375,0.171875,-0.069604528202709376,-0.0060621826766076893,0,0.069868021333986022,18.570325634314127,-1.1097789354153065e-12
0.640625,0.171875,-0.06727769574061751,-0.010536987804860017,0,0.068097844724828646,23.457331695373167,-2.3924195957647498e-12
0.671875,0.171875,-0.063830568128943985,-0.015223359088485228,0,0.065620820549584152,28.508141066691742,-1.700473095667121e-12
0.703125,0.171875,-0.059245299305843588,-0.019931494915403254,0,0.062508159302620131,33.569691235243454,-2.9224400677207996e-12
0.734375,0.171875,-0.053551542338343236,-0.024379928731847529,0,0.05884002559300372,38.42127644108723,-2.3427926265640053e-12
0.765625,0.171875,-0.046845700139062973,-0.028182480852563467,0,0.054669661134162079,42.763899739641744,-3.2217561951597418e-12
0.796875,0.171875,-0.039312714823475384,-0.030847866817506508,0,0.049970795810978644,46.21662160922557,-2.9551916469472417e-12
0.828125,0.171875,-0.031247540753376525,-0.031806758002908393,0,0.044587875681506788,48.329001995113408,-3.3790747977491264e-12
0.859375,0.171875,-0.023069880446402673,-0.030488738702339473,0,0.038233265247305852,48.62437657720335,-3.4202640719627198e-12
0.890625,0.171875,-0.015320485819884277,-0.0264771714918422,0,0.030590160116705772,46.692610072778876,-3.4975355944766306e-12
0.921875,0.171875,-0.0086226685232221288,-0.019766235847140289,0,0.021565122119434878,42.339502434592575,-3.6656233604048793e-12
0.953125,0.171875,-0.0035993140781382283,-0.011125140744150414,0,0.011692896065998349,35.728204256161682,-3.619576860458551e-12
0.984375,0.171875,-0.00079039349529008056,-0.0025426612945524227,0,0.0026626769117209606,27.661315492740439,-3.7055081225645381e-12
0.015625,0.203125,-0.00070766561188254236,0.0030347248837397701,0,0.0031161427660218737,-1.0048735588686113,3.400349446458506e-12
0.046875,0.203125,-0.0031147856647531121,0.010770904815499034,0,0.011212237969374882,-7.528498597916923,3.741715270955126e-12
0.078125,0.203125,-0.007224962509946726,0.017887269996303662,0,0.019291306622175725,-12.414523160272786,2.9484192864970282e-12
0.109375,0.203125,-0.01251692868158925,0.023275657092698555,0,0.026427820884758549,-15.553124367010067,3.8822833836604786e-12
0.140625,0.203125,-0.018543556903190088,0.026711962515342781,0,0.032517571312183302,-17.210072089845372,2.4653612484826226e-12
0.171875,0.203125,-0.024935609326588781,0.028429939364677567,0,0.037815949872606724,-17.706043992650464,3.7491121318566911e-12
0.203125,0.203125,-0.031411025839456652,0.028824632818178784,0,0.042632288249516266,-17.354698906232084,1.996736109788344e-12
0.234375,0.203125,-0.037767634784693901,0.028284478601905638,0,0.047184806527225252,-16.411075849926487,3.3237856911227937e-12
0.265625,0.203125,-0.04386572111050327,0.027116991053052243,0,0.051570657280238033,-15.055543631495384,1.538991156735392e-12
0.296875,0.203125,-0.049608614483192856,0.025530828361192533,0,0.055792811613600592,-13.400257106444329,2.6616486792363503e-12
0.328125,0.203125,-0.054925789650741047,0.023645616368405432,0,0.059799310549531047,-11.504065189711151,1.0547118733938987e-12
0.359375,0.203125,-0.059759941669999692,0.021511659590807038,0,0.063513794775249627,-9.3879117933784304,1.8571810755929619e-12
0.390625,0.203125,-0.064057920735861446,0.019130339691638437,0,0.066853474896368587,-7.0476404591208812,5.2258197769106118e-13
0.421875,0.203125,-0.06776484565842178,0.016471582264643646,0,0.069737990574798236,-4.4637330021744637,9.8065999765140077e-13
0.453125,0.203125,-0.070820667766509901,0.013487797740230758,0,0.072093603535790529,-1.6085982349146248,-2.5424107263916085e-14
0.484375,0.203125,-0.073158617992178973,0.010125070632984326,0,0.07385594384914794,1.5476721961351076,5.7509552675583109e-14
0.515625,0.203125,-0.074705185245805245,0.0063328321535467882,0,0.074973124956180623,5.0321875044870872,-5.3806958888458212e-13
0.546875,0.203125,-0.075381482163835264,0.0020732895517221678,0,0.075409988614121237,8.8640094624762042,-8.8606899595333743e-13
0.578125,0.203125,-0.075106038730438002,-0.0026682367258383773,0,0.075153420022000095,13.048129065927814,-1.0038775366538744e-12
0.609375,0.203125,-0.073799228084525631,-0.0078710939905079144,0,0.074217788881637034,17.568137426930093,-1.7743584379559252e-12
0.640625,0.203125,-0.071389679656755411,-0.013464457380927221,0,0.072648317076563884,22.377169675059292,-1.4654943925052066e-12
0.671875,0.203125,-0.067823174882694584,-0.019309521898278337,0,0.070518371273794067,27.386849720825882,-2.5029978090174154e-12
0.703125,0.203125,-0.063074634353798315,-0.025179141457748792,0,0.067914642481681955,32.454238473807436,-1.961208973000339e-12
0.734375,0.203125,-0.057163835593767857,-0.030736837917192821,0,0.064903446017442745,37.36736067134359,-3.0146996010671501e-12
0.765625,0.203125,-0.050175306131447633,-0.035519943328991291,0,0.061475423703129035,41.831092305188044,-2.4686919175564981e-12
0.796875,0.203125,-0.04228211754731151,-0.038936578240989464,0,0.057478992592088482,45.457633288856897,-3.326006137172044e-12
0.828125,0.203125,-0.033771515752114609,-0.040293822444917769,0,0.052574779157100453,47.770330670506389,-2.9202196216715492e-12
0.859375,0.203125,-0.025066673519900783,-0.038884176799724279,0,0.046263563705636758,48.236751397897422,-3.4969804829643181e-12
0.890625,0.203125,-0.016732834341424002,-0.034164967199666205,0,0.038042512125933611,46.353957720947022,-3.2580049769137531e-12
0.921875,0.203125,-0.0094496830603033738,-0.026059408717317711,0,0.027719835725278006,41.801544776995314,-3.5728642266974475e-12
0.953125,0.203125,-0.0039356033515239889,-0.015369402028060124,0,0.015865292069188817,34.611032715877144,-3.4682812177777578e-12
0.984375,0.203125,-0.00085493457764154626,-0.004187989367597675,0,0.0042743617155264601,25.598732949901979,-3.5665359554570841e-12
0.015625,0.234375,-0.00075940358500680696,0.0045017940807349369,0,0.0045653963409830372,-0.10045924473856747,3.3719554926037176e-12
0.046875,0.234375,-0.0033664849122626637,0.01431803699884316,0,0.014708480688525712,-7.2653763593070142,3.1094293806432916e-12
0.078125,0.234375,-0.007820142945300132,0.022903972691398652,0,0.024202202394271118,-12.519466911659384,3.5145775179046268e-12
0.109375,0.234375,-0.013511744116877313,0.029242521741027483,0,0.032213231859818621,-15.783330241524212,2.7245428135813654e-12
0.140625,0.234375,-0.019935267894806194,0.033195249866740349,0,0.038721305759917446,-17.435528163134492,3.5218494787159216e-12
0.171875,0.234375,-0.026691729759468034,0.035095166301527633,0,0.044092166370959279,-17.880792227799322,2.2380985953418531e-12
0.203125,0.234375,-0.033488505555016604,0.035431598189922212,0,0.048753237375588475,-17.480861388993358,3.3471003746399219e-12
0.234375,0.234375,-0.040123023061428169,0.034668639681972951,0,0.053026140317643015,-16.512162994821416,1.6955326032075391e-12
0.265625,0.234375,-0.046459353173419871,0.033167246410934617,0,0.057083603002755653,-15.160764306803848,2.9538593793176915e-12
0.296875,0.234375,-0.052405579261024973,0.031169692463734369,0,0.060974539489588191,-13.537054793387865,1.1340928196545974e-12
0.328125,0.234375,-0.057895530912126784,0.028813879084626209,0,0.064669406426072037,-11.695500238049174,2.3567814366742823e-12
0.359375,0.234375,-0.062875501022570793,0.026157519004380111,0,0.068099518568810802,-9.6523539722606806,5.6854521091054266e-13
0.390625,0.234375,-0.067295256987369517,0.02320221530879708,0,0.071182823828729105,-7.3992635509168787,1.6113776979409522e-12
0.421875,0.234375,-0.071102341775459571,0.0199137163581843,0,0.073838330866484794,-4.913057028621334,1.4654943925052066e-14
0.453125,0.234375,-0.074238780613338717,0.016237924592684493,0,0.075993859896922894,-2.1627627901936273,7.6555428663027669e-13
0.484375,0.234375,-0.076639561748713003,0.012113675141578698,0,0.077591001736480342,0.88500728758624836,-4.9366066789957586e-13
0.515625,0.234375,-0.078232517803860896,0.0074837509537090622,0,0.078589651801420732,4.2613332192206759,-1.4691026173352384e-13
0.546875,0.234375,-0.078939459030276521,0.0023056088959663981,0,0.078973122164277293,7.9901230535912351,-9.3391960831468168e-13
0.578125,0.234375,-0.078678601131590392,-0.0034368574022268644,0,0.078753630169200062,12.082454403192925,-1.0715456300047776e-12
0.609375,0.234375,-0.077368501929243799,-0.0097193831624592369,0,0.07797660867102453,16.529560209899348,-1.3243850460753492e-12
0.640625,0.234375,-0.074933889594952618,-0.016460328971138669,0,0.07672046819243647,21.293957186555328,-1.9234058790118524e-12
0.671875,0.234375,-0.071313943093178192,-0.023500101584020792,0,0.075086172188734951,26.298272434354132,-1.7014167852380524e-12
0.703125,0.234375,-0.066473771413508104,-0.030577273980710057,0,0.073169200966162917,31.411447894850212,-2.6263435870532703e-12
0.734375,0.234375,-0.060419994004544619,-0.0373032815633767,0,0.071007819927848562,36.432354741147634,-2.0734525207899424e-12
0.765625,0.234375,-0.053221326476439179,-0.043140696673400286,0,0.068510067153507131,41.071794439312342,-3.1450397841581434e-12
0.796875,0.234375,-0.045034618541479679,-0.047395721415853652,0,0.065379440772354372,44.936146082813529,-2.4236168627567167e-12
0.828125,0.234375,-0.036135246436678675,-0.049244653170241223,0,0.061080208749617476,47.520816696170861,-3.4736657994471898e-12
0.859375,0.234375,-0.026947076599377097,-0.047826358144113637,0,0.054895404822095276,48.230536177052606,-2.7434721161512243e-12
0.890625,0.234375,-0.018060298126736936,-0.042443403506598538,0,0.046126097489930351,46.455040354203668,-3.6052272278652708e-12
0.921875,0.234375,-0.01021631663841089,-0.032908105180042738,0,0.034457459456509951,41.729313226847999,-3.0478675139278266e-12
0.953125,0.234375,-0.004237168591602003,-0.020013933321136376,0,0.020457544443470029,33.953506567975303,-3.5432212719399558e-12
0.984375,0.234375,-0.00090918574743810117,-0.005952109692785118,0,0.0060211484384867257,24.018304244379067,-3.3323691028819269e-12
0.015625,0.265625,-0.00080317965581601499,0.0060643773216589574,0,0.0061173335579293208,0.24665754253147151,3.1047664439398659e-12
0.046875,0.265625,-0.003587088881820303,0.018146444311378275,0,0.018497584917821889,-7.5198473191296058,3.1490920981980253e-12
0.078125,0.265625,-0.0083520370287563112,0.028294171559035394,0,0.029501129923137588,-13.123912017467321,2.9231339571111903e-12
0.109375,0.265625,-0.014407519167700918,0.035599406184104967,0,0.038404352998437044,-16.489387113710709,3.1540325906576072e-12
0.140625,0.265625,-0.021188431173729459,0.040042801207806691,0,0.045303151592044844,-18.105111977153769,2.5295321393059567e-12
0.171875,0.265625,-0.02826616772629114,0.042081813377863223,0,0.050693739801874263,-18.465647053966414,3.1289415503010787e-12
0.203125,0.265625,-0.035338944100784239,0.042314503283795012,0,0.055130374189847939,-17.984713376830655,1.9562129693895258e-12
0.234375,0.265625,-0.042205808670529879,0.041287116664413384,0,0.059041987500373469,-16.961236400344859,2.9869440254515212e-12
0.265625,0.265625,-0.048736660794982095,0.039415951665077914,0,0.062680773376761256,-15.586631185507898,1.311839525897085e-12
0.296875,0.265625,-0.054846137763609276,0.036976690265948922,0,0.066146613296590842,-13.968785592480403,2.6354474158551966e-12
0.328125,0.265625,-0.060473930666916864,0.034124625836927582,0,0.069437643816717839,-12.157159491191763,6.9189098894639756e-13
0.359375,0.265625,-0.065571174396805515,0.030923986092500085,0,0.072497391867745301,-10.16294414166447,2.0587975768648903e-12
0.390625,0.265625,-0.070091578026337059,0.027375907815075685,0,0.075248054054052577,-7.9734517968123058,1.3322676295501878e-13
0.421875,0.265625,-0.073985941443905856,0.023441472057612531,0,0.077610708949016144,-5.5618813875516118,1.3103962359650723e-12
0.453125,0.265625,-0.077199012443925297,0.019059678731181889,0,0.079517035128664093,-2.8939936561556139,-3.6004532688593827e-13
0.484375,0.265625,-0.079667990476498751,0.014161680171034844,0,0.080916882613149263,0.066951729848420183,4.5952130989235229e-13
0.515625,0.265625,-0.08132228528740619,0.0086829967902930412,0,0.081784524927559013,3.3559357959241143,-7.918665723138929e-13
0.546875,0.265625,-0.082084379380453487,0.0025753983788093723,0,0.082124771019977838,7.0017770373737189,-4.2983672177143717e-13
0.578125,0.265625,-0.081871840017154238,-0.0041800441471115859,0,0.081978478620100659,11.021921671742509,-1.1714101910698105e-12
0.609375,0.265625,-0.080600704440954879,-0.011557431196196483,0,0.081425105294577166,15.415837846623612,-1.297628671181883e-12
0.640625,0.265625,-0.078190647192440677,-0.019466950520301403,0,0.080577537012076719,20.156429866311456,-1.5087930904655877e-12
0.671875,0.265625,-0.074572554716847372,-0.027731519012338675,0,0.079561944821182548,25.178844564612962,-2.0909940445790198e-12
0.703125,0.265625,-0.069699395015835885,-0.036059187933202147,0,0.078474650046849642,30.365995449042469,-1.7983392552878286e-12
0.734375,0.265625,-0.063561564136958321,-0.044012975898870557,0,0.077312447141525839,35.530220133554785,-2.7748914277481163e-12
0.765625,0.265625,-0.056208118967963655,-0.050983115035163187,0,0.075885641966088935,40.391088052006559,-2.0337065365083618e-12
0.796875,0.265625,-0.047775170417400994,-0.056172959539783351,0,0.073741903229234892,44.551369306813342,-3.3060221227287911e-12
0.828125,0.265625,-0.038521510460426761,-0.058620447108265708,0,0.070144590577789712,47.478298420982448,-2.2490898032856421e-12
0.859375,0.265625,-0.028867929389639245,-0.057292315114366887,0,0.06415424162445621,48.50802935294243,-3.6064484731923585e-12
0.890625,0.265625,-0.019428786206607606,-0.051303368192212095,0,0.054859031356083436,46.908322117155777,-2.5245916468463747e-12
0.921875,0.265625,-0.011011826583636039,-0.040309081605926528,0,0.041786150631774134,42.047031148522414,-3.6050884499871927e-12
0.953125,0.265625,-0.004552579696682062,-0.025051351829220199,0,0.02546166157904892,33.678989640084247,-2.9075908347664381e-12
0.984375,0.265625,-0.00096697914271241727,-0.0078282745830396475,0,0.0078877710165740373,22.794150736505173,-3.3243061081655867e-12
0.015625,0.296875,-0.00084662913086661789,0.0077141861084353567,0,0.0077605056665663863,0.087999212521444381,2.8962804377030693e-12
0.046875,0.296875,-0.0038036132280311503,0.022237528847959792,0,0.02256047789503355,-8.2686416228279445,2.9520830224782912e-12
0.078125,0.296875,-0.0088706177972372041,0.034035039738780568,0,0.035172031361936341,-14.204399268323114,2.7921553957810374e-12
0.109375,0.296875,-0.015275263849339367,0.042318666195588273,0,0.044991145731583228,-17.640595418147207,2.7598479057644454e-12
0.140625,0.296875,-0.022392519183074187,0.047221708536262105,0,0.052261981137802602,-19.182107672633148,2.7788882306367668e-12
0.171875,0.296875,-0.029764839566543168,0.049352962985605563,0,0.05763384968818764,-19.420760620307998,2.2559731860383181e-12
0.203125,0.296875,-0.037083292238207388,0.049434582722368545,0,0.06179764180095379,-18.825805340568522,2.8059776724376206e-12
0.234375,0.296875,-0.044150937447416591,0.048101547004940237,0,0.065292144257591722,-17.719045508430376,1.5654144647214707e-12
0.265625,0.296875,-0.050845673890811266,0.045827109892531706,0,0.068450029616596256,-16.296325641432702,2.6962876376046552e-12
0.296875,0.296875,-0.057090455400592079,0.042919790517020717,0,0.071424285196786771,-14.661969203354047,8.8218321536714939e-13
0.328125,0.296875,-0.062832211750745048,0.039551074839418332,0,0.074244018980950482,-12.859651993545931,2.3170354523927017e-12
0.359375,0.296875,-0.068027994539090766,0.035790563608327858,0,0.076868540277621536,-10.89506455122036,3.184119634624949e-13
0.390625,0.296875,-0.072636301995388564,0.031638041385142632,0,0.079227508040157907,-8.7510089213854076,1.673550187319961e-12
0.421875,0.296875,-0.076611859374336178,0.027049259284108694,0,0.081246781010769917,-6.3970456860934632,-1.2945200467129325e-13
0.453125,0.296875,-0.079902647901189172,0.021955751031584633,0,0.082864275444743618,-3.7957367925069705,8.7418960958984826e-13
0.484375,0.296875,-0.082448431459879803,0.016280369461903255,0,0.084040432412087029,-0.90706168504926943,-5.2169379927136106e-13
0.515625,0.296875,-0.084180375636690105,0.0099505464871295687,0,0.08476643803845231,2.3078555370297922,3.5305092183079978e-14
0.546875,0.296875,-0.085021608186393205,0.0029111753246905711,0,0.085071433515438374,5.8828744255376195,-9.0444318701088378e-13
0.578125,0.296875,-0.084888769850363255,-0.004861198792373172,0,0.085027845441401795,9.8421569774024693,-7.7077233484601493e-13
0.609375,0.296875,-0.083694786543463545,-0.013341395434104533,0,0.084751460911804175,14.194064948541591,-1.2756462552943049e-12
0.640625,0.296875,-0.081353293826750911,-0.022434536247707828,0,0.084389968794350109,18.922973306457326,-1.5276668818842154e-12
0.671875,0.296875,-0.077785398202516329,-0.031949921384865049,0,0.084091412463004139,23.978186576083484,-1.5866197244918112e-12
0.703125,0.296875,-0.072929800745920703,-0.041569542718403601,0,0.083945117300870328,29.258910568675137,-2.2499779817053422e-12
0.734375,0.296875,-0.066757750752333783,-0.050812501986268091,0,0.083895814219871662,34.594016315521365,-1.7850165789923267e-12
0.765625,0.296875,-0.059294779670619829,-0.05900000519862298,0,0.083647304257966903,39.715497160372287,-2.9236613130478872e-12
0.796875,0.296875,-0.050651418780804258,-0.065232378816860462,0,0.082588313160003438,44.226049896413954,-1.8915979893563417e-12
0.828125,0.296875,-0.041064374742054516,-0.068401731827082687,0,0.07978145016167619,47.566317471684165,-3.4401370641035101e-12
0.859375,0.296875,-0.030946266291502642,-0.067282719917066441,0,0.074058326991790741,48.999890170883255,-2.0413670753782753e-12
0.890625,0.296875,-0.020933225368630199,-0.060765147495601045,0,0.064269767966719876,47.657887035536909,-3.6304292905242619e-12
0.921875,0.296875,-0.011903035382736538,-0.048294451911592491,0,0.04973968573245912,42.71313496321568,-2.3802071424938731e-12
0.953125,0.296875,-0.0049167635861334762,-0.030511500207303532,0,0.030905116227935653,33.744186515903579,-3.4119096437024155e-12
0.984375,0.296875,-0.0010376183097030563,-0.0098328720355524701,0,0.0098874680390978152,21.83514979874759,-2.9061197892588098e-12
0.015625,0.328125,-0.00089524322453161335,0.0094560584639221332,0,0.0094983420713397743,-0.54347235092204993,2.7706725802545407e-12
0.046875,0.328125,-0.0040364714257422277,0.026593868791022615,0,0.026898456439821229,-9.505461396274951,2.5458524177679465e-12
0.078125,0.328125,-0.0094147999475074386,0.040124032886862698,0,0.041213789842207249,-15.755077210758428,2.8259061757296422e-12
0.109375,0.328125,-0.01617058358679372,0.049390102739063482,0,0.051969895344446564,-19.223356268052267,2.4319435354414054e-12
0.140625,0.328125,-0.023617085007616237,0.05471402874750779,0,0.059593553728906623,-20.646217883608443,2.4974466938942896e-12
0.171875,0.328125,-0.031269056038127178,0.056884934188496661,0,0.064912630536322707,-20.722324854813515,2.507216656510991e-12
0.203125,0.328125,-0.03881312442210319,0.056765132575264651,0,0.068765826568820035,-19.979555164906486,1.836975016544784e-12
0.234375,0.328125,-0.046059203782593303,0.055084721721880898,0,0.071803738205357487,-18.762038488873671,2.5890400934258651e-12
0.265625,0.328125,-0.052895557562955831,0.052375025399472482,0,0.074438453070246977,-17.268416899653488,1.1004530620084552e-12
0.296875,0.328125,-0.059255246312850569,0.048976345269866432,0,0.076875656820542093,-15.597977575214015,2.4216184613123914e-12
0.328125,0.328125,-0.065093758421708864,0.045074788545679804,0,0.079176599749556945,-13.787636080125699,5.1780801868517301e-13
0.359375,0.328125,-0.070375048184737388,0.040743922453519585,0,0.081318599495456917,-11.83705729455413,1.9013679519730431e-12
0.390625,0.328125,-0.075063160317359989,0.035981102128934253,0,0.083241322353999669,-9.7243196407641914,1.3522516439934407e-13
0.421875,0.328125,-0.079117338742727042,0.030735934344675628,0,0.08487785900793933,-7.4153130309320314,1.1294298829511717e-12
0.453125,0.328125,-0.082489258640484162,0.024931784395654639,0,0.086174657900151247,-4.8694490833551018,-1.5665246877460959e-13
0.484375,0.328125,-0.085121582964385767,0.018482443980433243,0,0.0871050206466462,-2.0434790871057964,2.9964919434632975e-13
0.515625,0.328125,-0.086947430674296652,0.011306263855310195,0,0.087679457703771849,1.1053784731124783,-4.8944182040600026e-13
0.546875,0.328125,-0.087890608686972127,0.0033398685188603264,0,0.087954043779065294,4.6161647160803039,-4.4529657738934247e-13
0.578125,0.328125,-0.087866659275452452,-0.0054466797341398004,0,0.088035311849023079,8.5201052033734435,-9.0472074276704006e-13
0.609375,0.328125,-0.086784957741164515,-0.015031599333588613,0,0.08807711319441193,12.835108215358217,-1.0834666497316903e-12
0.640625,0.328125,-0.084552306551197443,-0.02531847625498488,0,0.088261643894740033,17.558105798282423,-1.3254952690999744e-12
0.671875,0.328125,-0.081078759888388807,-0.036107423664727092,0,0.088755345465741389,22.654246945595872,-1.6957546478124641e-12
0.703125,0.328125,-0.076286830675763168,-0.047059567107874546,0,0.089634164194982643,28.041517635491207,-1.616928813064078e-12
0.734375,0.328125,-0.070125828346384297,-0.057655529919888121,0,0.090784315449364217,33.568800284277195,-2.3601121057481578e-12
0.765625,0.328125,-0.062593839084759462,-0.067151937608478957,0,0.091800715770313096,38.985007720638741,-1.7132961716015416e-12
0.796875,0.328125,-0.053770573557359411,-0.074547072824369343,0,0.091915943379640208,43.89777162520965,-3.0233593406592263e-12
0.828125,0.328125,-0.043864205285501938,-0.078580450130338597,0,0.089994197857502387,47.724882640732119,-1.7297274723659939e-12
0.859375,0.328125,-0.033272463241599451,-0.077813852108431752,0,0.084628909895593449,49.655671601690635,-3.468114684324064e-12
0.890625,0.328125,-0.022648792460257285,-0.07087072700862293,0,0.074401799350812495,48.670338026735813,-1.9046986210469186e-12
0.921875,0.328125,-0.012943389389345413,-0.056924465455554005,0,0.058377445098983058,43.712695997780273,-3.4677261062654452e-12
0.953125,0.328125,-0.0053571568004065762,-0.036453991049065756,0,0.036845523369732569,34.135000402299987,-2.3781809854739322e-12
0.984375,0.328125,-0.0011280964627310903,-0.01199858680807912,0,0.01205150144256875,21.083610486872768,-3.0140057116767593e-12
0.015625,0.359375,-0.00095324826756413401,0.011304549956099225,0,0.011344669760268785,-1.635579749382422,2.4352950211969926e-12
0.046875,0.359375,-0.0043018646975085655,0.031235221930163662,0,0.031530067061493028,-11.241765135213972,2.6862678748074131e-12
0.078125,0.359375,-0.010015841294055264,0.046574984866193658,0,0.047639755374202654,-17.786580195885762,2.1884161149898773e-12
0.109375,0.359375,-0.017137769745563084,0.056816862850683512,0,0.059345253020315937,-21.239070664150475,2.5944246750952971e-12
0.140625,0.359375,-0.024916489722850942,0.062512490034150048,0,0.067295192030178849,-22.49099180827324,2.198463633362735e-12
0.171875,0.359375,-0.032840956689569441,0.064662910899228515,0,0.072524619835251408,-22.35971004054856,2.0566881531181025e-12
0.203125,0.359375,-0.040596888229443809,0.0642871557885204,0,0.07603253075685068,-21.434146510649665,2.3816504324258858e-12
0.234375,0.359375,-0.048004420882366242,0.062216310522164461,0,0.078583037096066427,-20.079046343189258,1.304734098539484e-12
0.265625,0.359375,-0.054964788938915314,0.05904015843621635,0,0.080665161818923012,-18.493379580013983,2.418731881448366e-12
0.296875,0.359375,-0.061423014260486422,0.055129126304691883,0,0.082534885036344416,-16.769464400038522,6.8078875870014599e-13
0.328125,0.359375,-0.067344445809570538,0.050681951168885464,0,0.084284841790700851,-14.936264525516687,2.0559109970008649e-12
0.359375,0.359375,-0.072700882600367861,0.045774486384215093,0,0.085911128118603838,-12.986804592825914,3.468336728928989e-13
0.390625,0.359375,-0.077462632291072475,0.040400400021623754,0,0.0873650486371359,-10.894191020065101,1.3149481503660354e-12
0.421875,0.359375,-0.081594027248083262,0.034502209834407382,0,0.088588869312224719,-8.620596583818255,1.9872992140790302e-13
0.453125,0.359375,-0.085050898481173004,0.027994300036794872,0,0.089539578773885742,-6.1223252042708927,4.3742787170231168e-13
0.484375,0.359375,-0.087779173878954814,0.020780528060985633,0,0.090205397362714351,-3.3529526513855905,8.1046280797636427e-15
0.515625,0.359375,-0.089714188594423677,0.012769042200129734,0,0.090618342921643141,-0.26579075897271209,-3.1891156382357622e-13
0.546875,0.359375,-0.090780565679693351,0.0038866452719604431,0,0.090863728278093289,3.1835008758386918,-3.7753133952378448e-13
0.578125,0.359375,-0.090892720572838509,-0.0059052510056547512,0,0.091084349053895564,7.0335208802597764,-8.5367823920989849e-13
0.609375,0.359375,-0.089956223167448612,-0.016591227001810243,0,0.091473443687101974,11.312326117062693,-9.1660012913052924e-13
0.640625,0.359375,-0.087870469471876475,-0.028077253472374199,0,0.092247230677998809,16.030443337825936,-1.265987314980066e-12
0.671875,0.359375,-0.084533431363584544,-0.040159231218527325,0,0.09358773888798147,21.170543431372309,-1.4073187060148484e-12
0.703125,0.359375,-0.07984974320829738,-0.052483376922088189,0,0.095553578392318789,26.671987983021193,-1.7488233083895466e-12
0.734375,0.359375,-0.073744134953017154,-0.064498330690448802,0,0.097970567528331165,32.407514006977678,-1.6493473253831326e-12
0.765625,0.359375,-0.066183286009026912,-0.075401975043660086,0,0.1003278883832277,38.148294931612682,-2.3885338151785618e-12
0.796875,0.359375,-0.05721041984728286,-0.084093167078469283,0,0.1017088633718307,43.51351228516593,-1.6400214519762812e-12
0.828125,0.359375,-0.046997667175284266,-0.089153476820241884,0,0.10078255379308564,47.904383139001006,-3.0242475190789264e-12
0.859375,0.359375,-0.035919238382723838,-0.088910996255145258,0,0.095892423793944193,50.437291153171813,-1.6261436641684668e-12
0.890625,0.359375,-0.024638841500629876,-0.081677650525506948,0,0.08531301838441778,49.928456779046094,-3.3311131630853197e-12
0.921875,0.359375,-0.014179477168628165,-0.066282309341749238,0,0.067782019034925367,45.052582991692219,-1.8997026174361054e-12
0.953125,0.359375,-0.005898046778191595,-0.042963810142415487,0,0.043366760747734663,34.864671093302967,-3.1057378890864129e-12
0.984375,0.359375,-0.0012445957799359746,-0.014371279050832266,0,0.014425071237686308,20.514015642242285,-2.4952817589962706e-12
0.015625,0.390625,-0.0010242670447278557,0.013282065268466547,0,0.013321500695294086,-3.198304729812449,2.3859803022219239e-12
0.046875,0.390625,-0.0046136861946534258,0.036195742197816058,0,0.036488598953008565,-13.507771577131487,2.0744794770877206e-12
0.078125,0.390625,-0.010700171809027548,0.053414926809609908,0,0.054476123970219198,-20.325434638596391,2.5112967261264885e-12
0.109375,0.390625,-0.018213207192227465,0.06461188474211961,0,0.067129848548584975,-23.70263866034831,1.9602097722781764e-12
0.140625,0.390625,-0.026333762904137595,0.070616743832051368,0,0.075367045703894339,-24.722005504259975,2.1699309016298685e-12
0.171875,0.390625,-0.034527822883278894,0.072677184047320847,0,0.080462063322457908,-24.333566126564044,2.1409540806871519e-12
0.203125,0.390625,-0.042484708649077073,0.071985699946226361,0,0.083587627468095407,-23.18860736217627,1.4677148385544569e-12
0.234375,0.390625,-0.05003875428685077,0.069479344655271696,0,0.085622755528573471,-21.669344788894371,2.3379076452556546e-12
0.265625,0.390625,-0.057107044068675596,0.065805782141590052,0,0.087129876882319005,-19.971651440182804,7.9092288274296152e-13
0.296875,0.390625,-0.06364850029884471,0.061363184151153126,0,0.088411379128822354,-18.178449922454455,2.1722623699815813e-12
0.328125,0.390625,-0.069639638452654556,0.056360463025401902,0,0.089588955994888891,-16.309342771436981,4.4986236957811343e-13
0.359375,0.390625,-0.075061027416195386,0.05087380028210501,0,0.09067690660757205,-14.350015355627077,1.5130119379591633e-12
0.390625,0.390625,-0.079889944842703148,0.044891753241002558,0,0.091638817081088605,-12.268324943897483,4.3098857815948577e-13
0.421875,0.390625,-0.084096391942248799,0.03834869867162434,0,0.092427408421481616,-10.022673416930282,5.7220894689180568e-13
0.453125,0.390625,-0.087640854126100634,0.031149144616545422,0,0.093011765504665653,-7.566302397754181,4.5163872641751368e-13
0.484375,0.390625,-0.090472956781855934,0.023186061534781741,0,0.093396730983189444,-4.8496768092060343,-2.8677060726067793e-13
0.515625,0.390625,-0.092530614337873268,0.014356180997813914,0,0.09363767683249212,-1.8222257569375597,2.1932455851469967e-13
0.546875,0.390625,-0.093739540320759401,0.0045748095424117795,0,0.093851107089349878,1.5657653474993627,-8.2087114883222512e-13
0.578125,0.390625,-0.094013172480374177,-0.006207628223383584,0,0.094217892398335529,5.3605132722707101,-3.443356710874923e-13
0.609375,0.390625,-0.093253239422957823,-0.017985280246937269,0,0.094971769323501432,9.6007403983583064,-1.0594858323997869e-12
0.640625,0.390625,-0.091351414503579753,-0.030670778842264372,0,0.096362739721304796,14.311511991085656,-1.0457190668944349e-12
0.671875,0.390625,-0.088192840179913204,-0.044061318280673424,0,0.098586899878384038,19.494630727192991,-1.2598810883446276e-12
0.703125,0.390625,-0.083662859205582224,-0.05779495898965361,0,0.10168446929137614,25.113466433166174,-1.56008539420327e-12
0.734375,0.390625,-0.077659188287208913,-0.071296027796640654,0,0.10542330437340466,31.06874868754209,-1.6804335700726369e-12
0.765625,0.390625,-0.070113147373545737,-0.083711167795237545,0,0.10919438194461728,37.160066911650439,-1.7004175845158898e-12
0.796875,0.390625,-0.061025402716194568,-0.093844585146112935,0,0.11194152910300881,43.026475057172284,-2.3279156380340282e-12
0.828125,0.390625,-0.050523400937019416,-0.10011681320390622,0,0.11214272302895389,48.06183790844571,-1.6011636461144008e-12
0.859375,0.390625,-0.03894701586385213,-0.10060247373735159,0,0.10787830072249778,51.314820716775458,-2.8979041388765836e-12
0.890625,0.390625,-0.026959949918302174,-0.093253635871092616,0,0.097072547626894448,51.427184083380503,-1.6217027720699662e-12
0.921875,0.390625,-0.015655444118344998,-0.076470194128276714,0,0.07805628431176409,46.759104952758285,-3.0200841827365821e-12
0.953125,0.390625,-0.0065635823748323614,-0.050149217489993986,0,0.050576917941388327,35.974470326186129,-2.008032629063905e-12
0.984375,0.390625,-0.0013935151228267055,-0.017009389953674826,0,0.017066377207647816,20.133925946474278,-2.6169899580708034e-12
0.015625,0.421875,-0.0011118246887929907,0.015418157002056464,0,0.01545819263299149,-5.265574476270702,2.0346363482914853e-12
0.046875,0.421875,-0.0049850160643360973,0.041522260989831888,0,0.041820432121983199,-16.354174660395287,2.2775670238672774e-12
0.078125,0.421875,-0.011491617463269665,0.060681495031037432,0,0.061760028425543526,-23.414213513240348,1.8194057371800909e-12
0.109375,0.421875,-0.019427961847505879,0.072794696288260158,0,0.075342640710610753,-26.641678223736243,2.1537216454703412e-12
0.140625,0.421875,-0.027903396104923719,0.079029922255366897,0,0.083811264910378297,-27.355813818258525,1.9153567620833201e-12
0.171875,0.421875,-0.036365052084210481,0.080919721582555282,0,0.088715378340429821,-26.654784304931191,1.5767387395726473e-12
0.203125,0.421875,-0.044511557512893804,0.079846553605588705,0,0.091415266093327133,-25.251835117722099,2.1931345628445342e-12
0.234375,0.421875,-0.052196098491368415,0.076857077612264985,0,0.092905559988723796,-23.541735053347185,8.6974871749134763e-13
0.265625,0.421875,-0.059354781544610741,0.072655022019761345,0,0.093817601317132751,-21.712764625546924,2.2357671269901402e-12
0.296875,0.421875,-0.065962461483059009,0.067663080441687604,0,0.094495178605907351,-19.835511577859481,4.5785597535541456e-13
0.328125,0.421875,-0.072008142352849247,0.062097385758542872,0,0.095085529304692232,-17.918597758417413,1.7428281040565707e-12
0.359375,0.421875,-0.077482089685301639,0.05603221384502273,0,0.095619470874793513,-15.939594943976433,4.8427928334149328e-13
0.390625,0.421875,-0.082369272324742129,0.049449439744083529,0,0.096072598144899143,-13.860811062377826,7.9913853312518768e-13
0.421875,0.421875,-0.086645978262621076,0.042274165206007235,0,0.096408664511813444,-11.636819386736651,7.1009864655025012e-13
0.453125,0.421875,-0.090277911681685793,0.034400073685103019,0,0.096609867027890983,-9.2178503488412193,-2.013944566670034e-13
0.484375,0.421875,-0.093218925447343365,0.02570824888764784,0,0.096698925135839053,-6.551338919700747,7.3019368329596546e-13
0.515625,0.421875,-0.09541000885281406,0.016082734606432725,0,0.096756003130115939,-3.5828872369379896,-8.6164408941158399e-13
0.546875,0.421875,-0.096778411729145364,0.0054255847929921639,0,0.096930376802950316,-0.25738564810396336,2.9579116933575733e-13
0.578125,0.421875,-0.097236957619343992,-0.006326225424180665,0,0.097442532064718271,3.4791635349633632,-1.0578204978628492e-12
0.609375,0.421875,-0.09668375779010896,-0.019179815932837959,0,0.098567816043747258,7.676551979878429,-5.0648374383399641e-13
0.640625,0.421875,-0.095002751069928018,-0.033059074795979221,0,0.1005903829261071,12.375190281787184,-1.0060841049153169e-12
0.671875,0.421875,-0.092065842642302775,-0.047768505078322636,0,0.10372053537682396,17.597491129171939,-1.3140599719463353e-12
0.703125,0.421875,-0.087738017037598495,-0.062945578771121266,0,0.10798196849715862,23.333413567188391,-1.0882406087375784e-12
0.734375,0.421875,-0.081887833654826353,-0.07799926231641352,0,0.11309068141356828,29.51600583196015,-1.7559287357471476e-12
0.765625,0.421875,-0.074407402492952357,-0.092034405351106061,0,0.11835029917190709,35.98015624503131,-1.5325518631925661e-12
0.796875,0.421875,-0.065248436148206718,-0.10376805859245555,0,0.12257719365295446,42.394860700672197,-1.7557066911422226e-12
0.828125,0.421875,-0.054483912354558392,-0.11145986533051017,0,0.12406368640724272,48.159186561575275,-2.1922463844248341e-12
0.859375,0.421875,-0.042406106986680618,-0.11291361205192235,0,0.12061410239427986,52.264314285453707,-1.6058265828178264e-12
0.890625,0.421875,-0.02966450196629053,-0.10567116852259897,0,0.10975599543459832,53.171609813022059,-2.6489921367556235e-12
0.921875,0.421875,-0.017415733780766461,-0.087605935462392065,0,0.08932025364587437,48.877835016176014,-1.6995294060961896e-12
0.953125,0.421875,-0.0073798735584253991,-0.058141198121877985,0,0.058607691071955861,37.537079346017578,-2.593758541280522e-12
0.984375,0.421875,-0.0015822225278961247,-0.019985127604471908,0,0.020047662045605395,19.988271114447041,-2.1352364321103323e-12
0.015625,0.453125,-0.001219767105682011,0.017749748796594099,0,0.01779161077964268,-7.8982667833445568,1.973698982027372e-12
0.046875,0.453125,-0.0054293374452366429,0.047273430910517528,0,0.047584188289238716,-19.854881940664189,1.7479906411210777e-12
0.078125,0.453125,-0.012413111776549681,0.068420700840721327,0,0.06953759880462225,-27.112503161094217,2.0222712393547226e-12
0.109375,0.453125,-0.020809584532686734,0.081388307619070205,0,0.084006520136947926,-30.09647317604907,1.7282841824339812e-12
0.140625,0.453125,-0.029653066540847622,0.087755227190251625,0,0.092629823785261592,-30.419659503670569,1.6296963778472673e-12
0.171875,0.453125,-0.038377773977922074,0.089380780064142906,0,0.097271667922243218,-29.344264948504911,1.9904078385479806e-12
0.203125,0.453125,-0.046698772028219419,0.087852998603086679,0,0.099493339839898623,-27.642463226311488,9.5567997959733475e-13
0.234375,0.453125,-0.054493501814144918,0.084329903379264284,0,0.10040455340234458,-25.714486771807756,2.2006840794119853e-12
0.265625,0.453125,-0.061720564929501093,0.079567942421450391,0,0.10069997813505227,-23.735348208345542,4.4386716524513758e-13
0.296875,0.453125,-0.068372872859390255,0.074010147908415369,0,0.10075887919420234,-21.759843102165448,1.9437784715137241e-12
0.328125,0.453125,-0.074453262927584862,0.067876389229871048,0,0.10074965297929833,-19.783797337604145,4.0456527017340704e-13
0.359375,0.453125,-0.079962640711255181,0.061236535489875857,0,0.10071711467431993,-17.775829088871468,1.1179945857975326e-12
0.390625,0.453125,-0.08489442285449722,0.054064082881961913,0,0.10064784195235299,-15.692376067121634,7.340794638821535e-13
0.421875,0.453125,-0.089231865194385945,0.046273670345932175,0,0.10051655750846757,-13.484119082124039,3.730349362740526e-14
0.453125,0.453125,-0.092946549746275753,0.037747186516156946,0,0.10031904704303393,-11.09833020232265,1.0129674876679928e-12
0.484375,0.453125,-0.095997216208827868,0.028352816284814994,0,0.10009669180909483,-8.4795078534399355,-8.1334938784038968e-13
0.515625,0.453125,-0.098328592202242215,0.017960626608148955,0,0.099955470848934511,-5.5695131389790582,8.3855145049938073e-13
0.546875,0.453125,-0.099870120746799851,0.0064576242121514816,0,0.100078678690547,-2.3078770145581369,-1.1288747714388592e-12
0.578125,0.453125,-0.10053463403387508,-0.0062352056660938239,0,0.10072780365928606,1.3672496846391533,1.1679546219056647e-13
0.609375,0.453125,-0.10021716219205345,-0.020141507362019369,0,0.10222113243670621,5.5169961727025365,-9.779954623923004e-13
0.640625,0.453125,-0.098794264609670696,-0.03520128766941398,0,0.10487820256540664,10.197745953680501,-8.6775031604702235e-13
0.671875,0.453125,-0.096124617502648863,-0.051232847739596438,0,0.10892541841801306,15.453796190033477,-7.4762418478258041e-13
0.703125,0.453125,-0.092052223418326778,-0.067881455798948803,0,0.11437440219578063,21.304112531869983,-1.6484591469634324e-12
0.734375,0.453125,-0.086414750915209795,-0.084551041174558528,0,0.12089825366579801,27.718423124972723,-8.4687812318406941e-13
0.765625,0.453125,-0.079061495931955883,-0.10031631263818361,0,0.12772659362998948,34.574362578707003,-1.9197976541818207e-12
0.796875,0.453125,-0.069888639336278938,-0.1138179742459034,0,0.13356254403730713,41.582625535917479,-1.3713474800169934e-12
0.828125,0.453125,-0.058903828686384288,-0.12315928412071625,0,0.13652058562371544,48.163694293274496,-1.7810197761036761e-12
0.859375,0.453125,-0.046335836549071308,-0.12585999076702561,0,0.13411840673292397,53.26772466929576,-2.0099477637813834e-12
0.890625,0.453125,-0.032800956685411393,-0.11900127469166916,0,0.12343907864902562,55.176932894095081,-1.6341372699457679e-12
0.921875,0.453125,-0.019506372082612109,-0.09981918208177501,0,0.10170726455519223,51.475522509256585,-2.3221979894572087e-12
0.953125,0.453125,-0.0083764413185918873,-0.067093742488987695,0,0.067614606782428352,39.662933315326185,-1.7917889394425401e-12
0.984375,0.453125,-0.0018196627270919252,-0.023387012859527007,0,0.023457696880385535,20.168157675824851,-2.1557894358537055e-12
0.015625,0.484375,-0.0013526549186091562,0.020322170820942453,0,0.020367137800987218,-11.189118366835851,1.6865120411324597e-12
0.046875,0.484375,-0.0059616033351951245,0.053519527642422668,0,0.05385053902603254,-24.111063641649778,1.8170742688283781e-12
0.078125,0.484375,-0.013488001348260111,0.076684776453306236,0,0.077861936272251908,-31.498716402798571,1.5819012766371543e-12
0.109375,0.484375,-0.022383183456095922,0.090415886870566897,0,0.093145260213391423,-34.120648260676298,1.6262546864709293e-12
0.140625,0.484375,-0.031604298512929271,0.09679224500385436,0,0.10182126682270513,-33.951947930710375,1.7476020630624589e-12
0.171875,0.484375,-0.040581084607414268,0.098045255782200219,0,0.10611171758722587,-32.433494925945645,1.070699084948501e-12
0.203125,0.484375,-0.049053876973143326,0.095982313301150257,0,0.10779094262848082,-30.389553952995605,2.0303758674344863e-12
0.234375,0.484375,-0.056930579820166569,0.091872021314238259,0,0.10808126210876798,-28.216106521510159,4.971578704271451e-13
0.265625,0.484375,-0.064196056444121241,0.086518364225867825,0,0.10773375056729774,-26.067946975135598,2.013944566670034e-12
0.296875,0.484375,-0.070863482897166485,0.080379460487005963,0,0.10715638514105988,-23.980112653503546,3.1086244689504383e-13
0.328125,0.484375,-0.076950901111610681,0.073674884933983137,0,0.10653370289220469,-21.933641073478562,1.4286349880876514e-12
0.359375,0.484375,-0.082470831892683824,0.066467348350562616,0,0.10592141667210817,-19.88729789117,5.9419136277938378e-13
0.390625,0.484375,-0.087425954636917144,0.058720174908795213,0,0.10531550923532486,-17.79130502388459,4.1477932199995848e-13
0.421875,0.484375,-0.091807265661861939,0.050336331683966951,0,0.10470109987820581,-15.592370514115247,1.0245138071240945e-12
0.453125,0.484375,-0.095593011633556838,0.041184955701730322,0,0.10408758066804523,-13.234849480821319,-5.7309712531150581e-13
0.484375,0.484375,-0.098747645589705557,0.031120347517954366,0,0.10353537337136687,-10.660396054070294,1.1349809980742975e-12
0.515625,0.484375,-0.10122050802850047,0.019997333807219794,0,0.10317695772286128,-7.8072341818181057,-1.0986767051690549e-12
0.546875,0.484375,-0.102944152984868,0.0076860905139942998,0,0.10323068643170606,-4.609619401805559,6.5322747211382648e-13
0.578125,0.484375,-0.10383236181937594,-0.0059109498463753209,0,0.10400047446563003,-0.99787250716573006,-1.0405287742543123e-12
0.609375,0.484375,-0.1037780011119043,-0.020837595731065639,0,0.10584932172968203,3.1005916312243866,-3.0531133177191805e-13
0.640625,0.484375,-0.10265105636130231,-0.037055041633396429,0,0.10913439184117904,7.7585384319877386,-6.6302519030614349e-13
0.671875,0.484375,-0.10029750234234042,-0.054402294901653825,0,0.11410170317168053,13.043141049390563,-1.3131717935266352e-12
0.703125,0.484375,-0.096540308604326219,-0.07254159645929234,0,0.12075725403586055,19.004488390540764,-4.2676973066591017e-13
0.734375,0.484375,-0.091185095169861757,-0.090883586451872056,0,0.12874217594670229,25.653176641134571,-1.9184653865522705e-12
0.765625,0.484375,-0.084035191596186734,-0.10848692591788238,0,0.13722728053022079,32.917336419807782,-6.510347816401918e-13
0.796875,0.484375,-0.074924716902768362,-0.12393069225539241,0,0.14481895485695498,40.562599367537608,-1.9761969838327786e-12
0.828125,0.484375,-0.063784226109265665,-0.13517186755472424,0,0.14946525107391967,48.050909383500944,-1.2490009027033011e-12
0.859375,0.484375,-0.050760338014729761,-0.13943928756497259,0,0.14839112787493983,54.315346573562131,-1.7510437544387969e-12
0.890625,0.484375,-0.036411599595481986,-0.13330559617674237,0,0.13818895237007339,57.470719243997159,-1.8072210394848298e-12
0.921875,0.484375,-0.021974740955251912,-0.11324630383984693,0,0.11535863458552792,54.644305812234784,-1.6472379016363448e-12
0.953125,0.484375,-0.0095871113516813166,-0.077184181098627541,0,0.077777313632802145,42.510081022006105,-1.9798607198140417e-12
0.984375,0.484375,-0.002116894303254218,-0.02732356988993509,0,0.027405450425441243,20.825624109160795,-1.808331262509455e-12
0.015625,0.515625,-0.0015161939174648882,0.02319101965706763,0,0.023240530044081498,-15.270313768452166,1.5859258351014205e-12
0.046875,0.515625,-0.0065992736551406788,0.06034270696066163,0,0.060702493327010179,-29.256849341068719,1.4630241462754157e-12
0.078125,0.515625,-0.014741022379875953,0.085529743872967925,0,0.08679075312370263,-36.672806235067668,1.5631385075209892e-12
0.109375,0.515625,-0.024171764326242705,0.099896843505205751,0,0.10277963578913377,-38.782606264347265,1.4989121055464238e-12
0.140625,0.515625,-0.033771992105094753,0.10613263120499578,0,0.11137631192153126,-38.003553594403421,1.1990408665951691e-12
0.171875,0.515625,-0.042978769648138349,0.1068884332186773,0,0.1152055198174609,-35.966009681328444,1.737276988933445e-12
0.203125,0.515625,-0.051568528705157171,0.10420168728750698,0,0.11626394448141698,-33.534186911660292,6.6013861044211808e-13
0.234375,0.515625,-0.059486685430102285,0.099447506899929095,0,0.11588128568527098,-31.086992936902966,1.8807178037150152e-12
0.265625,0.515625,-0.066748402615622107,0.093470072449725342,0,0.11485644821033816,-28.750709677389519,3.3395508580724709e-13
0.296875,0.515625,-0.073389398288197183,0.086736174388835047,0,0.11361851842333645,-26.536166564087818,1.5827339439056232e-12
0.328125,0.515625,-0.07944432129923186,0.079460512257691865,0,0.11236268595468152,-24.407463048349072,4.4941828036826337e-13
0.359375,0.515625,-0.08493833325444039,0.071695663763186618,0,0.11115209695946489,-22.312554592727512,7.9580786405131221e-13
0.390625,0.515625,-0.089884277696378578,0.063392926682384332,0,0.10999021106606648,-20.195063122958953,8.5731421961554588e-13
0.421875,0.515625,-0.09428179064235076,0.054442403881328087,0,0.10887162801715472,-17.997605536973349,-1.6742163211347361e-13
0.453125,0.515625,-0.098116739188504595,0.044699578022240241,0,0.1078190464822954,-15.661624605598693,1.1450840275983865e-12
0.484375,0.515625,-0.10136033120530635,0.03400395117040815,0,0.10691204533282909,-13.125994406611834,-8.6064488868942135e-13
0.515625,0.515625,-0.10396766134219459,0.0221939227304511,0,0.10631013503486156,-10.325397251765057,9.4835250763480872e-13
0.546875,0.515625,-0.1058756385325367,0.0091211237374646589,0,0.10626780195763208,-7.1889226013943759,-1.0131895322729179e-12
0.578125,0.515625,-0.10700032831889314,-0.0053330844490000751,0,0.1071331510322136,-3.6391598821955973,1.9931278849583123e-13
0.609375,0.515625,-0.10723382423000044,-0.021236325924834071,0,0.10931639674713217,0.40789874854045899,-7.0010663932862371e-13
0.640625,0.515625,-0.10644090435824156,-0.038576176062027803,0,0.11321566799771529,5.0415594364692318,-8.2311935045709106e-13
0.671875,0.515625,-0.10445602457564357,-0.057219594274630636,0,0.11910139814083123,10.352497613251629,-2.9132252166164108e-13
0.703125,0.515625,-0.1010818138279375,-0.076855701572093565,0,0.12698162052393458,16.423580033971017,-1.6671108937771351e-12
0.734375,0.515625,-0.09609148026067188,-0.096915028340866752,0,0.1364774534382808,23.31001570463663,-2.0028423364237824e-13
0.765625,0.515625,-0.089239965475031643,-0.11645690238827763,0,0.1467173525928602,30.9980983888283,-2.0099477637813834e-12
0.796875,0.515625,-0.080293179470218246,-0.13401797648331032,0,0.15622999932829096,39.322707654872055,-5.7420734833613096e-13
0.828125,0.515625,-0.069092242649284832,-0.14742601094133137,0,0.16281328783726839,47.811050494463174,-1.8927082123809669e-12
0.859375,0.515625,-0.055680287465148845,-0.15362098745713218,0,0.16340043512642791,55.411715954514037,-1.1750600492632657e-12
0.890625,0.515625,-0.040527177550311107,-0.14862574461876821,0,0.15405214728681241,60.098278892724075,-1.6586731987899839e-12
0.921875,0.515625,-0.024867478432206221,-0.12802271315626104,0,0.13041551505655505,58.508842581242078,-1.6049384043981263e-12
0.953125,0.515625,-0.011050271206301273,-0.088612608611795762,0,0.08929895239430366,46.298441735168332,-1.6030510252562635e-12
0.984375,0.515625,-0.0024875832191809579,-0.031928047412424845,0,0.032024807288138356,22.196355832417929,-1.6848744621711376e-12
0.015625,0.546875,-0.0017177687885148209,0.026424982363093333,0,0.026480755701085823,-20.324819250004772,1.3576917368141039e-12
0.046875,0.546875,-0.0073634341167403772,0.067837489320628636,0,0.068235951809277051,-35.467109722812481,1.4401257963925218e-12
0.078125,0.546875,-0.016198972440443132,0.095012248561528803,0,0.096383266622603991,-42.759980729132494,1.2840284391302248e-12
0.109375,0.546875,-0.02619573648345086,0.10984184480610742,0,0.1129223072750437,-44.167835375036212,1.2901901769168944e-12
0.140625,0.546875,-0.036162605481549544,0.11575472668112885,0,0.12127197031563823,-42.640117173476412,1.3886669592011458e-12
0.171875,0.546875,-0.045560203075832639,0.11587071287995257,0,0.1245060408479023,-39.999914252322505,8.992806499463768e-13
0.203125,0.546875,-0.054214171114826369,0.11246313472232006,0,0.12484844020346583,-37.132115653879296,1.552979966845669e-12
0.234375,0.546875,-0.062115331175890694,0.10700537625119769,0,0.12372738142283203,-34.382146094944403,5.297984273511247e-13
0.265625,0.546875,-0.069313414429378911,0.10037200353753081,0,0.12197904948800402,-31.838109796610993,1.4810375148499588e-12
0.296875,0.546875,-0.075869010239938903,0.093030834784224858,0,0.12004517039613753,-29.481735922906168,4.5652370772586437e-13
0.328125,0.546875,-0.081834815926342064,0.085186580559794431,0,0.11812574065447647,-27.257895465644047,1.0023093466315913e-12
0.359375,0.546875,-0.087249735651190083,0.076878527141186537,0,0.11628767908338658,-25.102706038608861,6.9322325657594774e-13
0.390625,0.546875,-0.092137802054012466,0.068044074149185535,0,0.1145398209976087,-22.952738703288695,2.4868995751603507e-13
0.421875,0.546875,-0.096508362288092647,0.058559329594609119,0,0.11288515878582005,-20.74632586861668,9.723333249667121e-13
0.453125,0.546875,-0.10035608228601635,0.048265320853060262,0,0.11135925847834359,-18.421924064200962,-4.4475534366483771e-13
0.484375,0.546875,-0.10366024378704095,0.036985961857426947,0,0.11006092638401606,-15.915619124075931,9.5856655946136016e-13
0.515625,0.546875,-0.10638317667429643,0.024542175067580243,0,0.10917737236425103,-13.158593498419441,-7.7760020644745964e-13
0.546875,0.546875,-0.10846780053996941,0.010765472456344957,0,0.10900073004887127,-10.074861870387002,4.8200332614101171e-13
0.578125,0.546875,-0.10983429592015007,-0.0044862480013589372,0,0.10992587948888465,-6.5794222808992888,-6.6996408421005071e-13
0.609375,0.546875,-0.11037596705930031,-0.021307995322241483,0,0.11241389935825735,-2.5770103734845273,-3.5482727867020003e-13
0.640625,0.546875,-0.10995445646452201,-0.039718937131191762,0,0.11690841057528764,2.0381136275582032,-3.1108449149996886e-13
0.671875,0.546875,-0.10839471469269649,-0.059621454759931691,0,0.12370987042674345,7.3803110949107875,-1.2299050666797484e-12
0.703125,0.546875,-0.10548068553258289,-0.080742080994662763,0,0.13283620991195255,13.566239241022069,-4.929390229335695e-14
0.734375,0.546875,-0.10095387762049909,-0.10254579039770489,0,0.14390039796645709,20.698686924849362,-1.7892354264859023e-12
0.765625,0.546875,-0.09451951961729918,-0.12411201312034456,0,0.1560055492265246,28.829166051135608,-1.5587531265737198e-13
0.796875,0.546875,-0.08587001164220881,-0.14395915973121953,0,0.16762427798487858,37.876511734360143,-1.8909318555415666e-12
0.828125,0.546875,-0.074744629990527917,-0.15981114616611414,0,0.17642664807604327,47.460273030915374,-6.106226635438361e-13
0.859375,0.546875,-0.061059319105905611,-0.16833311830119169,0,0.17906501379856368,56.586561244507045,-1.6977530492567894e-12
0.890625,0.546875,-0.045157340064312851,-0.16496870273122755,0,0.17103759306803903,63.132675830975593,-1.1244338793403585e-12
0.921875,0.546875,-0.02822576550018864,-0.14427102872612302,0,0.14700620248059418,63.237543334285483,-1.5143442055887135e-12
0.953125,0.546875,-0.012808205048257635,-0.10159906071986563,0,0.1024032189714618,51.329768829572103,-1.4143131110699869e-12
0.984375,0.546875,-0.0029484288540871351,-0.037364059485742243,0,0.037480210431128827,24.633222175930705,-1.4707401962965605e-12
0.015625,0.578125,-0.0019671628833157042,0.030109914034964793,0,0.030174105670300565,-26.603050472300144,1.2620460232426467e-12
0.046875,0.578125,-0.0082801045148387289,0.076111164608586857,0,0.076560234514087389,-42.96791165502583,1.1308731728831845e-12
0.078125,0.578125,-0.017891018446770671,0.10518502552928571,0,0.10669572689034541,-49.915594455377438,1.2937984017469262e-12
0.109375,0.578125,-0.02847132164088783,0.12024613507555268,0,0.1235708264785299,-50.382318086266075,1.0790257576331896e-12
0.140625,0.578125,-0.038770548125592746,0.12561653189456337,0,0.13146356334428472,-47.945637532846384,1.1186607196123077e-12
0.171875,0.578125,-0.048294814640965661,0.12493077177624501,0,0.13394060944244449,-44.611784777013682,1.13509202037676e-12
0.203125,0.578125,-0.05693463716417077,0.12069686638829569,0,0.13345143860209929,-41.257811115081026,8.4421358792496903e-13
0.234375,0.578125,-0.064734939553590096,0.11447310703576923,0,0.13150933287576833,-38.175244665056915,1.1386447340555605e-12
0.265625,0.578125,-0.07178446358139505,0.10715188003431225,0,0.12897493790095918,-35.403005266207501,6.7723604502134549e-13
0.296875,0.578125,-0.078171034395221634,0.099193124911885228,0,0.12629325654287243,-32.888441061454344,9.1926466438962962e-13
0.328125,0.578125,-0.083966895559227095,0.090785957282590896,0,0.12366296773719515,-30.554770531769062,7.0654593287144962e-13
0.359375,0.578125,-0.089225909582309679,0.081953084166365653,0,0.12115102535748476,-28.325147416233271,4.7695181137896725e-13
0.390625,0.578125,-0.093984497756678304,0.072616171701232315,0,0.11876950034044061,-26.128527223413343,8.1401552165516478e-13
0.421875,0.578125,-0.098263023342055819,0.062636317862051566,0,0.11652866630849838,-23.898632750304628,-1.6875389974302379e-14
0.453125,0.578125,-0.10206642357204168,0.051839452813547682,0,0.11447656392814846,-21.570719025187454,7.893685705084863e-13
0.484375,0.578125,-0.10538373351474543,0.040033301340682594,0,0.11273152401054808,-19.077935404433113,-3.6015634918840078e-13
0.515625,0.578125,-0.10818643569432888,0.027020470651168381,0,0.11150968882771492,-16.347881416457966,4.8872017543999391e-13
0.546875,0.578125,-0.11042564092045999,0.012611005964557036,0,0.11114341925697832,-13.299498440485747,-4.3981485120525576e-13
0.578125,0.578125,-0.11202810400701739,-0.0033628230428440903,0,0.11207856470451694,-9.8403078963032637,-8.4668383415476001e-14
0.609375,0.578125,-0.11289107355157663,-0.021026779597068689,0,0.11483257354884627,-5.8640382753568474,-2.8832491949515315e-13
0.640625,0.578125,-0.11287601987045873,-0.0404367171322879,0,0.11990047520436631,-1.2488764297838624,-7.8270723236073536e-13
0.671875,0.578125,-0.11180145743526745,-0.061537978965889854,0,0.12761852819969452,4.1429070111336097,-7.5495165674510645e-14
0.703125,0.578125,-0.10943554072463661,-0.084105502659491599,0,0.13802127789329929,10.461944223021124,-1.3700152123874432e-12
0.734375,0.578125,-0.10549022079094969,-0.10765449657869733,0,0.15072384455067508,17.860400178086397,-2.886579864025407e-14
0.765625,0.578125,-0.099621250567030542,-0.13130663516652785,0,0.16482058731631413,26.460758218615876,-1.6520118606422329e-12
0.796875,0.578125,-0.091443680481581163,-0.1535916157456379,0,0.17875214999370831,36.279903365994834,-2.6512125828048738e-13
0.828125,0.578125,-0.080583218778043614,-0.1721645335069828,0,0.19009019371421304,47.059034863769874,-1.6227019727921288e-12
0.859375,0.578125,-0.066803221399855936,-0.18344503922320515,0,0.19522999975670091,57.913325484954683,-6.8567374000849668e-13
0.890625,0.578125,-0.050275214667640157,-0.18228676758310017,0,0.18909273609996888,66.691885486637958,-1.4552803406786552e-12
0.921875,0.578125,-0.032076769440569822,-0.16208298366552543,0,0.16522654971784181,69.059947695699009,-1.056710274838224e-12
0.953125,0.578125,-0.014904944314214429,-0.11637649135883268,0,0.11732708598615364,58.01521103538785,-1.3300471835009375e-12
0.984375,0.578125,-0.0035194305076868167,-0.04383191884755866,0,0.043972986036399722,28.65464923203141,-1.2470025012589758e-12
0.015625,0.609375,-0.0022775746928609302,0.034354651611177435,0,0.034430065840874262,-34.447342375515433,1.0424439089717907e-12
0.046875,0.609375,-0.0093818347152151357,0.085283628686323665,0,0.085798112709606522,-52.050453127602474,1.1867729021730611e-12
0.078125,0.609375,-0.019848436338486736,0.11609007700682261,0,0.11777464245130598,-58.331522704410155,8.7863050168834889e-13
0.109375,0.609375,-0.031007329159629109,0.13108027961334517,0,0.13469778827110093,-57.557488633157185,1.2178036357113342e-12
0.140625,0.609375,-0.041571962152432647,0.13564624683434479,0,0.1418736491299469,-54.027905593486622,7.7182704671940883e-13
0.171875,0.609375,-0.051123037609325434,0.13397639880879436,0,0.1433988856727193,-49.902511603292496,1.1382006448457105e-12
0.203125,0.609375,-0.059634348250665062,0.12880237252035062,0,0.14193768582780533,-46.01044462677212,6.9300121197102271e-13
0.234375,0.609375,-0.067214320198692043,0.12174787524121858,0,0.13906944296114668,-42.564631525848448,1.0338396805309458e-12
0.265625,0.609375,-0.073995248557374285,0.11370756421540354,0,0.13566394867048401,-39.542560185280863,5.7154281307703059e-13
0.296875,0.609375,-0.080094584376695338,0.10512334736399037,0,0.13215922445098469,-36.851589762174108,9.5567997959733475e-13
0.328125,0.609375,-0.085605704356558093,0.096162715974400459,0,0.12874627979850775,-34.390717681434495,3.9390712913700554e-13
0.359375,0.609375,-0.090598815997851495,0.086828451138970003,0,0.12548834761604383,-32.068857360742086,8.517631044924201e-13
0.390625,0.609375,-0.095124175151558993,0.077024752056740892,0,0.12239861570976562,-29.806598877055038,2.1227464230832993e-13
0.421875,0.609375,-0.099214783423322614,0.066596871363709995,0,0.11949358361506841,-27.532516935818208,6.4570571112199104e-13
0.453125,0.609375,-0.10288771184769688,0.055355227966272652,0,0.11683356757564463,-25.17821897198154,7.0832228971084987e-14
0.484375,0.609375,-0.10614389880939193,0.043091023092369257,0,0.11455724999145857,-22.67353221665563,3.2085445411667024e-13
0.515625,0.609375,-0.10896646024329196,0.029588012512971829,0,0.1129120894431624,-19.94216032532265,-2.4980018054066022e-14
0.546875,0.609375,-0.11131755094470078,0.014633760030292618,0,0.11227530485797063,-16.89777250074971,-8.1323836553792717e-14
0.578125,0.609375,-0.11313375957093472,-0.0019669053957989714,0,0.11315085625610655,-13.440393175330243,-7.453065942186754e-14
0.609375,0.609375,-0.114319963613182,-0.020373523657322291,0,0.11612120627488644,-9.4529795250414814,-5.1292303737682232e-13
0.640625,0.609375,-0.11474155278003745,-0.040683437586322715,0,0.12174056853906316,-4.7981986592437984,-7.8381745538536052e-14
0.671875,0.609375,-0.11421501217652108,-0.062892361550591719,0,0.13038603509537824,0.68420804965799487,-9.2192919964872999e-13
0.703125,0.609375,-0.11249718680046852,-0.086834862161511428,0,0.14211231587947681,7.1780345170552291,-8.3044682241961709e-14
0.734375,0.609375,-0.10927447632204569,-0.11209316748882957,0,0.15654325080672155,14.885014257115422,-1.2265743976058729e-12
0.765625,0.609375,-0.10415553273251855,-0.13785587806989014,0,0.1727791020847578,24.002203056850099,-1.8030021919912542e-13
0.796875,0.609375,-0.096676463061349749,-0.16269901259894773,0,0.18925460948342865,34.656614241885528,-1.354916179252541e-12
0.828125,0.609375,-0.086339411308862524,-0.18425465010975486,0,0.20348039225495199,46.740818566308938,-4.1255887595070817e-13
0.859375,0.609375,-0.072729196954562564,-0.19874513435298391,0,0.21163450691851077,59.539057640262669,-1.3211653993039363e-12
0.890625,0.609375,-0.055793673989200668,-0.20045020215096432,0,0.20807022276043169,70.967069611129304,-7.1032069115517515e-13
0.921875,0.609375,-0.036419349146077543,-0.18149231916792413,0,0.18511032091478732,76.293596864609015,-1.2190248810384219e-12
0.953125,0.609375,-0.017381673145217085,-0.13317665698372108,0,0.13430615967514992,66.913198211320278,-9.5590202420225978e-13
0.984375,0.609375,-0.0042237954096025964,-0.051575144764884874,0,0.051747811597989447,35.013350515135208,-1.1080580897271375e-12
0.015625,0.640625,-0.0026670813383963331,0.039299307642466544,0,0.039389705559230208,-44.328157129630412,9.9567576405945601e-13
0.046875,0.640625,-0.01070964466511418,0.095485796004169468,0,0.096084513462903448,-63.089613614758285,7.9825035470548755e-13
0.078125,0.640625,-0.022103296156684778,0.12774816280388174,0,0.12964624483862688,-68.244585923895812,1.1506351427215122e-12
0.109375,0.640625,-0.03379926799597216,0.14227705847677546,0,0.14623662976787768,-65.857588943425313,5.7154281307703059e-13
0.140625,0.640625,-0.044514395237568227,0.1457292282053739,0,0.15237630831825655,-61.026757661935896,1.2672085603071537e-12
0.171875,0.640625,-0.05394180457162525,0.14287190222876994,0,0.15271574485595979,-56.006063087536681,3.3439917501709715e-13
0.203125,0.640625,-0.062159756828874098,0.13663613199901842,0,0.1501108521615874,-51.522764818114346,1.34781075189494e-12
0.234375,0.640625,-0.069350112679615883,0.12868444356136963,0,0.14618181878528788,-47.682128849288468,1.3011813848606835e-13
0.265625,0.640625,-0.075693284005322659,0.11989509557968954,0,0.14178965825324966,-44.386901776994854,1.3380407892782387e-12
0.296875,0.640625,-0.081338773192834557,0.11068064100658268,0,0.13735428758558435,-41.498575904368344,3.8191672047105385e-14
0.328125,0.640625,-0.08640282593133139,0.10118059505020721,0,0.13305247515034799,-38.889176838731828,1.1386447340555605e-12
0.359375,0.640625,-0.090973638183206945,0.091374495956371288,0,0.12893991374112967,-36.451869803171697,1.1635137298071641e-13
0.390625,0.640625,-0.095117094436704047,0.081147522646573808,0,0.12502872504251605,-34.097845376593952,7.1453953864875075e-13
0.421875,0.640625,-0.098880888990345639,0.070328503599311504,0,0.12134054815287192,-31.749668720980782,2.9798385980939202e-13
0.453125,0.640625,-0.10229660781981001,0.058712242984528498,0,0.11794796923946732,-29.3345022378452,1.8429702208777599e-13
0.484375,0.640625,-0.10537985808224659,0.046073445298260483,0,0.11501163789411153,-26.778094213264559,4.1211478674085811e-13
0.515625,0.640625,-0.10812859816030501,0.032176891819046122,0,0.11281465377887447,-23.999560992731638,-2.560174294785611e-13
0.546875,0.640625,-0.11051974103659296,0.016787114301914652,0,0.1117873891160408,-20.906737933591387,3.3351099659739702e-13
0.578125,0.640625,-0.11250398754920184,-0.00031980452858334076,0,0.11250444208744588,-17.391826226227863,-5.0725396105733012e-13
0.609375,0.640625,-0.11399873292655396,-0.019339675104953997,0,0.11562756653162322,-13.327068198449586,1.0336176359260207e-13
0.640625,0.640625,-0.11487880133351885,-0.04041562856488827,0,0.12178079498886968,-8.5602236142036734,-6.3815619455453998e-13
0.671875,0.640625,-0.1149647401029209,-0.063600772406168016,0,0.13138473928730587,-2.9098098280610389,-1.2434497875801753e-13
0.703125,0.640625,-0.1140085658648098,-0.088800450920128463,0,0.1445111524214267,3.8392038755847886,-7.6916251146030845e-13
0.734375,0.640625,-0.11167751871109147,-0.11568133636239022,0,0.16079191449838096,11.936275501700802,-2.5979218776228663e-13
0.765625,0.640625,-0.10753835156154419,-0.1435258199354445,0,0.17934368693855915,21.653496747182011,-9.2992280542603112e-13
0.796875,0.640625,-0.10104984505106816,-0.17099664691508215,0,0.1986225678039788,33.236244008885215,-3.4550140526334872e-13
0.828125,0.640625,-0.091583679511853949,-0.19576023308537138,0,0.21612412917249407,46.75581154378753,-1.0547118733938987e-12
0.859375,0.640625,-0.078521403170468143,-0.21391204207310402,0,0.22786832272113786,61.731195929113454,-4.6629367034256575e-13
0.890625,0.640625,-0.061529836512183189,-0.21921038405454696,0,0.22768204421639834,76.268015964530974,-1.0815792705898275e-12
0.921875,0.640625,-0.041201210829673117,-0.20243508779003183,0,0.20658534445209095,85.385780828111777,-6.4570571112199104e-13
0.953125,0.640625,-0.020268128602672825,-0.15220464658953387,0,0.15354820572217504,78.781642557611079,-1.0006440120946536e-12
0.984375,0.640625,-0.005087110661451252,-0.060886050835969194,0,0.06109819867460968,44.7928591587917,-8.418821195732562e-13
0.015625,0.671875,-0.0031607422979231534,0.045127131278813827,0,0.045237686383469901,-56.898465196719862,7.833178550242792e-13
0.046875,0.671875,-0.012315217707563754,0.1068550111042359,0,0.10756234464379749,-76.568801512918526,9.5973229363721657e-13
0.078125,0.671875,-0.024685020573342584,0.14014240206121875,0,0.14229983519384215,-79.948163802518664,5.4800608495497727e-13
0.109375,0.671875,-0.036818810007399207,0.15371258049283623,0,0.15806069141987081,-75.491069791339882,1.1710632463746151e-12
0.140625,0.671875,-0.047499596059618357,0.15568961948317853,0,0.16277428924938925,-69.126936379012761,2.013944566670034e-13
0.171875,0.671875,-0.05658108788322995,0.15142041210868462,0,0.16164640642220809,-63.102920437823791,1.4421797089880783e-12
0.203125,0.671875,-0.064269827112887937,0.14399431360605655,0,0.15768631211363868,-57.974545582733192,-1.8118839761882555e-13
0.234375,0.671875,-0.070831329841426566,0.13507812053365786,0,0.15252270628995004,-53.706262617361155,1.6449064332846319e-12
0.265625,0.671875,-0.076498641069359552,0.12551190116108352,0,0.14698734441620578,-50.111962149051408,-3.9479530755670567e-13
0.296875,0.671875,-0.081455823992790888,0.11566650753617155,0,0.14147011072293594,-47.001162931889766,1.5543122344752192e-12
0.328125,0.671875,-0.085843982344742775,0.10564693961110566,0,0.13612665115250988,-44.215916755680745,-2.6023627697213669e-13
0.359375,0.671875,-0.089771330475255651,0.09540631177789316,0,0.13100097748626963,-41.63179323469388,1.0458300891968975e-12
0.390625,0.671875,-0.093321667345761375,0.084809499949087042,0,0.12610148642187824,-39.149142732291743,1.8784973576657649e-13
0.421875,0.671875,-0.096560021305277952,0.073668674809979434,0,0.12145332997795585,-36.683202227986406,2.708944180085382e-13
0.453125,0.671875,-0.099535560783668819,0.061763330081737761,0,0.11714109784061751,-34.155389277496489,6.5059069243034173e-13
0.484375,0.671875,-0.10228212692639375,0.048852174606225859,0,0.1133497615892689,-31.486071073710228,-4.0634162701280729e-13
0.515625,0.671875,-0.10481666384614211,0.03468143950889583,0,0.11040532263547966,-28.588504674800475,7.8292927696566039e-13
0.546875,0.671875,-0.10713565209164505,0.018992697733858449,0,0.10880611433330262,-25.36353574843082,-6.9366734578579781e-13
0.578125,0.671875,-0.10920947001293529,0.0015326764733661082,0,0.10922022449014754,-21.69465337460678,4.9205084451386938e-13
0.609375,0.671875,-0.11097443360263069,-0.017932447139864215,0,0.1124139563125892,-17.442992851451717,-6.1872729162359974e-13
0.640625,0.671875,-0.11232209953497499,-0.039595122190686713,0,0.11909671592970245,-12.441823811922699,1.1102230246251565e-14
0.671875,0.671875,-0.11308527342212071,-0.063572166123840784,0,0.12972933118856741,-6.4900275200679101,-4.645173135031655e-13
0.703125,0.671875,-0.11302012335474368,-0.089850381507970298,0,0.1443836532999816,0.65563694831809327,-3.3528735343679728e-13
0.734375,0.671875,-0.11178411882931558,-0.11819845745372366,0,0.1626854774307967,9.2881182867227423,-4.8094861426761781e-13
0.765625,0.671875,-0.10891094457355181,-0.14802104024945473,0,0.18377111362897591,19.750826643028951,-4.1833203567875898e-13
0.796875,0.671875,-0.10378802195446843,-0.17811285573066837,0,0.20614592617307553,32.409666719001244,-6.7768013423119555e-13
0.828125,0.671875,-0.09565447500123514,-0.20624373676227081,0,0.2273461183777431,47.53573090908332,-3.6415315207705135e-13
0.859375,0.671875,-0.083667538988330695,-0.22847775075053806,0,0.24331530915334701,64.948950389148564,-8.7929663550312398e-13
0.890625,0.671875,-0.067152963479357314,-0.23815081754441497,0,0.247437532321055,83.09464653254561,-3.7037040101495222e-13
0.921875,0.671875,-0.046283412426734158,-0.2246928310353441,0,0.22941016233929321,96.978607553889191,-9.1637808452560421e-13
0.953125,0.671875,-0.023567518135504437,-0.17359587986249986,0,0.17518834840337646,94.650442997970657,-5.2802207051172445e-13
0.984375,0.671875,-0.006135096071166319,-0.072108257568611833,0,0.072368779272443909,59.541701931057254,-7.6227912870763248e-13
0.015625,0.703125,-0.0037935453837830775,0.052081418960544024,0,0.052219394744888958,-73.077138173612283,7.5070505367591522e-13
0.046875,0.703125,-0.014262811413428958,0.11952446486184073,0,0.12037244489468692,-93.113824887685425,6.1328719880293647e-13
0.078125,0.703125,-0.027612461555592962,0.15319240131160414,0,0.15566104153825605,-93.809468120513458,9.1238128163695364e-13
0.109375,0.703125,-0.039994653062172605,0.16517856218313295,0,0.16995155097394868,-86.729339331081363,3.0309088572266774e-13
0.140625,0.703125,-0.050354102778823816,0.16526387356179789,0,0.17276482156767409,-78.578956778627216,1.2501111257279263e-12
0.171875,0.703125,-0.058764869746366293,0.1593384168212614,0,0.16982944677355996,-71.441424048310296,-2.0117241206207837e-13
0.203125,0.703125,-0.065587740027989977,0.15058791840480418,0,0.16425124904082514,-65.613623290779046,1.6764367671839864e-12
0.234375,0.703125,-0.071182100006373733,0.14064037844187149,0,0.15762806669368951,-60.882626783686248,-6.5369931689929217e-13
0.265625,0.703125,-0.075838081308674393,0.13027293578314203,0,0.15073968413838393,-56.958875295279952,1.8660628597899631e-12
0.296875,0.703125,-0.079777024270366481,0.11980159879927271,0,0.14393330634810186,-53.593602750459091,-7.0610184366159956e-13
0.328125,0.703125,-0.083167308003852705,0.10929029043347546,0,0.13733597017402657,-50.595550470788787,1.5125678487493133e-12
0.359375,0.703125,-0.086139772409495816,0.098662773491711875,0,0.13097481919757165,-47.820396371766769,-2.1538326677728037e-13
0.390625,0.703125,-0.088799102382953438,0.087762705079257555,0,0.12485020218985225,-45.155684858026291,6.3771210534468992e-13
0.421875,0.703125,-0.091231083713102235,0.076385804969499954,0,0.11898698179341113,-42.507413648849997,5.4578563890572696e-13
0.453125,0.703125,-0.093506420755071734,0.06429707644259533,0,0.11347935830577056,-39.789287342854379,-3.3306690738754696e-13
0.484375,0.703125,-0.095681764424985133,0.051240338058021723,0,0.10853834478090542,-36.914234599114927,1.0544898287889737e-12
0.515625,0.703125,-0.097798353023987761,0.036944401575859591,0,0.10454380259968983,-33.787536266833946,-8.7796436787357379e-13
0.546875,0.703125,-0.099878400699123779,0.021128771587536233,0,0.10208878447220834,-30.300973569260162,9.5345953354808444e-13
0.578125,0.703125,-0.10191911886873137,0.0035111387105852074,0,0.10197958073076964,-26.327487551802935,-8.1133710860825659e-13
0.609375,0.703125,-0.10388401774795308,-0.016181046908175178,0,0.10513665118550046,-21.715832231054012,3.6282088444750116e-13
0.640625,0.703125,-0.10569088771081211,-0.038191986527182781,0,0.11237967600946359,-16.284554518225317,-4.1877612488860905e-13
0.671875,0.703125,-0.10719558854544016,-0.062707427065588503,0,0.12418983699477749,-9.814353028760106,-2.5157653738006047e-13
0.703125,0.703125,-0.10817050516992653,-0.089805354009132254,0,0.1405911085290342,-2.0376421880336339,-1.6475709685437323e-13
0.734375,0.703125,-0.10827643466060406,-0.11937355998733544,0,0.1611639945113735,7.3752740690945569,-5.0004445029117051e-13
0.765625,0.703125,-0.10702737094272183,-0.1509681756895152,0,0.18505741866223926,18.83029559931942,-2.8022029141538951e-13
0.796875,0.703125,-0.10375099671248666,-0.18356501713995377,0,0.21085631324773263,32.807469982517503,-3.7347902548390266e-13
0.828125,0.703125,-0.097558631224356498,-0.21511748779438056,0,0.23620588494221614,49.78740902458393,-6.1373128801278654e-13
0.859375,0.703125,-0.08736911086521898,-0.24178045609050192,0,0.25708199174720514,69.949399065873138,-1.6964207816272392e-13
0.890625,0.703125,-0.072108913931321808,-0.25662288464735694,0,0.26656143830847973,92.247172576216499,-8.3932860661661834e-13
0.921875,0.703125,-0.051386217350389701,-0.2478130115659935,0,0.25308463413449012,112.01037349793391,-1.8363088827300089e-13
0.953125,0.703125,-0.027231024755248818,-0.19734678621825835,0,0.19921667284616498,115.9235725903299,-7.5739414739928179e-13
0.984375,0.703125,-0.0073887221963411095,-0.085632075836138188,0,0.085950250887945792,81.4580621195296,-4.4991788072934469e-13
0.015625,0.734375,-0.0046142418132407645,0.060489206157589515,0,0.060664942834279707,-94.180316352557483,6.3460348087573948e-13
0.046875,0.734375,-0.016629083521229028,0.13360078540247061,0,0.1346317060684927,-113.54085105968211,6.4093175211610287e-13
0.078125,0.734375,-0.030876184577741453,0.16671283196969261,0,0.16954794931650963,-110.29816942338256,5.1658677335808534e-13
0.109375,0.734375,-0.043176526426731185,0.17634066488065431,0,0.18154955941788856,-99.939773670962637,8.5642604119584576e-13
0.140625,0.734375,-0.052776801875690116,0.17406149602992538,0,0.18188676481921814,-89.734737685130057,6.9499961341534799e-14
0.171875,0.734375,-0.060043363894727378,0.16621812333975239,0,0.17673050125652839,-81.373262606478448,1.3622436512150671e-12
0.203125,0.734375,-0.065518531729531621,0.1560062500027766,0,0.16920587472047913,-74.790064671011393,-5.666578317686799e-13
0.234375,0.734375,-0.069665505220540366,0.14496338031332776,0,0.16083427572970768,-69.556069846349644,1.8589574324323621e-12
0.265625,0.734375,-0.07283601195911385,0.13377642195259304,0,0.15231945282381495,-65.263608093605725,-9.5123908749883412e-13
0.296875,0.734375,-0.0752918491546124,0.1226928927870448,0,0.14395279951975293,-61.599176757734092,1.8682833058392134e-12
0.328125,0.734375,-0.077231796143932163,0.11172922716854022,0,0.13582404256720224,-58.33452477215021,-6.9988459472369868e-13
0.359375,0.734375,-0.078812761016046479,0.100777266034432,0,0.12793556443908446,-55.302680239907353,1.1608491945480637e-12
0.390625,0.734375,-0.080164196017656869,0.089658977511632182,0,0.12027065548831385,-52.375867864507867,1.2922996006636822e-13
0.421875,0.734375,-0.081397041698758388,0.07815435954839671,0,0.11284317575170189,-49.44828170988275,3.4638958368304884e-14
0.453125,0.734375,-0.082608547055501858,0.066015364262430876,0,0.10574592363454254,-46.423148258886833,9.9165120559518982e-13
0.484375,0.734375,-0.083883921365369235,0.052972768217980318,0,0.099210011774554865,-43.202922415311335,-8.5775830882539594e-13
0.515625,0.734375,-0.085295345680210286,0.038739984329753951,0,0.093680747117943872,-39.681610507850799,1.2756462552943049e-12
0.546875,0.734375,-0.086898500519337424,0.023016391347909899,0,0.089894959053271883,-35.738471512204988,-1.0391687510491465e-12
0.578125,0.734375,-0.088726445052491526,0.0054921816529720389,0,0.088896266012482433,-31.232517967676063,8.2073237095414697e-13
0.609375,0.734375,-0.090780378325106936,-0.014143257698728449,0,0.091875507221360064,-25.997241434201815,-6.0002003365866585e-13
0.640625,0.734375,-0.093016481679837476,-0.036186802419049549,0,0.099807567515749374,-19.834756684894359,4.0856207306205761e-14
0.671875,0.734375,-0.095327636555794903,-0.060896755463147392,0,0.11311840308832201,-12.508029574574307,-8.3044682241961709e-14
0.703125,0.734375,-0.097518300866840796,-0.088450444676056117,0,0.13165599176394421,-3.729051346541659,-4.6140868903421506e-13
0.734375,0.734375,-0.099270269820624979,-0.11887057087596711,0,0.15487026535341769,6.859801119413695,2.042810365310288e-14
0.765625,0.734375,-0.10009685938876087,-0.15189363895064822,0,0.18190947972319432,19.712524767784181,-4.1611158962950867e-13
0.796875,0.734375,-0.099284790542358087,-0.18672799695548042,0,0.21148242120811322,35.406008555091915,-3.2418512319054571e-13
0.828125,0.734375,-0.095831535246732921,-0.22160012876263066,0,0.24143384231577872,54.622716213361983,-5.9507954119908391e-14
0.859375,0.734375,-0.088414457805376795,-0.25290441292277022,0,0.26791371451426266,77.94011007604675,-7.4251715886930469e-13
0.890625,0.734375,-0.075511018088895931,-0.27366256446549164,0,0.28388926193614816,104.99164815102021,1.5099033134902129e-13
0.921875,0.734375,-0.05600721126073735,-0.27099983515697601,0,0.27672679373041026,131.87273605205209,-8.2600593032111647e-13
0.953125,0.734375,-0.031115513405161985,-0.22320685307802035,0,0.22536520236154423,144.52574818647886,-4.1855408028368402e-14
0.984375,0.734375,-0.0088545134539895366,-0.10187531148648366,0,0.10225938342751216,113.64194105270683,-4.9771298193945768e-13
0.015625,0.765625,-0.0056893771333707864,0.070792825104218998,0,0.071021075029897018,-122.13562956550498,5.1353366004036616e-13
0.046875,0.765625,-0.019495474589350012,0.1491181056198469,0,0.15038711032902988,-138.92951999622423,6.5947247662734299e-13
0.078125,0.765625,-0.034398470688757329,0.18034560890827162,0,0.18359682306134972,-130.04020358459638,4.5807801996033959e-13
0.109375,0.765625,-0.046064014056995006,0.1866737731593387,0,0.19227321960321794,-115.64819370659221,4.7339909770016675e-13
0.140625,0.765625,-0.054240035653751684,0.18150468479699117,0,0.18943582573255613,-103.11212348532156,8.1357143244531471e-13
0.171875,0.765625,-0.059668538501705642,0.1714699994397107,0,0.18155521252441065,-93.415494106217423,-1.4277468096679513e-13
0.203125,0.765625,-0.063100895822825465,0.15966189905877542,0,0.17167890104697683,-86.013676736831727,1.4617196342214811e-12
0.234375,0.765625,-0.065113766443064325,0.14746757536860677,0,0.16120325172122815,-80.222339117059988,-8.184564137536654e-13
0.265625,0.765625,-0.066125453165874259,0.13545442035872829,0,0.15073312692010107,-75.501633739227117,1.8878232310726162e-12
0.296875,0.765625,-0.066442328648376861,0.12378760705893907,0,0.14049183142658944,-71.467089689981506,-9.8809849191638932e-13
0.328125,0.765625,-0.066297793854388692,0.11242992509200528,0,0.13052159026825003,-67.849791791680317,1.5947243525715749e-12
0.359375,0.765625,-0.065879357124112414,0.10123909625283087,0,0.12078677206207762,-64.457264670956576,-3.9879211044535623e-13
0.390625,0.765625,-0.065346142468134694,0.090015367638889121,0,0.11123346954325448,-61.14366933383981,5.9108273831043334e-13
0.421875,0.765625,-0.064839605745743573,0.078524278379871332,0,0.10183435946841808,-57.788380245628368,6.0040861171728466e-13
0.453125,0.765625,-0.064489502232426471,0.06650684727439958,0,0.092639390286024914,-54.280612173741019,-5.4223292522692645e-13
0.484375,0.765625,-0.064416369737263224,0.053683527020729552,0,0.083853382540677521,-50.508143751276343,1.2920775560587572e-12
0.515625,0.765625,-0.064731170695573589,0.039755450800165626,0,0.075964599175825806,-46.348785038467078,-1.1015632850330803e-12
0.546875,0.765625,-0.065532257366438418,0.024405166387495299,0,0.069929170608140717,-41.663711772294874,1.1913803277252555e-12
0.578125,0.765625,-0.066899428611872369,0.0072985223919764973,0,0.06729637417945479,-36.29206809576614,-8.5714768616185211e-13
0.609375,0.765625,-0.068884473111911815,-0.011910620665080781,0,0.069906605700270921,-30.046281002201436,4.6140868903421506e-13
0.640625,0.765625,-0.071497176901063775,-0.033570632308819737,0,0.078986287787412693,-22.707250379737619,-2.2359891715950653e-13
0.671875,0.765625,-0.074685234689189015,-0.058013712909302614,0,0.09456994853600284,-14.017833400036352,-2.5113244817021041e-13
0.703125,0.765625,-0.07830575029106393,-0.085522307316990315,0,0.11595626579649844,-3.6716644910629044,1.4122036873231991e-13
0.734375,0.765625,-0.082084968834177194,-0.11626752073814652,0,0.14232385073171386,8.7076055865580582,-4.0767389464235748e-13
0.765625,0.765625,-0.085561696295212486,-0.15019337205931138,0,0.17285500537577994,23.602943739600438,-7.4162898044960457e-14
0.796875,0.765625,-0.088009593999204674,-0.18679243498924097,0,0.20648753571369546,41.658465033929382,-2.3092638912203256e-14
0.828125,0.765625,-0.088338328129794391,-0.22466021189392144,0,0.24140395818003671,63.727153835074191,-6.0795812828473572e-13
0.859375,0.765625,-0.084996659327517488,-0.26060307603512806,0,0.2741138364545081,90.788349635302822,4.1566750041965861e-13
0.890625,0.765625,-0.075980688351497044,-0.28788331204565232,0,0.2977412741907674,123.30112671156736,-9.2148511043887993e-13
0.921875,0.765625,-0.059296668717110562,-0.29296691403937886,0,0.29890752356323114,158.65250711188423,4.1655567883935873e-13
0.953125,0.765625,-0.034913378427275842,-0.25051476234104542,0,0.25293594079133286,183.11943608785802,-6.9144689973654749e-13
0.984375,0.765625,-0.01050597783072256,-0.1212358027712048,0,0.1216901616555673,160.43933476484352,-8.1268325402561459e-14
0.015625,0.796875,-0.0071041421837542114,0.083586344421361369,0,0.083887697607536268,-159.84784471508985,5.9746652070202799e-13
0.046875,0.796875,-0.02291763108099797,0.16594417265595912,0,0.16751921159328412,-170.74928604700625,2.5335289421946072e-13
0.078125,0.796875,-0.037940018411799545,0.1934449253024019,0,0.19713037341399103,-153.93191820073773,7.8137496473118517e-13
0.109375,0.796875,-0.04805665159955208,0.19535663332122954,0,0.20118065499835233,-134.66600070378936,2.6534330288541241e-13
0.140625,0.796875,-0.053789899133296952,0.18673109376563288,0,0.19432409687859054,-119.51911026176042,4.3209880118411093e-13
0.171875,0.796875,-0.056349522731912072,0.17423171691766787,0,0.18311733913584652,-108.36406390890531,8.0491169285323849e-13
0.203125,0.796875,-0.056722838753539492,0.16070585492359371,0,0.17042256964082894,-100.05281355357144,-3.1863400806741993e-13
0.234375,0.796875,-0.055610005609394685,0.14732365697991101,0,0.15746978322780339,-93.609357497946931,1.4970247264045611e-12
0.265625,0.796875,-0.053502316093287247,0.13450233595415265,0,0.14475281069626858,-88.349867968397334,-8.9706020389712648e-13
0.296875,0.796875,-0.050756484433684843,0.12231073528644164,0,0.13242407892213898,-83.814426652274733,1.7081891456882659e-12
0.328125,0.796875,-0.047646133776568469,0.11065191141342233,0,0.12047406178633857,-79.691351070314667,-7.6760819922583323e-13
0.359375,0.796875,-0.044394824812676065,0.099347364237269087,0,0.10881543663948058,-75.761166408559319,1.1035616864774056e-12
0.390625,0.796875,-0.041196701308756738,0.088175761494575011,0,0.097324884350669008,-71.858188117599767,5.8175686490358203e-14
0.421875,0.796875,-0.038229149229946996,0.076889795723004001,0,0.085869136115200556,-67.844316281822188,-7.7715611723760958e-15
0.453125,0.796875,-0.035660209936160314,0.065222287124179282,0,0.074334361572558821,-63.590805127168935,9.8210328758341348e-13
0.484375,0.796875,-0.033652298644903336,0.052887043384542795,0,0.062685856156267622,-58.965227710978994,-8.8906659811982536e-13
0.515625,0.796875,-0.032362962473465165,0.039577399223234097,0,0.05112466987017291,-53.821940274867551,1.3069545445887343e-12
0.546875,0.796875,-0.031942825318029097,0.024964167479861729,0,0.040540766485856021,-47.995068745712352,-1.0041967257734541e-12
0.578125,0.796875,-0.032530395644943644,0.0086942628719613585,0,0.033672196953916357,-41.293458711851024,8.492651026870135e-13
0.609375,0.796875,-0.034242967641648643,-0.0096087446483214649,0,0.035565556464417121,-33.497154022938922,-4.7123416280214769e-13
0.640625,0.796875,-0.03716233991044178,-0.030340432267636261,0,0.047974798986616267,-24.354703371868787,8.6375351315837179e-14
0.671875,0.796875,-0.041313403004695437,-0.053904792068112092,0,0.067915564311391674,-13.579714560091768,7.5939254884360707e-14
0.703125,0.796875,-0.0466326551671912,-0.080691460393815334,0,0.09319719045351546,-0.84320844486370294,-2.9687363678476686e-13
0.734375,0.796875,-0.052922184390751151,-0.11102961989465579,0,0.12299729303785677,14.244957010605976,8.3044682241961709e-14
0.765625,0.796875,-0.059782429666581538,-0.14509430016594305,0,0.15692767390579823,32.176873125356678,-2.3980817331903381e-14
0.796875,0.796875,-0.066514486532271405,-0.18271155231293598,0,0.19444199203683976,53.623540901055485,-4.3787196091216174e-13
0.828125,0.796875,-0.071982729871177431,-0.22294411710073869,0,0.23427674393659903,79.548828715633348,5.559996907322784e-13
0.859375,0.796875,-0.074442621958897198,-0.26320094754287732,0,0.27352594529876639,111.28422855663636,-9.6411767458448594e-13
0.890625,0.796875,-0.071405647498535396,-0.2973383859742954,0,0.30579222074553197,150.19194577952541,8.2600593032111647e-13
0.921875,0.796875,-0.059861447465513286,-0.31174005977815433,0,0.3174354387322777,195.50093913509218,-9.5790042564658506e-13
0.953125,0.796875,-0.038033089027808976,-0.27795326532982123,0,0.28054328287896546,235.4407558300507,4.5152770411505116e-13
0.984375,0.796875,-0.012248004402433845,-0.14398978500436777,0,0.14450976367514443,227.92182780131472,-3.382849556032852e-13
0.015625,0.828125,-0.0089475001288163887,0.099637986733946415,0,0.10003892321966112,-211.86342122142281,3.2707170305457112e-13
0.046875,0.828125,-0.026826053424976293,0.1835845725368091,0,0.18553418126017265,-211.11923547917868,8.2822637637036678e-13
0.078125,0.828125,-0.04087099409884265,0.20487185342624825,0,0.20890886645840043,-183.40834128333697,-4.6407322429331543e-14
0.109375,0.828125,-0.047913721547627568,0.20108906583395025,0,0.20671849726261646,-158.36739961479927,8.9395157942817605e-13
0.140625,0.828125,-0.04960999519816249,0.18842818243721918,0,0.19484951003314238,-140.30628839125686,1.4943601911454607e-13
0.171875,0.828125,-0.047733997956676752,0.17321825460323798,0,0.17967497958458267,-127.50662639408606,3.4483527144857362e-13
0.203125,0.828125,-0.043536061520909976,0.15789469682391016,0,0.16378682467728278,-118.09919870026859,8.3000273320976703e-13
0.234375,0.828125,-0.037852488841709081,0.1433384092562735,0,0.14825218541266319,-110.78938978773557,-4.3076653355456074e-13
0.265625,0.828125,-0.031256916058501207,0.12978432137849971,0,0.13349518671909444,-104.74535225826523,1.4214185384275879e-12
0.296875,0.828125,-0.024164005970644963,0.11719000811465852,0,0.11965532661132598,-99.43423138618725,-7.8670403524938592e-13
0.328125,0.828125,-0.016893418261492307,0.10539170021895984,0,0.10673705099730281,-94.50573587050215,1.3445355939722958e-12
0.359375,0.828125,-0.0097087843714163229,0.094171632577783479,0,0.094670781534408541,-89.717046084280284,-3.8247183198336643e-13
0.390625,0.828125,-0.0028417816156069598,0.083286366894352565,0,0.083334834452415574,-84.884514375776888,5.4098392432422315e-13
0.421875,0.828125,0.0034927100019355463,0.072477146626891018,0,0.07256125554545953,-79.851840675253925,4.8519521733680904e-13
0.453125,0.828125,0.0090870017881746722,0.061471705140282315,0,0.062139714630436639,-74.468423614514393,-4.4375614294267507e-13
0.484375,0.828125,0.013734761635665543,0.049981954229703945,0,0.051834731848527681,-68.574195239437969,1.1212697437201768e-12
0.515625,0.828125,0.017228165324983877,0.03769974851732609,0,0.041449737257727069,-61.988855008808763,-9.2115204353149238e-13
0.546875,0.828125,0.019357930329576577,0.024291916025747685,0,0.031061658855359255,-54.504423874754849,1.0488276913633854e-12
0.578125,0.828125,0.019916671468603854,0.0093953435139662034,0,0.022021495910444541,-45.880657613404281,-6.684097719755755e-13
0.609375,0.828125,0.018706541563497152,-0.0073871233885123887,0,0.020112291993304821,-35.843147190541877,4.3282044615011728e-13
0.640625,0.828125,0.015552730497427987,-0.026488870192583929,0,0.030717221065799358,-24.08379724230528,-1.0513812043200232e-13
0.671875,0.828125,0.01032522152653215,-0.04837778207801547,0,0.04946736296145083,-10.262521682871737,-9.1926466438962962e-14
0.703125,0.828125,0.0029724445570484168,-0.073546441251935421,0,0.073606483732542985,5.9931452803618184,1.230682222796986e-13
0.734375,0.828125,-0.0064275432176417006,-0.10248512203828736,0,0.10268648183192033,25.098190848415665,-2.0539125955565396e-14
0.765625,0.828125,-0.017589477734084473,-0.13561661823004162,0,0.13675253879585092,47.545361439175736,-2.5152102622882921e-13
0.796875,0.828125,-0.0299031229979713,-0.17314353211926309,0,0.17570679975392556,73.991423563095154,5.6143978355294166e-13
0.828125,0.828125,-0.042256024252247171,-0.21469099270123293,0,0.21880994934565326,105.42537866881619,-8.8618001825579995e-13
0.859375,0.828125,-0.052779390235962287,-0.25847081387095172,0,0.26380452167616869,143.41023462536916,1.0702549957386509e-12
0.890625,0.828125,-0.058542376923829742,-0.29934250741871887,0,0.30501335486109049,190.16022323368796,-1.1570744362643381e-12
0.921875,0.828125,-0.055431853089414049,-0.32439066220117374,0,0.3290926800465826,247.19821215740646,9.6389562997956091e-13
0.953125,0.828125,-0.03938201323620627,-0.30318086119771798,0,0.3057279469775811,306.85925674846834,-7.1787020772262622e-13
0.984375,0.828125,-0.013845748795627475,-0.17008353820243127,0,0.17064616821707282,324.60373744902989,1.9828583219805296e-13
0.015625,0.859375,-0.011236955346602762,0.11982244220938007,0,0.12034818994268992,-285.69325332073663,6.0207394625422239e-13
0.046875,0.859375,-0.03071496199123943,0.20075667700219912,0,0.20309271836057685,-263.45514687332098,-2.2315482794965646e-14
0.078125,0.859375,-0.041568812883574308,0.21259854052708776,0,0.21662434221203625,-221.12946090389201,1.0518252935298733e-12
0.109375,0.859375,-0.042912863975074184,0.20174915727342135,0,0.2062625422976235,-189.32987239886853,-2.453592884421596e-13
0.140625,0.859375,-0.03798348506104629,0.18453498573428145,0,0.18840357241128466,-167.89081741091937,8.9039886574937555e-13
0.171875,0.859375,-0.029218362758996145,0.16647033176266393,0,0.16901504098596576,-153.00042352205034,1.5831780331154732e-13
0.203125,0.859375,-0.018163063604581427,0.14938938407432681,0,0.15048948452835767,-141.98773957166745,2.0738966099997924e-13
0.234375,0.859375,-0.0058082834366732514,0.13380536915877062,0,0.13393137411449052,-133.24325782366301,8.5437212860028922e-13
0.265625,0.859375,0.0071790737546246104,0.11973443150151865,0,0.11994946096988598,-125.80855096628655,-4.4997339188057595e-13
0.296875,0.859375,0.020322500860333138,0.10700356079809675,0,0.1089163259786623,-119.10125939329988,1.2206347044241284e-12
0.328125,0.859375,0.033259047095175874,0.095371013591545678,0,0.1010039328301523,-112.75252489609424,-5.3168580649298747e-13
0.359375,0.859375,0.045693294229330189,0.08457343818098792,0,0.096127746167698758,-106.51053400764552,8.8640206286072498e-13
0.390625,0.859375,0.05736829029657755,0.074342562468108095,0,0.093903872794879703,-100.18142808986455,2.3536728122053319e-14
0.421875,0.859375,0.068046140316340833,0.064408609415847168,0,0.093694963465675685,-93.591655390087865,6.8389738316909643e-14
0.453125,0.859375,0.077494419523275015,0.054497671358166008,0,0.094738488697635528,-86.562973920676896,7.3141492862305313e-13
0.484375,0.859375,0.085476457029543956,0.044326190658072875,0,0.096286218559975142,-78.895218616841404,-6.135092434078615e-13
0.515625,0.859375,0.091744639667107497,0.033593925762084406,0,0.09770174387264452,-70.354196586946841,9.9631414229861548e-13
0.546875,0.859375,0.09603662447775263,0.021975988965758215,0,0.098518918650703849,-60.663476540718158,-6.9699801485967328e-13
0.578125,0.859375,0.09807495439507985,0.0091141995176065721,0,0.098497539626346678,-49.499772255992418,6.6241456764259965e-13
0.609375,0.859375,0.097571193045758037,-0.0053920881377220765,0,0.09772007125896677,-36.492218489617414,-2.8807511931461249e-13
0.640625,0.859375,0.094236456538708907,-0.021995357870253061,0,0.096769341781436521,-21.226036815330193,1.4455103780619538e-13
0.671875,0.859375,0.08780127329727716,-0.041208602188018542,0,0.096990785577360503,-3.2505745602399148,6.5725203057809267e-14
0.703125,0.859375,0.078049286634275822,-0.06361085750944552,0,0.10068779636682058,17.910249691202001,1.6209256159527285e-14
0.734375,0.859375,0.064871861962057853,-0.089843293333868729,0,0.11081595476960829,42.751853952869197,-8.9483975784787617e-14
0.765625,0.859375,0.048354956605375546,-0.12057960706133367,0,0.1299139848798942,71.804036384735298,4.5985437679973984e-13
0.796875,0.859375,0.028916886050884643,-0.15642882746959191,0,0.15907911353283058,105.7021271218326,-6.8056671409522096e-13
0.828125,0.859375,0.0075269177633304181,-0.19766282780907268,0,0.19780608683378542,145.37505967721077,1.0874634526203408e-12
0.859375,0.859375,-0.013952978976487002,-0.24349571603957776,0,0.24389516057508187,192.42398972762902,-1.1687317780229023e-12
0.890625,0.859375,-0.032269015678686473,-0.29023858186002538,0,0.29202692302763794,249.66116451184882,1.2851941733060812e-12
0.921875,0.859375,-0.0422154292597339,-0.32665869801323455,0,0.32937523807245311,321.03405189237412,-1.0367262603949712e-12
0.953125,0.859375,-0.036922680301062688,-0.32225541419753667,0,0.32436374072981772,405.4297894234881,7.525091660909311e-13
0.984375,0.859375,-0.014769321473097372,-0.19869860847115664,0,0.19924675622240301,462.70198509417537,-2.3248070135650778e-13
0.015625,0.890625,-0.013615667924267671,0.14467506548026388,0,0.14531435230128706,-394.84606836442669,2.5335289421946072e-13
0.046875,0.890625,-0.032627036513367874,0.21439342896507907,0,0.2168618590140946,-334.40011636724034,8.8706819667550008e-13
0.078125,0.890625,-0.035677732361366316,0.21286633530456694,0,0.21583553297000382,-272.86870514521576,-2.6645352591003757e-13
0.109375,0.890625,-0.026552932668410918,0.19370061389451251,0,0.19551211230101365,-232.83878703737918,1.1134426713965695e-12
0.140625,0.890625,-0.010594636402637574,0.17169585393341263,0,0.17202241882507019,-206.73492312175182,-2.5024426975051028e-13
0.171875,0.890625,0.0089878245854508355,0.15096188027341817,0,0.1512291978635894,-188.30094391592382,7.3696604374617891e-13
0.203125,0.890625,0.030315154516908843,0.13251520647772125,0,0.13593854692918103,-174.12008575740256,2.6889601656421291e-13
0.234375,0.890625,0.052234353112618551,0.11640556799178009,0,0.12758794576519625,-162.36751863571126,6.4170890823334048e-14
0.265625,0.890625,0.07400233389752689,0.10237889469232322,0,0.12632412081903782,-152.04284135590569,8.2689410874081659e-13
0.296875,0.890625,0.095117615827315427,0.09010038857181446,0,0.13101694875650524,-142.57323639918437,-3.6015634918840078e-13
0.328125,0.890625,0.11522436878838005,0.079230886621940166,0,0.13983629199023889,-133.60556461406253,9.2281737806843012e-13
0.359375,0.890625,0.13405337858068078,0.069450308224155002,0,0.15097567228307168,-124.89289821885306,-2.156053113822054e-13
0.390625,0.890625,0.1513830697449349,0.060461005193457457,0,0.16301032775380556,-116.22962036577329,4.5297099404706387e-13
0.421875,0.890625,0.16701212636808083,0.051983260047602113,0,0.17491514994180588,-107.41219728236585,3.2107649872159527e-13
0.453125,0.890625,0.18073921954599942,0.043747648341572645,0,0.18595838840319864,-98.213756577250493,-2.0250467969162855e-13
0.484375,0.890625,0.19234737289225834,0.035486022822148695,0,0.19559337840092525,-88.366204552561925,7.4507067182594255e-13
0.515625,0.890625,0.20159165688145433,0.026921626971258345,0,0.20338134162943658,-77.546685005393272,-5.3357318563485023e-13
0.546875,0.890625,0.20818969806704107,0.017758261760359773,0,0.20894570165953447,-65.367047806313749,7.0526917639313069e-13
0.578125,0.890625,0.21181518175251735,0.0076681131202061444,0,0.21195393645713739,-51.366290907514198,-3.7306269184966823e-13
0.609375,0.890625,0.21209529089636364,-0.00372234953484093,0,0.21212795267590889,-35.006957070127307,3.3080482797487321e-13
0.640625,0.890625,0.20861402249863276,-0.016849091568351786,0,0.2092933402422035,-15.677266762105392,-3.3750779948604759e-14
0.671875,0.890625,0.20092476058455877,-0.032230423334409973,0,0.2034933895837345,7.2988658570940022,8.6930462828149757e-14
0.703125,0.890625,0.18857767911933793,-0.050489968234829076,0,0.19521981957370524,34.642562818111642,1.2434497875801753e-14
0.734375,0.890625,0.17117105564973045,-0.072380134466655671,0,0.18584513487754872,67.093668438392214,3.1930014188219502e-13
0.765625,0.890625,0.14844144533123566,-0.098796250253365109,0,0.17831310034922215,105.38945430445656,-3.9923619965520629e-13
0.796875,0.890625,0.12041784758911156,-0.13075051598094112,0,0.17775307436800311,150.28288598550265,8.9706020389712648e-13
0.828125,0.890625,0.087682644864053541,-0.16921596828510577,0,0.19058407628398982,202.67925423299741,-9.5301544433823437e-13
0.859375,0.890625,0.051810172542909289,-0.21459020650257871,0,0.22075608871726599,264.04153904451846,1.3100631690576847e-12
0.890625,0.890625,0.016086982067958826,-0.26510486421986973,0,0.26559250747167246,337.28792211082475,-1.1186607196123077e-12
0.921875,0.890625,-0.013392217919657756,-0.31236680208472245,0,0.31265375504772652,428.2327531431078,1.1158851620507448e-12
0.953125,0.890625,-0.026598320471749183,-0.32863395653262534,0,0.32970858047403823,544.24591218438411,-6.2039262616053747e-13
0.984375,0.890625,-0.01380190774576321,-0.22726983769001594,0,0.22768854117207732,661.02549029362365,3.1485924978369439e-13
0.015625,0.921875,-0.014099981357055324,0.17239071476159962,0,0.17296637826550137,-567.70383786057607,5.624389842751043e-13
0.046875,0.921875,-0.025444729255851541,0.2170338961716663,0,0.21852035679624271,-440.72864810402064,-3.4416913763379853e-15
0.078125,0.921875,-0.010367969396779239,0.19819980408693097,0,0.1984707966666894,-352.87035542145173,9.8965280415086454e-13
0.109375,0.921875,0.01848415701681351,0.17039021900562468,0,0.17138987949528103,-299.75446399586582,-2.7977620220553945e-13
0.140625,0.921875,0.053100459741021448,0.14443164983234325,0,0.15388359333600335,-263.81435690171128,9.5345953354808444e-13
0.171875,0.921875,0.08945206065872259,0.12229202246871934,0,0.15151570847797116,-236.73714589691045,-7.7715611723760958e-14
0.203125,0.921875,0.12542801134731291,0.10388178366239403,0,0.16286071044736999,-214.77202187803826,4.9560355819266988e-13
0.234375,0.921875,0.15989948278537547,0.088648320773354161,0,0.18282879798042234,-196.09453781612882,3.9346303992715548e-13
0.265625,0.921875,0.19227271658847606,0.075994927322760114,0,0.20674628539130763,-179.72581892197218,-1.1102230246251565e-14
0.296875,0.921875,0.22225293208629049,0.06538885851379278,0,0.23167233032602333,-165.07373686445501,7.0921046813055e-13
0.328125,0.921875,0.24970930019349596,0.056379295611708756,0,0.25599484287148822,-151.7256534170113,-1.8252066524837574e-13
0.359375,0.921875,0.27459319686564665,0.04858899276995253,0,0.2788589499788276,-139.34795266746525,5.9463545198923384e-13
0.390625,0.921875,0.29688646068002528,0.041699365669041102,0,0.29980061312864686,-127.63270201867684,6.1395333261771157e-14
0.421875,0.921875,0.31656716229002063,0.035435141338892535,0,0.31854421589798732,-116.26545024760854,1.4799272918253337e-13
0.453125,0.921875,0.33358567184412263,0.0295501643182726,0,0.33489194178261678,-104.90225617030931,4.3554049256044891e-13
0.484375,0.921875,0.34784664429793538,0.023814381045388439,0,0.34866088494970199,-93.150264627603804,-2.5079938126282286e-13
0.515625,0.921875,0.35919419520824547,0.018001433848520983,0,0.35964499369781561,-80.549084816506678,5.7848170698093782e-13
0.546875,0.921875,0.36739860374738553,0.011876005158377091,0,0.36759049706711705,-66.551790353444147,-3.1502578323738817e-13
0.578125,0.921875,0.37214368891333138,0.0051798008707733233,0,0.37217973552449524,-50.505421747978531,4.0370484732932255e-13
0.609375,0.921875,0.3730148082744883,-0.0023852657904073205,0,0.37302243455983203,-31.631885811637709,-1.0466627564653663e-13
0.640625,0.921875,0.369488488560754,-0.011178587201314653,0,0.369657549619547,-9.0113894521496736,1.6370238498097933e-13
0.671875,0.921875,0.36092637483777912,-0.021649552064394135,0,0.36157509753594747,18.427849722047199,4.6629367034256575e-14
0.703125,0.921875,0.34657904910227721,-0.034376432304116675,0,0.34827973867941009,51.908085713459442,2.0550228185811648e-13
0.734375,0.921875,0.32561027994045089,-0.050118277765928018,0,0.32944483023584009,92.78224392433215,-1.3877787807814457e-13
0.765625,0.921875,0.29716111954757041,-0.069879336242711546,0,0.30526685474267817,142.4924003357421,6.0196292395175988e-13
0.796875,0.921875,0.26048907919943787,-0.09497179190132983,0,0.27726197294097238,202.51797019181305,-5.7820415122478153e-13
0.828125,0.921875,0.21524612534304688,-0.1270165357832615,0,0.24992817935874137,274.36878721203834,1.0551559626037488e-12
0.859375,0.921875,0.16201021752278449,-0.16768125886300839,0,0.23316156449051198,359.78446427496283,-9.0061291757592699e-13
0.890625,0.921875,0.10327263724778289,-0.21755304110948123,0,0.2408206039775164,461.54409566069336,1.1430856261540612e-12
0.921875,0.921875,0.045227166368125696,-0.27239395432783103,0,0.27612309380427169,585.8967836740328,-7.5051076464660582e-13
0.953125,0.921875,0.00090956286443415017,-0.31108309823372704,0,0.31108442794730023,748.02388449516013,6.830092047493963e-13
0.984375,0.921875,-0.007817900207342951,-0.24888964564311883,0,0.24901239983585,954.19308586553802,-1.0480505352461478e-13
0.015625,0.953125,-0.0028631574273018179,0.18935385354597042,0,0.18937549874036591,-891.18803850797769,3.1213920337336276e-13
0.046875,0.953125,0.019949897270822227,0.18860245058799199,0,0.18965464077873845,-636.30467581399228,6.8700600763804687e-13
0.078125,0.953125,0.078601760191115283,0.15290262689126577,0,0.17192280248818428,-492.30160785436794,-1.6431300764452317e-14
0.109375,0.953125,0.14461014696118266,0.12082688301765358,0,0.18844423648362554,-401.10275125832453,8.3355544688856753e-13
0.140625,0.953125,0.20822773416284623,0.095761095894465242,0,0.22919200850270047,-335.68954886080013,-7.0166095156309893e-14
0.171875,0.953125,0.266204873424086,0.076633836227679192,0,0.27701584700104148,-285.89957648181809,6.5147887085004186e-13
0.203125,0.953125,0.31775134245340481,0.062017550185544106,0,0.32374695699258305,-246.78264373670461,1.5054624213917123e-13
0.234375,0.953125,0.36304692613987011,0.05074549912569707,0,0.36657628982399343,-215.40794833486234,2.9176661087149114e-13
0.265625,0.953125,0.40262813904842387,0.041943302258780103,0,0.40480694035301362,-189.82051153379999,4.2943426592501055e-13
0.296875,0.953125,0.43712136218100828,0.034967044947391911,0,0.43851770717649835,-168.61996260511535,2.708944180085382e-14
0.328125,0.953125,0.4671254680011887,0.029340635250740408,0,0.46804601881892616,-150.75257224139284,5.1092463593249704e-13
0.359375,0.953125,0.49316204070164682,0.024707183758326923,0,0.49378056190810155,-135.38988077747112,2.453592884421596e-14
0.390625,0.953125,0.51565645935122228,0.020793492216728132,0,0.51607553070185952,-121.84833368199833,3.1952218648712005e-13
0.421875,0.953125,0.53493246371372971,0.017384308818714458,0,0.5352148679997083,-109.53062851762728,2.1838086894376829e-13
0.453125,0.953125,0.55121161997369905,0.014303331024392223,0,0.55139716654370197,-97.879085709650695,2.3092638912203256e-14
0.484375,0.953125,0.56461323968281407,0.011398622176350116,0,0.56472828777443229,-86.335281255441402,3.7631009419669681e-13
0.515625,0.953125,0.57515224550134736,0.0085306359887248641,0,0.57521550505494401,-74.301913418584078,-1.411093464298574e-13
0.546875,0.953125,0.58273331588931399,0.0055613240910736619,0,0.58275985257479856,-61.103625510008428,3.4527936065842368e-13
0.578125,0.953125,0.58713989068586026,0.0023428219755901492,0,0.58714456486406585,-45.943736075468834,-8.7901907974696769e-14
0.609375,0.953125,0.58801655170383005,-0.0012960672743444282,0,0.58801798005506822,-27.853763167889106,1.9829970998586077e-13
0.640625,0.953125,0.58484311967896696,-0.0055680339787755242,0,0.58486962447900748,-5.632480579957269,3.9551695252271202e-14
0.671875,0.953125,0.5768988465130277,-0.010753718398012958,0,0.5769990654822984,22.228635093509993,1.4765966227514582e-13
0.703125,0.953125,0.56321598837448494,-0.017242082096446475,0,0.56347984787006233,57.635637877014595,3.3861802251067274e-14
0.734375,0.953125,0.54252527423429231,-0.025593144671572563,0,0.5431286056148894,102.99691866030105,3.2795988147427124e-13
0.765625,0.953125,0.51320446963269417,-0.036634504342578943,0,0.51451036389892224,161.33474728164825,-1.900701818158268e-13
0.796875,0.953125,0.47326191634777182,-0.051602030168399954,0,0.47606681356997133,236.38537196299995,6.5192296005989192e-13
0.828125,0.953125,0.42043286372400757,-0.072314291036025824,0,0.42660655127085539,332.66292677956983,-4.6873616099674109e-13
0.859375,0.953125,0.35256397960072527,-0.10127871166669103,0,0.36682248724521427,455.49321893149403,8.4732221239391947e-13
0.890625,0.953125,0.26866449654596997,-0.14131852497603303,0,0.30356471666796386,611.22356831520403,-5.3823612233827589e-13
0.921875,0.953125,0.17144621338657412,-0.19336471642221739,0,0.25842545857875387,808.83097002585737,7.0610184366159956e-13
0.953125,0.953125,0.073403122504191134,-0.24775164175326034,0,0.25839677704027414,1069.7477836942428,-2.6378899065093719e-13
0.984375,0.953125,0.013308514651425503,-0.243399031199034,0,0.24376259957355134,1441.7103205644219,2.5057733665789783e-13
0.015625,0.984375,0.09610850548664554,0.09610850548663856,0,0.13591795191861822,-1747.8405584077479,4.4675374510916299e-13
0.046875,0.984375,0.27368013020458426,0.081463119231288433,0,0.28554693740905246,-1016.4171694679009,3.0553337637684308e-13
0.078125,0.984375,0.415106737484085,0.059963488048199162,0,0.41941533520317015,-658.27995282032759,5.3557158707917552e-13
0.109375,0.984375,0.51896729905352901,0.043897073521233218,0,0.52082051663758744,-458.07267893347381,2.0872192862952943e-13
0.140625,0.984375,0.59545249490877383,0.032588122334000366,0,0.59634357497196122,-335.49357612966088,5.0537352080937126e-13
0.171875,0.984375,0.65266139133924184,0.024620774096456521,0,0.653125619051943,-256.2174190333414,2.1316282072803006e-13
0.203125,0.984375,0.69621385003120961,0.018931684595501992,0,0.69647120088120174,-202.88241122659144,3.7259084706420253e-13
0.234375,0.984375,0.72994758284361128,0.014802048216889414,0,0.73009764712033276,-165.83333298352235,2.8732571877299051e-13
0.265625,0.984375,0.75650137708158671,0.011751746021077926,0,0.75659264935689208,-139.35482154879145,2.3081536681957004e-13
0.296875,0.984375,0.77770993911839292,0.0094568160157194187,0,0.77776743360254519,-119.9062471565484,3.3661962106634746e-13
0.328125,0.984375,0.79486172630738094,0.0076949711732607583,0,0.79489897253028774,-105.2105611811988,1.6187051699034782e-13
0.359375,0.984375,0.80886734946169692,0.0063106519810480332,0,0.80889196642914984,-93.749053549937912,2.9765079290200447e-13
0.390625,0.984375,0.82037047812444663,0.0051924766816944081,0,0.82038691066607283,-84.464738976605418,1.7158496845581794e-13
0.421875,0.984375,0.82982137646092391,0.0042584216547774043,0,0.82983230293023202,-76.579177958034435,1.8163248682867561e-13
0.453125,0.984375,0.8375256182525006,0.0034458201367931537,0,0.83753270676771097,-69.473235630147585,2.1105339698124226e-13
0.484375,0.984375,0.84367578499832174,0.0027043466090235979,0,0.84368011928877173,-62.604249283737509,6.6224803418890588e-14
0.515625,0.984375,0.84837091117159869,0.0019907795642491411,0,0.84837324694111027,-55.443124526200052,2.0633494912658534e-13
0.546875,0.984375,0.8516263560175199,0.0012646652816683483,0,0.85162729503108003,-47.420402809092863,2.8754776337791554e-14
0.578125,0.984375,0.85337514165258355,0.00048412035339246085,0,0.85337527897349097,-37.872637175393812,1.5263137975729535e-13
0.609375,0.984375,0.85346018849422567,-0.00039907351175360673,0,0.85346028179656197,-25.98027259031598,5.6538107529036097e-14
0.640625,0.984375,0.85161485388010183,-0.0014462611023729672,0,0.85161608194091987,-10.685470386756242,1.2204126598192033e-13
0.671875,0.984375,0.84742611427468217,-0.0027424785030502065,0,0.84743055192919869,9.4282025183045235,9.6006536054460412e-14
0.703125,0.984375,0.84026964309672914,-0.0044139926749067436,0,0.84028123651622655,36.325018700167234,1.6142642778049776e-13
0.734375,0.984375,0.82919738678282251,-0.0066582636390036332,0,0.82922411851208733,72.829252703106476,7.510658761589184e-14
0.765625,0.984375,0.81274396457655251,-0.0097951585672719325,0,0.81280298786789074,123.15416873498012,2.8133051444001467e-13
0.796875,0.984375,0.78859697396353212,-0.014351832045752759,0,0.7887275590642876,193.8044847719105,-9.6589403142388619e-15
0.828125,0.984375,0.75305333967320864,-0.021191802244576573,0,0.75335146171979128,295.09003483758022,3.879119248040297e-13
0.859375,0.984375,0.70019128038349909,-0.031670257045137748,0,0.70090715098819534,443.54598879738796,-8.6153306710912148e-14
0.890625,0.984375,0.62084240358952192,-0.047678619748844214,0,0.62267049141256858,665.50795494594115,3.9257486150745535e-13
0.921875,0.984375,0.50210992447010105,-0.071053859370581757,0,0.50711244037474068,1002.3715359276135,-6.2172489379008766e-14
0.953125,0.984375,0.3305732908235603,-0.10048277427596217,0,0.34550758100526846,1525.7502083727748,2.6378899065093719e-13
0.984375,0.984375,0.11504525827380112,-0.11504525827380228,0,0.1626985645375259,2416.2714819596431,7.460698725481052e-14
