step,time,post_projection_max_abs_divergence,integrated_divergence,net_mass_flux,kinetic_energy,center_u,center_v,advective_cfl,diffusive_number
1,0.0050000000000000001,1.1980442679582204e-12,0,0,0.00013500832329446985,-0.0027761284328661848,-0.00011361088157725214,0.021896443414785825,0.2049
2,0.01,2.4199947601388772e-12,8.4703294725430034e-22,0,0.00045646289546580625,-0.0052746819687308141,-0.00021547758332152124,0.039806045857245363,0.2049
3,0.014999999999999999,1.435171426145132e-12,2.1175823681357508e-21,0,0.00087665679957443592,-0.0075379092771730846,-0.00030606582523474936,0.054682498363495001,0.2049
4,0.02,2.5390106683786939e-12,1.3129010682441655e-20,0,0.0013421429481610503,-0.0096007955135048156,-0.00038607831601642964,0.067181807755638201,0.2049
5,0.025000000000000001,2.7408613573198792e-12,1.249373597200093e-20,0,0.001820751022748841,-0.011492381284163723,-0.00045633881012305911,0.077779168894453021,0.2049
6,0.030000000000000002,2.5732437014536202e-12,-5.5904174518783822e-20,0,0.0022936241834823241,-0.013236837808217661,-0.000517707483612251,0.086832220367672075,0.2049
7,0.035000000000000003,2.5726313440666004e-12,-2.7952087259391911e-20,0,0.0027502242259157539,-0.014854341769663656,-0.00057102572315889232,0.094617476682600357,0.2049
8,0.040000000000000001,2.4591526731621016e-12,-4.0445823231392841e-20,0,0.0031851713643053516,-0.016361786886210091,-0.00061708341743573218,0.10135288871064545,0.2049
9,0.044999999999999998,9.6677874039663436e-13,-1.249373597200093e-20,0,0.0035962392175792994,-0.017773362953541975,-0.00065660204467703448,0.10721270409850589,0.2049
10,0.049999999999999996,3.0340174816956278e-12,-1.1879637085241562e-19,0,0.0039830840094167291,-0.019101027599684899,-0.00069022822755797852,0.11233774878958155,0.2049
11,0.054999999999999993,2.1236484792908072e-12,6.162164691275035e-20,0,0.0043464426764969512,-0.020354891257257653,-0.00071853385658413255,0.11684281752924507,0.2049
12,0.059999999999999991,3.2594517362927178e-12,2.498747194400186e-20,0,0.0046876310562607125,-0.02154353189547923,-0.00074202006697063328,0.12082214515381272,0.2049
13,0.064999999999999988,3.0317397897716702e-12,6.9880218148479778e-20,0,0.0050082340743307667,-0.022674252859150215,-0.00076112324623966055,0.12435355027581874,0.2049
14,0.069999999999999993,2.2842118821420065e-12,1.2779609591699256e-19,0,0.0053099184863798351,-0.023753294539539255,-0.00077622189339409797,0.12750162947617957,0.2049
15,0.074999999999999997,2.7065762825406736e-12,-5.9715822781428174e-20,0,0.0055943234645868707,-0.024786008535848086,-0.00078764359593582042,0.13032025397148678,0.2049
16,0.080000000000000002,3.5449022189881774e-12,3.3140164061324501e-20,0,0.0058630002293314993,-0.025777001255818763,-0.00079567169568675036,0.13285609955680588,0.2049
17,0.085000000000000006,2.4134687304222524e-12,-1.0842021724855044e-19,0,0.0061173821940921323,-0.026730252592255279,-0.00080055141218333026,0.13514937280629552,0.2049
18,0.090000000000000011,2.1927668014676271e-12,-8.0044613515531382e-20,0,0.0063587737311313307,-0.027649214213671544,-0.00080249532236486567,0.13722838269022411,0.2049
19,0.095000000000000015,3.3092417695002041e-12,-3.1340219048409113e-20,0,0.0065883499636906076,-0.028536891156368503,-0.00080168817390381935,0.1391202299292533,0.2049
20,0.10000000000000002,3.9703726417705809e-12,-1.7215944652943654e-19,0,0.0068071627726782151,-0.029395909712387348,-0.00079829105585984259,0.14084795640537476,0.2049
21,0.10500000000000002,2.9760291453406751e-12,-3.34895651520669e-19,0,0.0070161500045044954,-0.030228574038003577,-0.00079244497763788807,0.14243122135936659,0.2049
22,0.11000000000000003,3.8066008678505625e-12,-9.8255821881498839e-20,0,0.0072161460262227112,-0.031036913465657869,-0.00078427391588678876,0.14388685554294262,0.2049
23,0.11500000000000003,1.2118084313783584e-12,2.3907504936252627e-19,0,0.0074078925180810704,-0.03182272215384449,-0.00077388739529969902,0.1452293170247162,0.2049
24,0.12000000000000004,3.2372373011402278e-12,-1.4208977690190888e-19,0,0.0075920488673851729,-0.032587592372007854,-0.00076138266509236845,0.1464710673733533,0.2049
25,0.12500000000000003,3.4246980251673165e-12,-1.300195574035351e-19,0,0.0077692018259814923,-0.033332942534883309,-0.00074684652937651128,0.14762288310238281,0.2049
26,0.13000000000000003,1.9960907926552807e-12,7.7927031147395631e-20,0,0.0079398742786170335,-0.034060040856946666,-0.00073035688406951674,0.14869411428836476,0.2049
27,0.13500000000000004,3.2471638225506361e-12,-8.9361975935328686e-20,0,0.008104533081175716,-0.034770025366183364,-0.00071198400561361963,0.14969289993472029,0.2049
28,0.14000000000000004,2.8250310077360119e-12,-3.0704944337968387e-20,0,0.008263595992767157,-0.035463920884353323,-0.00069179163177508123,0.15082491738965623,0.2049
29,0.14500000000000005,2.7222668563808838e-12,5.6327690992410973e-20,0,0.0084174377609670288,-0.036142653475981015,-0.00066983786792502965,0.15198048249606963,0.2049
30,0.15000000000000005,1.7055376208552353e-12,5.9927581018241749e-20,0,0.0085663954363454902,-0.036807062758368772,-0.00064617594867636243,0.15307204038595457,0.2049
31,0.15500000000000005,4.0993805572320241e-12,-2.8682653176398745e-19,0,0.0087107729979692301,-0.037457912440716529,-0.00062085487774489597,0.15410485473663441,0.2049
32,0.16000000000000006,2.1733561131331847e-12,-2.4796889530869642e-19,0,0.0088508453705194862,-0.038095899358284877,-0.00059391996781385829,0.15508362089927313,0.2049
33,0.16500000000000006,2.332046014630329e-12,1.3933691982333241e-19,0,0.0089868619089019039,-0.038721661238500855,-0.00056541329632100123,0.15601253936425608,0.2049
34,0.17000000000000007,3.2512629741243693e-12,-3.9598790284138541e-20,0,0.0091190494196634417,-0.039335783403698144,-0.0005353740918129608,0.15689537853523736,0.2049
35,0.17500000000000007,3.7795183649436126e-12,7.8456426739429569e-20,0,0.0092476147812662248,-0.039938804567275256,-0.00050383906254633959,0.15773552849624004,0.2049
36,0.18000000000000008,1.8788087405297027e-12,-1.1096131609031334e-19,0,0.0093727472179987153,-0.040531221856774519,-0.00047084267686961219,0.15853604717538769,0.2049
37,0.18500000000000008,4.4520546103876679e-12,2.380162581784584e-19,0,0.0094946202754088056,-0.04111349518879262,-0.00043641740348524384,0.15929970007741062,0.2049
38,0.19000000000000009,3.9201437235236725e-12,-6.9933157707683172e-20,0,0.009613393538812031,-0.041686051082678977,-0.00040059391828069289,0.16003203571261437,0.2049
39,0.19500000000000009,3.6727149099746725e-12,-1.9142944607947188e-19,0,0.0097292141307490625,-0.042249285996603547,-0.00036340128325030327,0.16073246754786014,0.2049
40,0.20000000000000009,2.370719506122887e-12,7.2474256549446073e-20,0,0.0098422180182486732,-0.042803569256461088,-0.00032486710199508214,0.16140286163069811,0.2049
41,0.2050000000000001,1.1399631238973029e-12,4.071052102740981e-20,0,0.0099525311563647568,-0.04334924562925016,-0.00028501765552152572,0.16204511368412625,0.2049
42,0.2100000000000001,2.9070079676785099e-12,3.705769144237564e-22,0,0.010060270490656224,-0.043886637597721725,-0.00024387802124682908,0.16266095855896975,0.2049
43,0.21500000000000011,2.977908718226896e-12,-1.2033161806931404e-19,0,0.010165544838008512,-0.044416047370010356,-0.00020147217858742104,0.16325198723986328,0.2049
44,0.22000000000000011,3.2623565307532409e-12,-1.7041244107572455e-19,0,0.010268455662371528,-0.044937758662369112,-0.00015782310211887073,0.16381966174038343,0.2049
45,0.22500000000000012,1.8688149985846003e-12,-5.0663158157647839e-19,0,0.010369097759602521,-0.045452038285410591,-0.00011295284512371985,0.16436532818218735,0.2049
46,0.23000000000000012,2.3384974512374868e-12,-2.5956265877423966e-19,0,0.010467559863537637,-0.04595913755540583,-6.6882614388042206e-05,0.16489022830761402,0.2049
47,0.23500000000000013,3.1532484956464657e-12,1.6972422680608043e-19,0,0.010563925183676893,-0.046459293564662274,-1.9632837376403601e-05,0.16539550963671715,0.2049
48,0.24000000000000013,2.2798330064077721e-12,-3.7952369992912995e-19,0,0.010658271883384396,-0.046952730307978377,2.8776776377119912e-05,0.16588223445199274,0.2049
49,0.24500000000000013,4.3273856720205117e-12,5.0795507055656323e-20,0,0.010750673506222387,-0.047439659702383036,7.8327179665231881e-05,0.16635138776243116,0.2049
50,0.25000000000000011,3.0013977414533599e-12,3.4146015686188982e-21,0,0.010841199356983668,-0.047920282502379133,0.00012899993687506822,0.16680388438021107,0.2049
51,0.25500000000000012,2.7743194026819129e-12,2.6551835918462146e-19,0,0.010929914843055322,-0.048394789128806834,0.00018077717700754379,0.16724057522315319,0.2049
52,0.26000000000000012,2.5101309919506321e-12,-8.4729764505031731e-20,0,0.011016881780973892,-0.048863360412928616,0.00023364155073341979,0.16766225293965414,0.2049
53,0.26500000000000012,3.0943581030840051e-12,-1.5582759251518957e-19,0,0.011102158672362823,-0.049326168275679816,0.00028757619040263084,0.16806965694002174,0.2049
54,0.27000000000000013,2.8398672302643035e-12,-3.059377126364126e-19,0,0.011185800952880867,-0.049783376341935526,0.00034256467296194101,0.16846347790645311,0.2049
55,0.27500000000000013,2.4819261229547251e-12,1.2456678280558554e-19,0,0.01126786121732108,-0.050235140501743852,0.00039859098574245515,0.16884436184338042,0.2049
56,0.28000000000000014,3.042899265892629e-12,1.419309582242987e-19,0,0.011348389423592137,-0.050681609417624854,0.00045563949390188031,0.16921291372375877,0.2049
57,0.28500000000000014,3.6030553540733479e-12,-4.8651454907918876e-20,0,0.011427433077946797,-0.051122924992457887,0.0005136949107070473,0.16956970077598282,0.2049
58,0.29000000000000015,1.5950973181189099e-12,1.3385767544578115e-19,0,0.011505037403537727,-0.051559222796752867,0.00057274226917331146,0.16991525545441244,0.2049
59,0.29500000000000015,4.315172351387897e-12,8.4332717811006278e-20,0,0.011581245494097451,-0.051990632456848179,0.0006327668955443276,0.17025007812763071,0.2049
60,0.30000000000000016,1.4652983687524213e-12,3.0691709448167539e-20,0,0.011656098454331784,-0.052417278017045002,0.00069375438497991772,0.17057463951601165,0.2049
61,0.30500000000000016,3.9162223811062269e-12,-9.314715441837134e-20,0,0.011729635528413832,-0.052839278265549787,0.00075569057767089706,0.17088938290643996,0.2049
62,0.31000000000000016,1.0703833652758732e-12,1.5320708433462157e-19,0,0.011801894217794763,-0.053256747044398457,0.00081856153752189699,0.1711947261663759,0.2049
63,0.31500000000000017,3.3247710140571485e-13,-6.6492086359462577e-20,0,0.011872910389416905,-0.053669793522538103,0.0008823535312347077,0.17149106358069247,0.2049
64,0.32000000000000017,3.4987221453341988e-12,7.5174174068819155e-20,0,0.01194271837526629,-0.05407852246144261,0.0009470530092213908,0.17177876752700988,0.2049
65,0.32500000000000018,2.7743918273870349e-12,3.1827262993080335e-19,0,0.012011351064118013,-0.054483034453914947,0.0010126465876315817,0.17205819000793676,0.2049
66,0.33000000000000018,1.7327389523202896e-12,-7.6841770183726059e-20,0,0.012078839986213698,-0.054883426143061367,0.001079121031088075,0.17232966405421579,0.2049
67,0.33500000000000019,3.7383603157525869e-12,1.7861807275225058e-19,0,0.012145215391531178,-0.055279790432102668,0.001146463237103884,0.172593505010571,0.2049
68,0.34000000000000019,2.9520778183078633e-12,1.4484263398048536e-19,0,0.012210506322242184,-0.055672216676311864,0.0012146602211591255,0.17285001171644626,0.2049
69,0.3450000000000002,1.0505945072236678e-12,2.1429933565533799e-19,0,0.012274740679882943,-0.05606079085937124,0.0012836991028378922,0.17309946759213066,0.2049
70,0.3500000000000002,3.1295105396011991e-12,1.1000840402465226e-19,0,0.012337945287702537,-0.05644559576122242,0.0013535670928788775,0.17334214163789785,0.2049
71,0.3550000000000002,4.3716159164874924e-12,-1.3796049128404417e-19,0,0.01240014594861882,-0.056826711113801276,0.001424251481349237,0.17357828935526681,0.2049
72,0.36000000000000021,3.4040738977614282e-12,1.5521878758435054e-19,0,0.012461367499155582,-0.057204213746662555,0.0014957396265448538,0.17380815359726245,0.2049
73,0.36500000000000021,2.5099922140725539e-12,-3.0122609186731056e-19,0,0.012521633859701214,-0.057578177720700882,0.0015680189445060452,0.17403196535416071,0.2049
74,0.37000000000000022,3.1480772849645788e-12,-2.9857911390714087e-19,0,0.012580968081394061,-0.057948674456903666,0.001641076899859744,0.17424994447993847,0.2049
75,0.37500000000000022,3.1360296304239199e-12,-4.292339460211167e-19,0,0.012639392389914622,-0.058315772855906764,0.0017149009969783463,0.17446230036559107,0.2049
76,0.38000000000000023,2.1048588219607645e-12,-2.8185021319886844e-19,0,0.012696928226428639,-0.058679539410500976,0.0017894787722269395,0.17466923256256911,0.2049
77,0.38500000000000023,3.3496538875965598e-12,-6.6703844596276152e-20,0,0.012753596285913816,-0.059040038308943846,0.0018647977866309662,0.17487496068310732,0.2049
78,0.39000000000000024,2.5445756612896275e-12,-3.8116482626443515e-21,0,0.012809416553066241,-0.059397331536647252,0.0019408456196222316,0.17511297607689286,0.2049
79,0.39500000000000024,1.3585608332755683e-12,1.4844252400631613e-19,0,0.012864408335983258,-0.05975147896817723,0.0020176098627342244,0.17534537504816891,0.2049
80,0.40000000000000024,2.1252808540817014e-12,2.2213439041744026e-19,0,0.012918590297779075,-0.060102538455136731,0.002095078115120665,0.17557233716959819,0.2049
81,0.40500000000000025,3.411493310068181e-12,-1.802062595283524e-19,0,0.012971980486299486,-0.060450565911853958,0.0021732379784308968,0.17579403452364528,0.2049
82,0.41000000000000025,6.1360118375208828e-13,-1.3319593095573873e-19,0,0.013024596362069648,-0.060795615391456254,0.0022520770530293499,0.176010632096393,0.2049
83,0.41500000000000026,4.4874000348915644e-12,5.5057141571529522e-19,0,0.013076454824602502,-0.061137739160220042,0.0023315829344344799,0.17622228814599908,0.2049
84,0.42000000000000026,1.8324213674203449e-12,-1.462190625197736e-19,0,0.013127572237186467,-0.061476987773347688,0.0024117432108114603,0.17642915454698893,0.2049
85,0.42500000000000027,1.521935355519588e-12,1.4823076576950256e-19,0,0.013177964450266401,-0.061813410133432667,0.0024925454599274408,0.17663137711502733,0.2049
86,0.43000000000000027,3.5004117659998002e-12,-1.2514911795682288e-19,0,0.013227646823499742,-0.062147053560412086,0.0025739772476901621,0.17682909590965196,0.2049
87,0.43500000000000028,2.5710614193208414e-12,-2.414043899674756e-20,0,0.013276634246595885,-0.062477963852441254,0.0026560261267305147,0.17702244551924645,0.2049
88,0.44000000000000028,2.7176039196774582e-12,-9.8467580118312414e-20,0,0.013324941159015943,-0.06280618533693505,0.002738679634867916,0.17721155532989435,0.2049
89,0.44500000000000028,1.9838367060209805e-12,-1.6326560058326639e-19,0,0.013372581568599474,-0.063131760932209013,0.0028219252950709714,0.17739654977644598,0.2049
90,0.45000000000000029,1.8588325323420918e-12,-3.2610768469290563e-20,0,0.013419569069205599,-0.063454732196371794,0.0029057506148082099,0.17757754858004729,0.2049
91,0.45500000000000029,2.1250275844542088e-12,1.6940658945086007e-19,0,0.013465916857421127,-0.063775139377431622,0.0029901430862537912,0.17775466697160633,0.2049
92,0.4600000000000003,3.6685376958445204e-12,2.0328790734103208e-20,0,0.013511637748398754,-0.06409302146036816,0.0030750901867701444,0.177928015902237,0.2049
93,0.4650000000000003,2.5969903311162668e-12,2.3081647812679684e-20,0,0.01355674419088271,-0.064408416213619646,0.0031605793794128594,0.178097702241832,0.2049
94,0.47000000000000031,4.481670243250413e-12,-3.815883427380623e-19,0,0.013601248281469205,-0.06472136022993355,0.0032465981143309994,0.17826382896655343,0.2049
95,0.47500000000000031,2.9834190673483363e-12,-1.266314256145179e-19,0,0.01364516177815429,-0.0650318889729605,0.0033331338299838857,0.17842649533531382,0.2049
96,0.48000000000000032,1.7397524393336639e-12,7.2633075227056254e-20,0,0.013688496113210638,-0.065340036810722188,0.0034201739543816873,0.17858579705773386,0.2049
97,0.48500000000000032,2.2468294585964443e-12,1.2281977735187355e-19,0,0.013731262405429328,-0.065645837057615231,0.0035077059071657508,0.17874182645173886,0.2049
98,0.49000000000000032,3.3729685711136881e-12,-5.7809998650105998e-20,0,0.013773471471772587,-0.065949322009685091,0.0035957171015591318,0.1788946725933207,0.2049
99,0.49500000000000033,3.1399327582448677e-12,6.4607438051821758e-19,0,0.013815133838467277,-0.066250522981259746,0.0036841949465826326,0.1790444214578911,0.2049
100,0.50000000000000033,2.6488880533470649e-12,-2.2329906071991493e-19,0,0.013856259751575348,-0.066549470336262101,0.0037731268491831018,0.17919115605465308,0.2049
101,0.50500000000000034,3.1302998387827685e-12,1.9619400640777732e-19,0,0.013896859187067082,-0.06684619352031293,0.0038625002171494083,0.17933495655392337,0.2049
102,0.51000000000000034,6.9277916736609768e-13,2.8576774057991958e-19,0,0.013936941860427475,-0.067140721096271977,0.0039523024615320933,0.17947590040683528,0.2049
103,0.51500000000000035,1.0862647586984409e-12,-4.6597400010827197e-19,0,0.013976517235828205,-0.067433080767956372,0.0040425209993445741,0.17961406246061959,0.2049
104,0.52000000000000035,1.7951751196676469e-12,-4.5093916529450814e-19,0,0.014015594534877262,-0.067723299413993882,0.0041331432567713296,0.17974951506638384,0.2049
105,0.52500000000000036,1.7274515151655123e-12,-6.9710811559028918e-19,0,0.014054182744982865,-0.068011403113960797,0.0042241566720198753,0.17988232818247002,0.2049
106,0.53000000000000036,3.8909795524455504e-12,4.0170537523535194e-19,0,0.014092290627344153,-0.068297417173752567,0.0043155486982204769,0.18001256947250299,0.2049
107,0.53500000000000036,3.0408349449562166e-12,2.0847598414296467e-19,0,0.014129926724589886,-0.068581366152970891,0.004407306807108595,0.18014030439831197,0.2049
108,0.54000000000000037,2.0274094902905659e-12,-3.5045988192646677e-19,0,0.014167099368088592,-0.068863273891206486,0.0044994184917316882,0.18026559630826872,0.2049
109,0.54500000000000037,4.5827699274303413e-12,-3.9387032047324966e-19,0,0.014203816684944508,-0.069143163527242812,0.004591871269930878,0.18038850652214275,0.2049
110,0.55000000000000038,2.9683200342134342e-12,-2.1366406094489726e-19,0,0.014240086604692396,-0.069421057529535896,0.0046846526877399632,0.18050909441043531,0.2049
111,0.55500000000000038,2.6885160764322791e-12,-3.5840081580697583e-19,0,0.01427591686571769,-0.06969697771217731,0.004777750322683523,0.18062741747152389,0.2049
112,0.56000000000000039,1.8595593814785261e-12,5.5734767929332962e-19,0,0.014311315021401554,-0.069970945258882644,0.004871151786940555,0.18074353140406005,0.2049
113,0.56500000000000039,2.0321522242738865e-12,1.2790197503539935e-19,0,0.014346288446016474,-0.070242980746576533,0.0049648447311155981,0.18085749017625385,0.2049
114,0.5700000000000004,3.4591218778246002e-12,-1.3234889800848443e-19,0,0.01438084434038322,-0.070513104161785481,0.005058816847194658,0.1809693460923367,0.2049
115,0.5750000000000004,4.0675171564252821e-12,2.2954592870591539e-19,0,0.014414989737292692,-0.070781334923315509,0.0051530558722659792,0.1810791498552857,0.2049
116,0.5800000000000004,2.6963709043315021e-12,3.6951812323968852e-20,0,0.014448731506717884,-0.071047691900474191,0.0052475495916422766,0.18118695062723561,0.2049
117,0.58500000000000041,1.8147983116278965e-12,-1.7427702889757229e-19,0,0.014482076360814477,-0.07131219342979353,0.005342285842218855,0.18129279608717719,0.2049
118,0.59000000000000041,3.1953051315980474e-12,-6.0562855728682474e-20,0,0.014515030858724572,-0.071574857334752537,0.0054372525158352912,0.18139673248569091,0.2049
119,0.59500000000000042,4.5270454052115383e-12,-2.1175823681357508e-22,0,0.014547601411195031,-0.071835700944389208,0.0055324375626577965,0.18149880469720978,0.2049
120,0.60000000000000042,2.7708633998368981e-12,-1.7734752333136913e-19,0,0.014579794285019489,-0.072094741107254667,0.0056278289939188514,0.1815990562706209,0.2049
121,0.60500000000000043,2.4392935588091191e-12,-1.0289332726771613e-18,0,0.014611615607305646,-0.072351994209286091,0.0057234148859136962,0.18169752947693979,0.2049
122,0.61000000000000043,1.1519951659266781e-12,-4.5739779151732218e-20,0,0.014643071369586551,-0.072607476190202289,0.0058191833823694264,0.1817942653552585,0.2049
123,0.61500000000000044,2.8071919788708044e-12,-3.6909460676606137e-19,0,0.014674167431773829,-0.072861202556708859,0.0059151226978163465,0.18188930375686166,0.2049
124,0.62000000000000044,2.8141933228198468e-12,-2.3843977465208555e-19,0,0.014704909525963926,-0.073113188400939527,0.0060112211207814861,0.18198268338686113,0.2049
125,0.62500000000000044,1.6404533981217995e-12,-2.1122884122154115e-19,0,0.014735303260107017,-0.073363448410493512,0.006107467016381261,0.18207444184491201,0.2049
126,0.63000000000000045,2.3483437416871311e-12,-1.3293123315972176e-19,0,0.014765354121537814,-0.073611996886192563,0.0062038488294346682,0.18216461566354533,0.2049
127,0.63500000000000045,3.002362247706003e-12,8.9044338580108323e-20,0,0.014795067480381256,-0.07385884775525145,0.0063003550874096252,0.18225324034483412,0.2049
128,0.64000000000000046,3.0982161280945775e-12,-1.113318930047371e-19,0,0.014824448592836961,-0.07410401457982238,0.0063969744026475834,0.1823403503967482,0.2049
129,0.64500000000000046,2.2482710138049811e-12,1.7470054537119944e-19,0,0.014853502604340065,-0.074347510579680975,0.0064936954758405708,0.18242597936564472,0.2049
130,0.65000000000000047,2.3946348376435722e-12,1.1996104115489029e-19,0,0.014882234552621932,-0.074589348631977706,0.0065905070977108505,0.18251015987058733,0.2049
131,0.65500000000000047,4.6262733227608877e-12,3.6930636500287495e-19,0,0.014910649370649729,-0.074829541294641699,0.0066873981523087166,0.18259292363313748,0.2049
132,0.66000000000000048,3.1354849272524632e-12,2.9561449859175082e-19,0,0.014938751889476189,-0.0750681008117981,0.0067843576190791868,0.18267430150817837,0.2049
133,0.66500000000000048,3.5030797707058525e-12,1.5987746879424919e-20,0,0.014966546840984548,-0.07530503912732725,0.0068813745751720307,0.18275432351233101,0.2049
134,0.67000000000000048,2.8646460203951563e-12,-6.6259152298967644e-19,0,0.014994038860542099,-0.075540367894883886,0.0069784381978718196,0.18283301885202846,0.2049
135,0.67500000000000049,2.9738017603975209e-12,2.9741444360466621e-19,0,0.015021232489560955,-0.075774098489647029,0.0070755377667282337,0.18291041594959748,0.2049
136,0.68000000000000049,2.538632498660931e-12,2.3706334611279731e-19,0,0.01504813217797738,-0.076006242017417056,0.0071726626656681038,0.18298654246938501,0.2049
137,0.6850000000000005,3.6294543759307629e-12,-2.9709680624944584e-19,0,0.015074742286643291,-0.076236809327580563,0.0072698023850032564,0.18306142534151915,0.2049
138,0.6900000000000005,1.898828316804213e-12,-8.0034025603690703e-19,0,0.015101067089643769,-0.076465811019323843,0.0073669465234227028,0.18313509078630574,0.2049
139,0.69500000000000051,2.7445268280246182e-12,1.1847873349719526e-19,0,0.015127110776534081,-0.076693257454579375,0.0074640847897697541,0.18320756433630794,0.2049
140,0.70000000000000051,1.8198428874960371e-12,-7.4221262003158067e-20,0,0.015152877454507271,-0.076919158762488976,0.0075612070047364494,0.18327887085888914,0.2049
141,0.70500000000000052,2.6924573681696984e-12,4.9011443910501953e-19,0,0.015178371150486682,-0.077143524854973305,0.0076583031028442106,0.18334903457628632,0.2049
142,0.71000000000000052,2.1667771743505426e-12,8.4491536488616459e-20,0,0.015203595813158784,-0.077366365430917142,0.0077553631337758224,0.18341807908653673,0.2049
143,0.71500000000000052,2.3214069555521633e-12,1.5786576554452023e-19,0,0.015228555314935523,-0.077587689984556299,0.0078523772639009573,0.18348602738282099,0.2049
144,0.72000000000000053,3.391599501245679e-12,7.0409613740513716e-20,0,0.015253253453855345,-0.077807507815903426,0.0079493357777772264,0.18355290187204071,0.2049
145,0.72500000000000053,2.7308155736704975e-12,-3.6867109029243422e-19,0,0.015277693955426616,-0.078025828036861838,0.008046229079578044,0.18361872439303872,0.2049
146,0.73000000000000054,3.7467216829067951e-12,4.2436350657440447e-19,0,0.01530188047441175,-0.078242659580905621,0.0081430476941053969,0.18368351623373996,0.2049
147,0.73500000000000054,3.1890046159332996e-12,1.4039571100740028e-19,0,0.015325816596558338,-0.07845801120853646,0.0082397822682967626,0.1837472981482815,0.2049
148,0.74000000000000055,2.0760389934926238e-12,1.6135977645194421e-19,0,0.015349505840274006,-0.078671891514023512,0.0083364235719844554,0.18381009037311916,0.2049
149,0.74500000000000055,2.7431529270316446e-12,-1.4674845811180753e-19,0,0.015372951658251992,-0.078884308936125205,0.0084329624991208649,0.18387191264213021,0.2049
150,0.75000000000000056,2.8684589425953533e-12,1.2366681029912785e-19,0,0.015396157439048956,-0.079095271760717914,0.0085293900688874925,0.18393278420224679,0.2049
151,0.75500000000000056,4.1370379344485286e-12,-1.9905274260476058e-19,0,0.015419126508612496,-0.079304788130234227,0.008625697426049803,0.1839927238276266,0.2049
152,0.76000000000000056,4.2943426592501055e-12,1.334076891925523e-20,0,0.015441862131765651,-0.079512866047926303,0.0087218758424306361,0.18405174983369763,0.2049
153,0.76500000000000057,2.0741186546047174e-12,2.1556988507621944e-19,0,0.015464367513645244,-0.079719513385412152,0.0088179167166695556,0.18410988009077495,0.2049
154,0.77000000000000057,2.5052165203431898e-12,-1.7914746834428452e-19,0,0.015486645801097603,-0.079924737887968375,0.0089138115760842435,0.18416713203683421,0.2049
155,0.77500000000000058,3.8250444478471479e-12,7.2209558753429104e-19,0,0.015508700084037472,-0.080128547180929932,0.0090095520761340597,0.18422352269027742,0.2049
156,0.78000000000000058,2.0043966486582576e-12,6.6555613830506649e-19,0,0.015530533396762755,-0.080330948774517685,0.0091051300016871256,0.18427906866209948,0.2049
157,0.78500000000000059,4.0327133993267594e-12,2.2954592870591539e-19,0,0.015552148719233425,-0.080531950070156025,0.0092005372668321379,0.18433378616733778,0.2049
158,0.79000000000000059,3.3386661490997227e-12,8.2162195883667133e-20,0,0.015573548978314805,-0.080731558364019046,0.0092957659158300586,0.18438769103690639,0.2049
159,0.7950000000000006,2.1800755645173808e-12,2.3568691757350907e-19,0,0.015594737048982205,-0.080929780854111594,0.0093908081228852858,0.18444079872805916,0.2049
160,0.8000000000000006,3.3668241805617782e-12,-1.9862922613113343e-19,0,0.015615715755494251,-0.081126624643593687,0.0094856561926843254,0.18449312433512791,0.2049
161,0.8050000000000006,1.6351364706679306e-12,4.9233790059156207e-19,0,0.015636487872533363,-0.081322096745892108,0.0095803025605591154,0.18454468259991103,0.2049
162,0.81000000000000061,2.5395588409971026e-12,2.6448603778015528e-19,0,0.015657056126312248,-0.081516204089115057,0.009674739792262084,0.18459548792137076,0.2049
163,0.81500000000000061,3.1930395827384217e-12,-4.8725570290803627e-19,0,0.015677423195650814,-0.081708953521321404,0.0097689605845071529,0.18464555436519609,0.2049
164,0.82000000000000062,2.839013746314123e-12,3.3521328887588936e-19,0,0.015697591713024234,-0.081900351813679273,0.0098629577645683031,0.18469508304941493,0.2049
165,0.82500000000000062,3.2575366015752394e-12,-3.1636680579948118e-19,0,0.015717564265581473,-0.082090405664189209,0.009956724290295647,0.1847441777471982,0.2049
166,0.83000000000000063,3.0172149501073164e-12,-9.8044063644685264e-20,0,0.01573734339613482,-0.082279121703885572,0.010050253250180875,0.18479256783675185,0.2049
167,0.83500000000000063,3.4690202099785239e-12,2.3378109344218689e-19,0,0.01575693160412624,-0.082466506494585118,0.010143537862511473,0.18484026619798974,0.2049
168,0.84000000000000064,3.8567760096697157e-12,-1.164670302474663e-19,0,0.015776331346560816,-0.082652566542587874,0.01023657147632567,0.1848872854199593,0.2049
169,0.84500000000000064,4.374483414393282e-12,-2.2785186281140679e-19,0,0.015795545038925499,-0.082837308292157769,0.01032934756987618,0.18493363780983299,0.2049
170,0.85000000000000064,4.0384622729261466e-12,-4.0445823231392841e-19,0,0.015814575056073848,-0.08302073813442902,0.010421859751077574,0.18497933539992747,0.2049
171,0.85500000000000065,2.8266868012938318e-12,2.1175823681357508e-19,0,0.015833423733091396,-0.083202862408949516,0.010514101756754697,0.18502438995507181,0.2049
172,0.86000000000000065,3.8176094230291113e-12,-9.3808898908413763e-20,0,0.015852093366139762,-0.08338368740557546,0.010606067452330128,0.18506881298002437,0.2049
173,0.86500000000000066,2.8251463668471644e-12,1.4611318340136681e-19,0,0.015870586213274532,-0.083563219371841427,0.01069775083142757,0.18511261572582821,0.2049
174,0.87000000000000066,4.4126646780995316e-12,-2.4966296120320502e-19,0,0.01588890449524703,-0.083741464509564406,0.01078914601511991,0.18515580919716251,0.2049
175,0.87500000000000067,4.007166126696049e-12,-2.456395547037471e-19,0,0.015907050396280143,-0.083918428982308585,0.010880247251605546,0.18519840415828592,0.2049
176,0.88000000000000067,3.7368771271806267e-12,-9.1161920948244074e-19,0,0.015925026064828159,-0.084094118914909782,0.010971048915464068,0.18524041113961145,0.2049
177,0.88500000000000068,1.9224032088427379e-12,-1.852884572118782e-19,0,0.015942833614315255,-0.084268540399402403,0.011061545507054826,0.18528184044353826,0.2049
178,0.89000000000000068,7.7051559577157036e-13,-2.0286439086740493e-19,0,0.015960475123856108,-0.084441699493146949,0.011151731651766333,0.18532270215066976,0.2049
179,0.89500000000000068,2.7330672447423154e-12,2.0455845676191353e-19,0,0.015977952638957366,-0.084613602223851114,0.011241602099385795,0.18536300612530388,0.2049
180,0.90000000000000069,3.5289722533082823e-12,-3.5998900258307764e-21,0,0.015995268172201711,-0.084784254591541791,0.011331151723373078,0.18540276202099376,0.2049
181,0.90500000000000069,2.7123026047348731e-12,3.2801350882422781e-19,0,0.016012423703916034,-0.084953662570040001,0.01142037551999716,0.18544197928594336,0.2049
182,0.9100000000000007,3.1991076454573886e-12,-2.3102823636361042e-19,0,0.016029421182821763,-0.085121832107710571,0.011509268607509306,0.18548066716839243,0.2049
183,0.9150000000000007,3.1950553314175067e-12,-5.1901943843007253e-19,0,0.016046262526668693,-0.085288769132705528,0.011597826225315817,0.18551883472129166,0.2049
184,0.92000000000000071,2.0472304407270769e-12,4.2648108894254022e-19,0,0.016062949622855267,-0.085454479550597345,0.011686043733212026,0.18555649080770498,0.2049
185,0.92500000000000071,2.3611182453642243e-12,-1.4357208455960391e-19,0,0.01607948432903137,-0.085618969248575094,0.011773916610252884,0.18559364410526591,0.2049
186,0.93000000000000071,2.0580204207476527e-12,2.1408757741852441e-19,0,0.016095868473687047,-0.085782244096814814,0.011861440454065548,0.1856303031108,0.2049
187,0.93500000000000072,1.2887468869848817e-12,2.9794383919670014e-19,0,0.016112103856728222,-0.085944309948646269,0.011948610979641724,0.18566647614502785,0.2049
188,0.94000000000000072,3.537448112211905e-12,6.246867986000465e-20,0,0.016128192250036751,-0.086105172645288108,0.012035424018664538,0.18570217135644884,0.2049
189,0.94500000000000073,3.185313124376421e-12,2.583450489125616e-19,0,0.016144135398020683,-0.086264838009099037,0.012121875518005223,0.18573739672675896,0.2049
190,0.95000000000000073,3.5095260031425823e-12,-3.798942768435537e-19,0,0.016159935018140878,-0.086423311858682267,0.012207961539557499,0.18577216007286929,0.2049
191,0.95500000000000074,2.6494362259654736e-12,-4.6523284627942446e-19,0,0.016175592801444646,-0.086580599996022911,0.012293678258266501,0.18580646905311077,0.2049
192,0.96000000000000074,3.4976951890364205e-12,7.7905855323714274e-19,0,0.016191110413066187,-0.086736708215358505,0.012379021961541673,0.18584033116979182,0.2049
193,0.96500000000000075,2.9277483215572886e-12,-1.6220680939919851e-19,0,0.016206489492727159,-0.086891642300892705,0.012463989048154135,0.18587375377359616,0.2049
194,0.97000000000000075,2.7705095162477988e-12,-4.2457526481121804e-19,0,0.016221731655221464,-0.087045408031226679,0.012548576026902389,0.18590674406668983,0.2049
195,0.97500000000000075,3.0255242755572453e-12,3.4664823366382241e-19,0,0.016236838490890165,-0.087198011177396006,0.012632779515961022,0.18593930910665862,0.2049
196,0.98000000000000076,1.2844759977870268e-12,-2.6575658720103673e-19,0,0.016251811566086204,-0.087349457504507483,0.012716596241344139,0.1859714558099711,0.2049
197,0.98500000000000076,2.2468069071912566e-12,8.2585712357294283e-21,0,0.016266652423625908,-0.087499752771651229,0.012800023035704988,0.18600319095529874,0.2049
198,0.99000000000000077,3.4261725401218968e-12,-2.9159109209229289e-19,0,0.016281362583230923,-0.087648902733080764,0.01288305683744493,0.18603452118688246,0.2049
199,0.99500000000000077,2.3497037648922969e-12,-2.1895801686523664e-19,0,0.016295943541959734,-0.087796913143917951,0.012965694689828139,0.18606545301689892,0.2049
200,1.0000000000000007,4.1537225048404736e-12,-4.6787982423959415e-19,0,0.016310396774635996,-0.087943789748916062,0.013047933738699821,0.18609599283024916,0.2049
201,1.0050000000000006,3.6286390558970538e-12,-2.5929796097822269e-19,0,0.01632472373425253,-0.088089538296439979,0.013129771232741498,0.18612614688572568,0.2049
202,1.0100000000000005,5.2424731222799892e-13,-3.1721383874673548e-19,0,0.016338925852382294,-0.088234164529908204,0.013211204521179834,0.18615592132016145,0.2049
203,1.0150000000000003,2.1313142223311488e-12,8.8282008927579453e-19,0,0.016353004539569577,-0.088377674190446481,0.013292231052904186,0.18618532215091635,0.2049
204,1.0200000000000002,3.0953989371695911e-12,1.1625527201065272e-19,0,0.016366961185715293,-0.088520073019346862,0.013372848375529002,0.18621435527847213,0.2049
205,1.0250000000000001,2.8380631178492877e-12,-7.7609393792175269e-19,0,0.016380797160455689,-0.088661366757491727,0.013453054133836687,0.18624302648924987,0.2049
206,1.03,3.2894797996618763e-12,2.1599340154984659e-19,0,0.016394513813530669,-0.088801561143358757,0.013532846068630814,0.18627134145835594,0.2049
207,1.0349999999999999,2.5551505355991821e-12,3.3193103620527895e-19,0,0.016408112475144444,-0.088940661917344371,0.013612222015600986,0.18629930575190751,0.2049
208,1.0399999999999998,3.652189661806915e-12,1.8295911660692887e-19,0,0.016421594456318672,-0.089078674817232348,0.013691179903927275,0.18632692482981911,0.2049
209,1.0449999999999997,3.0695723740592484e-12,5.7767647002743283e-19,0,0.016434961049236276,-0.089215605583440355,0.01376971775529579,0.18635420404789949,0.2049
210,1.0499999999999996,3.3764033235961222e-12,-2.3674570875757694e-19,0,0.016448213527579664,-0.089351459954796653,0.013847833682325776,0.18638114866036354,0.2049
211,1.0549999999999995,1.9095558467796536e-12,-5.0017295535366435e-19,0,0.016461353146861982,-0.089486243672431853,0.013925525887560368,0.18640776382207874,0.2049
212,1.0599999999999994,1.8332557694122897e-12,1.4230153513872246e-19,0,0.016474381144748845,-0.089619962476234161,0.01400279266212659,0.18643405459094189,0.2049
213,1.0649999999999993,3.4956482153347679e-12,1.5246593050577406e-19,0,0.016487298741374973,-0.089752622107421465,0.014079632384506411,0.18646002592989064,0.2049
214,1.0699999999999992,1.4039464035775495e-12,-3.815883427380623e-19,0,0.016500107139652966,-0.08988422830993989,0.014156043519437916,0.18648568270866916,0.2049
215,1.0749999999999991,1.6574276673342325e-12,-4.7222086809427244e-19,0,0.016512807525579827,-0.090014786823934365,0.014232024616290126,0.18651102970704683,0.2049
216,1.079999999999999,3.1463651128937897e-12,-2.9921438861758159e-19,0,0.016525401068526912,-0.090144303393692893,0.014307574308140409,0.18653607161549651,0.2049
217,1.0849999999999989,1.9035883980222934e-12,3.1319043224727755e-19,0,0.016537888921534499,-0.09027278376343878,0.014382691310555119,0.18656081303780481,0.2049
218,1.0899999999999987,1.7647480698990137e-12,-2.4182790644110275e-19,0,0.016550272221596038,-0.090400233677262229,0.014457374420026989,0.18658525849298968,0.2049
219,1.0949999999999986,1.9905639636608186e-12,2.5368636770266295e-19,0,0.016562552089933957,-0.090526658879567762,0.014531622513090054,0.18660941241706655,0.2049
220,1.0999999999999985,3.8548712832930931e-12,-6.1833405149563925e-20,0,0.01657472963227288,-0.090652065115476271,0.014605434544798747,0.18663327916481631,0.2049
221,1.1049999999999984,1.7603696278456482e-12,6.6894427009408369e-19,0,0.016586805939106306,-0.090776458131937049,0.014678809547895754,0.18665686301131434,0.2049
222,1.1099999999999983,3.7028366484115338e-12,7.7927031147395631e-20,0,0.016598782085959909,-0.090899843670662395,0.014751746630749452,0.18668016815467312,0.2049
223,1.1149999999999982,1.6715517858756357e-12,-3.7036515618694282e-19,0,0.016610659133640612,-0.091022227480093199,0.014824244977362292,0.18670319871600399,0.2049
224,1.1199999999999981,3.3156151435509429e-12,-2.1260526976082939e-19,0,0.016622438128495867,-0.091143615302268458,0.014896303844900184,0.18672595874275116,0.2049
225,1.124999999999998,2.6290636334636019e-12,2.0117032497289633e-20,0,0.01663412010265192,-0.091264012882481635,0.014967922563429586,0.186748452209204,0.2049
226,1.1299999999999979,1.6586246265326565e-12,3.6337713437209485e-19,0,0.016645706074257822,-0.091383425963526138,0.015039100534143802,0.18677068301845035,0.2049
227,1.1349999999999978,4.1857142751844378e-12,-1.6178329292557136e-19,0,0.016657197047719938,-0.091501860286791942,0.015109837228254163,0.18679265500395345,0.2049
228,1.1399999999999977,1.8944845692203671e-12,-8.0044613515531382e-20,0,0.016668594013931726,-0.09161932159421915,0.015180132186187887,0.18681437193063694,0.2049
229,1.1449999999999976,2.5335879227927904e-12,-8.5677382614772479e-19,0,0.016679897950501874,-0.091735815622412523,0.015249985015639953,0.18683583749710406,0.2049
230,1.1499999999999975,1.3807288645750759e-12,-2.1451109389215156e-19,0,0.016691109821972253,-0.091851348110415454,0.015319395391199822,0.18685705533594688,0.2049
231,1.1549999999999974,3.140963183989598e-12,-1.0524384369634682e-19,0,0.016702230580039307,-0.091965924791466785,0.015388363052548811,0.18687802901621708,0.2049
232,1.1599999999999973,1.7950085862139531e-12,-4.4469229730850768e-20,0,0.016713261163762878,-0.092079551398799253,0.015456887803784406,0.18689876204391201,0.2049
233,1.1649999999999971,4.2091261032162208e-12,1.8422966602781032e-20,0,0.0167242024997778,-0.092192233660649325,0.015524969511665239,0.18691925786394009,0.2049
234,1.169999999999997,3.04282987695359e-12,2.6639186191147746e-19,0,0.016735055502495141,-0.092303977303433732,0.015592608105139261,0.18693951986079069,0.2049
235,1.1749999999999969,4.2564840541103877e-12,4.7476196693603534e-19,0,0.016745821074305618,-0.092414788049230395,0.015659803573671145,0.18695955136035741,0.2049
236,1.1799999999999968,1.2674306049120787e-12,3.5617735432043329e-19,0,0.016756500105773699,-0.092524671617602888,0.01572655596646709,0.18697935563053295,0.2049
237,1.1849999999999967,3.443134666269998e-12,-1.359487880343152e-19,0,0.016767093475832044,-0.092633633720801092,0.015792865390805218,0.18699893588324559,0.2049
238,1.1899999999999966,3.1166874636667785e-12,2.1048768739269363e-19,0,0.016777602051967374,-0.09274168007030241,0.015858732011608652,0.18701829527453082,0.2049
239,1.1949999999999965,3.1504521214031911e-12,2.9053230090822502e-19,0,0.016788026690409203,-0.092848816369849388,0.015924156050009297,0.18703743690661612,0.2049
240,1.1999999999999964,3.2329694477084558e-12,2.4818065354551e-19,0,0.016798368236308814,-0.09295504831914235,0.015989137782074364,0.18705636382847371,0.2049
241,1.2049999999999963,3.6179115259216132e-12,9.1903074777091587e-20,0,0.016808627523918335,-0.093060381610683196,0.016053677537896129,0.18707507903727835,0.2049
242,1.2099999999999962,4.1566021458105951e-12,-2.7973263083073269e-19,0,0.016818805376764733,-0.093164821931925157,0.01611777570051497,0.18709358547905106,0.2049
243,1.2149999999999961,3.2544557326819046e-12,1.164670302474663e-20,0,0.016828902607820318,-0.093268374964955686,0.016181432704990024,0.18711188604975321,0.2049
244,1.219999999999996,2.8832491949515315e-12,1.6051274350468991e-19,0,0.016838920019674204,-0.093371046383433798,0.016244649037014461,0.18712998359664684,0.2049
245,1.2249999999999959,2.815525590449397e-12,-1.4717197458543468e-19,0,0.016848858404693655,-0.09347284185248908,0.016307425231825032,0.18714788091920187,0.2049
246,1.2299999999999958,2.6361135496699717e-12,1.308665903507894e-19,0,0.016858718545184549,-0.093573767032256991,0.0163697618738321,0.18716558076948597,0.2049
247,1.2349999999999957,3.3981498170909674e-12,-1.0884373372217759e-19,0,0.016868501213554859,-0.093673827573212923,0.016431659594539641,0.18718308585385063,0.2049
248,1.2399999999999956,2.0545717904774108e-12,-3.5617735432043329e-19,0,0.016878207172464837,-0.093773029118079138,0.016493119072684796,0.18720039883320486,0.2049
249,1.2449999999999954,3.4464653353438734e-12,-4.2372823186396374e-19,0,0.016887837174984793,-0.093871377300179942,0.016554141032155498,0.18721752232450467,0.2049
250,1.2499999999999953,3.764377698445287e-12,-1.0329566791766193e-18,0,0.016897391964740514,-0.09396887774405957,0.016614726241694189,0.18723445890108503,0.2049
251,1.2549999999999952,3.1112612486339231e-12,-5.6962965702851698e-20,0,0.016906872276062867,-0.094065536064444608,0.016674875513684118,0.18725121109390908,0.2049
252,1.2599999999999951,3.3045614855620187e-12,2.1239351152401581e-19,0,0.016916278834131278,-0.094161357866154927,0.01673458970306424,0.18726778139213762,0.2049
253,1.264999999999995,5.6724763775051201e-13,7.7079998200141331e-20,0,0.016925612355115464,-0.09425634874309563,0.016793869706596225,0.18728417224417782,0.2049
254,1.2699999999999949,2.7868471419445484e-12,-5.082197683525802e-19,0,0.016934873546313726,-0.094350514278149861,0.016852716461590651,0.18730038605831204,0.2049
255,1.2749999999999948,1.372867097781949e-12,1.3912516158651883e-19,0,0.016944063106289591,-0.094443860044544803,0.016911130945378092,0.18731642520334768,0.2049
256,1.2799999999999947,3.4447722452313201e-12,-5.0546691127400373e-19,0,0.016953181725006795,-0.094536391601973135,0.016969114173955274,0.18733229200980125,0.2049
257,1.2849999999999946,2.8395064077813004e-12,3.9810548520952116e-20,0,0.016962230083959369,-0.094628114500274987,0.017026667201398182,0.1873479887701909,0.2049
258,1.2899999999999945,3.2389022019962965e-12,-3.8455295805345235e-19,0,0.016971208856301181,-0.094719034274597769,0.017083791118658168,0.18736351774000937,0.2049
259,1.2949999999999944,2.0528717614709535e-12,4.9106735117068062e-19,0,0.016980118706973048,-0.094809156449336213,0.01714048705296593,0.18737888113843482,0.2049
260,1.2999999999999943,3.6574528128330286e-12,3.3415449769182148e-19,0,0.016988960292826379,-0.09489848653442419,0.017196756166635289,0.18739408114893941,0.2049
261,1.3049999999999942,2.5793395197482027e-12,2.8968526796097072e-19,0,0.016997734262745489,-0.094987030027227581,0.017252599656476054,0.18740911991992845,0.2049
262,1.3099999999999941,1.7539372731967262e-12,6.5221536938581126e-20,0,0.01700644125776837,-0.095074792411049075,0.017308018752606194,0.18742399956558189,0.2049
263,1.314999999999994,3.1153621349311322e-12,-9.7832305407871689e-20,0,0.017015081911203097,-0.095161779154813678,0.017363014717892027,0.18743872216630958,0.2049
264,1.3199999999999938,3.182846347593582e-12,-1.9820570965750628e-19,0,0.017023656848744535,-0.095247995712368749,0.017417588846908021,0.18745328976964909,0.2049
265,1.3249999999999937,4.2467696026449175e-12,-3.5342449724185682e-19,0,0.017032166688586699,-0.095333447524299536,0.017471742465314417,0.18746770439040716,0.2049
266,1.3299999999999936,1.2730823339968111e-12,-3.3711911300721153e-19,0,0.017040612041536566,-0.095418140015007508,0.017525476928839094,0.18748196801173161,0.2049
267,1.3349999999999935,3.0753698199159629e-12,-8.0256371752344957e-20,0,0.017048993511122365,-0.095502078591457984,0.017578793622246042,0.18749608258579509,0.2049
268,1.3399999999999934,2.3798740755864856e-12,6.9456701674852628e-20,0,0.017057311693699031,-0.095585268648764155,0.017631693959355405,0.1875100500336179,0.2049
269,1.3449999999999933,1.3133591436620407e-12,2.498747194400186e-19,0,0.017065567178558741,-0.095667715561683297,0.017684179381199386,0.18752387224659628,0.2049
270,1.3499999999999932,3.7708759725862961e-12,-3.7777669447541795e-19,0,0.01707376054803034,-0.095749424689987567,0.017736251355909199,0.18753755108650852,0.2049
271,1.3549999999999931,1.6915358003188885e-12,-5.3066614145481916e-19,0,0.017081892377582866,-0.095830401378340674,0.017787911378134385,0.18755108838586726,0.2049
272,1.359999999999993,2.146779282119482e-12,-4.6586812098986519e-19,0,0.017089963235928079,-0.095910650951080367,0.017839160967432145,0.18756448594913333,0.2049
273,1.3649999999999929,4.4756559569592014e-13,-8.3856261778175734e-20,0,0.017097973685115835,-0.095990178716718166,0.017890001668255717,0.18757774555269707,0.2049
274,1.3699999999999928,1.938171845239367e-12,-7.2844833463869829e-20,0,0.017105924280631742,-0.096068989965468407,0.01794043504912006,0.18759086894551646,0.2049
275,1.3749999999999927,4.4591344505739983e-12,9.3173624197973037e-20,0,0.017113815571493402,-0.096147089968947413,0.01799046270146662,0.18760385784978076,0.2049
276,1.3799999999999926,1.9411139362546237e-12,1.300195574035351e-19,0,0.017121648100341835,-0.096224483982154538,0.018040086239695809,0.18761671396094215,0.2049
277,1.3849999999999925,4.1056186228516367e-12,-3.4008372832260159e-19,0,0.017129422403536935,-0.096301177239370025,0.018089307299468178,0.18762943894892392,0.2049
278,1.3899999999999924,2.8156782461152829e-12,-3.8455295805345235e-19,0,0.017137139011243627,-0.096377174955297296,0.018138127538072327,0.18764203445800351,0.2049
279,1.3949999999999922,3.6480818366158019e-12,-5.9715822781428174e-20,0,0.017144798447523077,-0.096452482327866434,0.018186548632743237,0.18765450210743356,0.2049
280,1.3999999999999921,3.7491676430079224e-12,3.4220131069073734e-19,0,0.017152401230418762,-0.096527104533191965,0.018234572280805012,0.18766684349194862,0.2049
281,1.404999999999992,3.4129782333636172e-12,-5.3786592150648072e-20,0,0.017159947872042842,-0.09660104672910072,0.018282200198630909,0.18767906018207586,0.2049
282,1.4099999999999919,2.4540647292070616e-12,-1.7279472123987727e-19,0,0.017167438878660842,-0.096674314051912291,0.018329434121025889,0.18769115372482717,0.2049
283,1.4149999999999918,4.0978540005731645e-12,1.7491230360801302e-19,0,0.017174874750773662,-0.096746911617834885,0.018376275800452372,0.18770312564392233,0.2049
284,1.4199999999999917,1.0294994023940518e-12,6.7339119306716877e-20,0,0.017182255983198474,-0.096818844524227413,0.018422727006926317,0.18771497743996263,0.2049
285,1.4249999999999916,2.5333624087409135e-12,-5.4421866861088797e-19,0,0.017189583065151344,-0.096890117844134815,0.01846878952654115,0.1877267105916306,0.2049
286,1.4299999999999915,2.4104572504679567e-12,4.8450284582945979e-19,0,0.017196856480321744,-0.096960736633106059,0.018514465161785561,0.18773832655499295,0.2049
287,1.4349999999999914,3.4217073618947325e-12,1.7067713887174152e-19,0,0.017204076706955219,-0.097030705923217192,0.018559755730197018,0.18774982676487445,0.2049
288,1.4399999999999913,2.495850748296391e-12,-3.7692966152816365e-19,0,0.017211244217924384,-0.097100030725141201,0.018604663064368053,0.18776121263472201,0.2049
289,1.4449999999999912,3.317027208460388e-12,2.5961559833344305e-19,0,0.017218359480807036,-0.097168716028261937,0.018649189010807397,0.18777248555696563,0.2049
290,1.4499999999999911,1.2656542480726785e-12,1.8677076486957322e-19,0,0.017225422957958238,-0.097236766800561814,0.018693335429904812,0.18778364690354221,0.2049
291,1.454999999999991,4.5829451345014149e-12,-3.7692966152816365e-20,0,0.017232435106584246,-0.097304187985871565,0.018737104194762266,0.18779469802637438,0.2049
292,1.4599999999999909,1.6040502259784262e-12,5.2939559203393771e-20,0,0.017239396378811198,-0.097370984508225386,0.01878049719150246,0.18780564025728169,0.2049
293,1.4649999999999908,3.2698184437851552e-12,-4.0064658405128406e-19,0,0.017246307221757694,-0.097437161266465844,0.018823516317697679,0.18781647490886894,0.2049
294,1.4699999999999906,2.9632268860879662e-12,-3.8836460631609671e-19,0,0.017253168077601827,-0.097502723138299496,0.018866163482754716,0.18782720327445904,0.2049
295,1.4749999999999905,3.0335178813345465e-12,5.8529976655272153e-19,0,0.017259979383649416,-0.097567674978440946,0.018908440606871663,0.18783782662850568,0.2049
296,1.4799999999999904,3.0879743206924104e-12,-3.5405977195229754e-19,0,0.017266741572401573,-0.097632021617755332,0.018950349620535548,0.18784834622711044,0.2049
297,1.4849999999999903,1.9057255773446968e-12,1.7787691892340307e-20,0,0.017273455071618472,-0.097695767863880512,0.018991892464334637,0.18785876330814943,0.2049
298,1.4899999999999902,7.7959860789178492e-13,-3.3373098121819433e-19,0,0.017280120304384815,-0.097758918501698183,0.019033071088240101,0.18786907909154915,0.2049
299,1.4949999999999901,3.4440922336287372e-12,-2.0371142381465923e-19,0,0.017286737689173628,-0.097821478290504249,0.019073887450918287,0.18787929477999821,0.2049
300,1.49999999999999,1.1973304292478559e-12,-1.1858461261560205e-20,0,0.017293307639905945,-0.097883451970171287,0.01911434352000476,0.1878894115582124,0.2049
301,1.5049999999999899,3.7085126636249299e-12,6.9710811559028918e-19,0,0.017299830566018647,-0.097944844250476365,0.019154441270503038,0.1878994305949131,0.2049
302,1.5099999999999898,2.0790036359130681e-12,-3.3203691532368573e-19,0,0.017306306872515713,-0.098005659823177174,0.019194182685523063,0.18790935304122908,0.2049
303,1.5149999999999897,2.2002850930125106e-12,-3.6125955200395909e-19,0,0.017312736960036355,-0.098065903351674283,0.019233569754782701,0.18791918003253577,0.2049
304,1.5199999999999896,2.7042534878063407e-12,1.190081290892292e-19,0,0.017319121224906975,-0.098125579475955405,0.019272604474934785,0.18792891268785691,0.2049
305,1.5249999999999895,3.9163984555390385e-12,3.5490680489955184e-19,0,0.017325460059201787,-0.098184692812989888,0.019311288848707496,0.18793855211027075,0.2049
306,1.5299999999999894,4.0392897360241875e-12,1.2790197503539935e-19,0,0.01733175385079911,-0.098243247954103996,0.019349624884718551,0.18794809938738274,0.2049
307,1.5349999999999893,4.0520919952768963e-12,4.6332702214810229e-19,0,0.017338002983437024,-0.098301249465679114,0.019387614596891166,0.18795755559146965,0.2049
308,1.5399999999999892,3.6556313531832529e-12,3.849764745270795e-19,0,0.017344207836767562,-0.098358701890508715,0.019425260004120991,0.18796692177960653,0.2049
309,1.544999999999989,4.1224072766521402e-12,4.3622196783596467e-20,0,0.01735036878641218,-0.098415609744102378,0.019462563129778968,0.18797619899441464,0.2049
310,1.5499999999999889,2.716493696652833e-12,3.1594328932585403e-19,0,0.017356486204011298,-0.098471977519556261,0.019499526001593451,0.18798538826353486,0.2049
311,1.5549999999999888,3.5532757292067174e-12,4.1504614415460717e-19,0,0.01736256045728057,-0.098527809683919249,0.01953615065083299,0.18799449060039097,0.2049
312,1.5599999999999887,2.6143531783873186e-12,1.7152417181899582e-19,0,0.017368591910061151,-0.098583110678929109,0.019572439112438642,0.18800350700443086,0.2049
313,1.5649999999999886,3.1976019054802407e-12,7.0049624737930638e-19,0,0.017374580922369012,-0.098637884921167457,0.019608393424150064,0.18801243846108218,0.2049
314,1.5699999999999885,4.1276496109965422e-12,3.4982460721602604e-19,0,0.017380527850446373,-0.098692136801413005,0.019644015626531619,0.18802128594232401,0.2049
315,1.5749999999999884,3.2393671078878583e-12,-2.3547515933669549e-19,0,0.017386433046809067,-0.09874587068717941,0.019679307762587916,0.18803005040639226,0.2049
316,1.5799999999999883,2.495850748296391e-12,-8.7244393567192935e-20,0,0.017392296860297807,-0.098799090915747706,0.01971427187676892,0.18803873279900762,0.2049
317,1.5849999999999882,2.2271628985492953e-12,2.3293406049493259e-20,0,0.017398119636119744,-0.098851801805103293,0.01974891001585026,0.188047334051922,0.2049
318,1.5899999999999881,2.3108737146060321e-12,-4.3622196783596467e-20,0,0.017403901715903343,-0.098904007643289577,0.019783224227492284,0.18805585508490738,0.2049
319,1.594999999999988,2.3498980539216063e-12,-3.3881317890172014e-19,0,0.017409643437738483,-0.098955712694591524,0.019817216560515633,0.18806429680479292,0.2049
320,1.5999999999999879,2.3087816380940041e-12,4.4935097851840633e-19,0,0.017415345136224877,-0.099006921196766573,0.019850889064236488,0.18807266010621038,0.2049
321,1.6049999999999878,2.812382271510927e-12,-5.6751207466038123e-19,0,0.017421007142515189,-0.099057637361923676,0.01988424378840789,0.18808094587165361,0.2049
322,1.6099999999999877,3.7848691195052631e-12,6.1579295265387635e-19,0,0.017426629784358525,-0.09910786537726593,0.01991728278290416,0.18808915497143652,0.2049
323,1.6149999999999876,3.0997426847534371e-12,6.8609668727598327e-20,0,0.017432213386146186,-0.099157609403449781,0.019950008097359636,0.18809728826432895,0.2049
324,1.6199999999999875,8.5909057645494613e-13,-3.1763735522036263e-20,0,0.017437758268952271,-0.099206873575783033,0.019982421780585104,0.188105346597363,0.2049
325,1.6249999999999873,2.3808177651574169e-12,-3.1424922343134543e-19,0,0.017443264750575969,-0.099255662002248002,0.02001452588083142,0.18811333080639414,0.2049
326,1.6299999999999872,2.6141554199110573e-12,-8.7498503451369225e-19,0,0.0174487331455827,-0.099303978767586898,0.020046322445247414,0.18812124171571676,0.2049
327,1.6349999999999871,6.3882232836931507e-13,6.280749303890637e-19,0,0.017454163765346749,-0.099351827929392345,0.020077813519551561,0.18812908013876445,0.2049
328,1.639999999999987,3.4577826713011461e-12,2.2869889575866109e-19,0,0.017459556918089893,-0.099399213517800372,0.020109001147645206,0.18813684687829807,0.2049
329,1.6449999999999869,2.2284396550276142e-12,-4.6629163746349234e-19,0,0.017464912908919415,-0.09944613954112537,0.020139887371891742,0.18814454272582407,0.2049
330,1.6499999999999868,2.9478641749847156e-12,1.15619997300212e-19,0,0.017470232039871955,-0.099492609976825908,0.020170474232169382,0.18815216846305011,0.2049
331,1.6549999999999867,3.9467595858155846e-12,4.1504614415460717e-20,0,0.017475514609945619,-0.099538628779534608,0.020200763766024345,0.18815972486081833,0.2049
332,1.6599999999999866,2.8057556278326956e-12,2.1387581918171084e-19,0,0.017480760915141627,-0.099584199878615609,0.020230758008602585,0.18816721267976866,0.2049
333,1.6649999999999865,1.9518275884422565e-12,-1.0333801956502464e-19,0,0.017485971248501844,-0.099629327175301652,0.020260458991777239,0.18817463267083956,0.2049
334,1.6699999999999864,2.0179760640282041e-12,1.7787691892340307e-19,0,0.017491145900142824,-0.099674014546350359,0.020289868744569579,0.18818198557475296,0.2049
335,1.6749999999999863,3.6531194735900385e-12,5.4210108624275222e-20,0,0.017496285157294331,-0.099718265841876083,0.020318989292558213,0.1881892721227689,0.2049
336,1.6799999999999862,2.6920757290049835e-12,4.7518548340966249e-19,0,0.017501389304332912,-0.099762084887373675,0.020347822657929754,0.18819649303626376,0.2049
337,1.6849999999999861,2.2073037841963128e-12,6.1409888675936775e-20,0,0.01750645862281926,-0.099805475481808889,0.020376370858866497,0.18820364902742798,0.2049
338,1.689999999999986,3.3517910669189632e-12,-6.6915602833089727e-19,0,0.017511493391531182,-0.09984844139733097,0.020404635909690237,0.18821074079914307,0.2049
339,1.6949999999999859,2.4990010061287649e-12,8.6820877093565785e-20,0,0.017516493886497033,-0.099890986383029789,0.020432619820612931,0.18821776904496745,0.2049
340,1.6999999999999857,2.5869723030425007e-12,-1.15619997300212e-19,0,0.01752146038103165,-0.099933114159330788,0.02046032459725293,0.18822473444971985,0.2049
341,1.7049999999999856,2.9788393973717575e-12,-8.1865734352128128e-19,0,0.017526393145766463,-0.099974828423021411,0.020487752240912874,0.18823163768910961,0.2049
342,1.7099999999999855,1.0946799022804043e-12,-8.3009228830921433e-20,0,0.017531292448684704,-0.10001613284450185,0.020514904747951566,0.18823847943027325,0.2049
343,1.7149999999999854,2.4069080062361081e-12,-1.139259314057034e-19,0,0.01753615855515174,-0.1000570310682275,0.02054178410984709,0.18824526033174596,0.2049
344,1.7199999999999853,4.2399972421947041e-12,-1.2366681029912785e-19,0,0.017540991727946979,-0.10009752671383713,0.020568392312946424,0.18825198104350541,0.2049
345,1.7249999999999852,3.9549266639404834e-12,5.8402921713184008e-19,0,0.017545792227295905,-0.10013762337532237,0.020594731338339237,0.18825864220721539,0.2049
346,1.7299999999999851,1.7095769244690473e-12,-5.2092526256139471e-19,0,0.017550560310899976,-0.10017732462176404,0.020620803161697815,0.18826524445631274,0.2049
347,1.734999999999985,3.5440539392084247e-12,-8.0468129989158532e-20,0,0.017555296233967836,-0.10021663399461969,0.020646609752857151,0.18827178841635944,0.2049
348,1.7399999999999849,3.6740332998164149e-12,4.997494388800372e-20,0,0.017560000249242969,-0.10025555501205669,0.020672153076020452,0.1882782747047404,0.2049
349,1.7449999999999848,1.3131648546327312e-12,-8.4703294725430034e-20,0,0.017564672607034773,-0.10029409116767382,0.020697435089593659,0.18828470393088467,0.2049
350,1.7499999999999847,3.3453795289517529e-13,-4.4850394557115203e-19,0,0.017569313555248812,-0.10033224592690795,0.020722457745512846,0.18829107669686457,0.2049
351,1.7549999999999846,2.1123519600152463e-12,-1.2705494208814505e-19,0,0.017573923339412077,-0.10037002273226109,0.020747222989754194,0.18829739359687936,0.2049
352,1.7599999999999845,1.5608955100665511e-12,-2.617331807015788e-19,0,0.017578502202703312,-0.10040742500159355,0.020771732761944946,0.18830365521754916,0.2049
353,1.7649999999999844,3.5342007098648764e-12,2.1684043449710089e-19,0,0.01758305038598151,-0.10044445612546077,0.020795988995003064,0.18830986213840389,0.2049
354,1.7699999999999843,3.0852022325777995e-12,-1.4060746924421386e-19,0,0.017587568127810926,-0.1004811194724389,0.02081999361547919,0.18831601493133951,0.2049
355,1.7749999999999841,2.6229365901464519e-12,5.4633625097902372e-19,0,0.017592055664491062,-0.10051741838353408,0.02084374854263359,0.18832211416145139,0.2049
356,1.779999999999984,3.376344342997939e-12,-1.3721933745519665e-19,0,0.017596513230079339,-0.10055335617594474,0.02086725568937723,0.18832816038654723,0.2049
357,1.7849999999999839,3.5704772471945034e-12,-8.5550327672684334e-20,0,0.017600941056420519,-0.10058893614257966,0.020890516961381958,0.18833415415754737,0.2049
358,1.7899999999999838,2.1275481376648031e-12,-1.0291450309139749e-19,0,0.017605339373171051,-0.10062416155183489,0.020913534257061078,0.18834009601838456,0.2049
359,1.7949999999999837,3.4738323329008836e-12,1.7279472123987727e-19,0,0.017609708407826337,-0.10065903564600609,0.020936309467699914,0.18834598650650153,0.2049
360,1.7999999999999836,3.3716363034841379e-12,-3.9048218868423246e-19,0,0.017614048385743049,-0.10069356164514882,0.020958844477072573,0.18835182615238469,0.2049
361,1.8049999999999835,3.7415626152892401e-12,2.6808592780598606e-19,0,0.017618359530166428,-0.1007277427433208,0.020981141161772968,0.18835761548015939,0.2049
362,1.8099999999999834,3.0101580950070428e-12,-1.9058241313221758e-19,0,0.017622642062253321,-0.10076158211064896,0.021003201390414644,0.18836335500747542,0.2049
363,1.8149999999999833,1.3240797347435773e-12,-2.2996944517954254e-19,0,0.017626896201096427,-0.10079508289345512,0.021025027024291758,0.18836904524551076,0.2049
364,1.8199999999999832,2.3122614933868135e-12,2.6639186191147746e-19,0,0.017631122163748777,-0.10082824821302883,0.021046619916667696,0.18837468669929144,0.2049
365,1.8249999999999831,4.2405523537070167e-12,1.4823076576950256e-20,0,0.017635320165246177,-0.10086108116738206,0.021067981912980604,0.18838027986761802,0.2049
366,1.829999999999983,2.6427748878177226e-12,-2.2022856628611809e-20,0,0.017639490418630364,-0.10089358483146005,0.021089114850929791,0.1883858252429948,0.2049
367,1.8349999999999829,1.9050663824238256e-12,1.2705494208814505e-20,0,0.017643633134973941,-0.10092576225448774,0.021110020559899328,0.18839132331217917,0.2049
368,1.8399999999999828,2.9742180940317553e-12,2.6046263128069735e-19,0,0.017647748523400494,-0.10095761646279584,0.021130700861207125,0.18839677455598114,0.2049
369,1.8449999999999827,1.601597326983395e-12,-1.6517142471458857e-20,0,0.017651836791106643,-0.10098915045908814,0.021151157568046981,0.18840217944930987,0.2049
370,1.8499999999999825,3.6220713928170056e-12,2.6850944427961321e-19,0,0.017655898143384793,-0.10102036722260864,0.021171392485223005,0.18840753846126132,0.2049
371,1.8549999999999824,4.3791636983314675e-12,3.80741309790808e-19,0,0.017659932783645201,-0.10105126970857561,0.021191407409271529,0.18841285205543842,0.2049
372,1.8599999999999823,2.6829372057335377e-12,-1.7364175418713157e-19,0,0.017663940913435445,-0.10108186085128917,0.021211204128302318,0.18841812068942748,0.2049
373,1.8649999999999822,1.7834622667578515e-12,2.3547515933669549e-19,0,0.017667922732465473,-0.10111214355820901,0.021230784421804996,0.18842334481591472,0.2049
374,1.8699999999999821,1.6946444247878389e-12,-1.2705494208814505e-20,0,0.017671878438622404,-0.10114212071610862,0.021250150060847323,0.1884285248816843,0.2049
375,1.874999999999982,3.6465899744264618e-12,4.997494388800372e-20,0,0.017675808227995724,-0.10117179518705369,0.021269302807614653,0.18843366132843387,0.2049
376,1.8799999999999819,2.9698708770009574e-12,5.6751207466038123e-20,0,0.017679712294894501,-0.10120116981223004,0.021288244416080678,0.18843875459242498,0.2049
377,1.8849999999999818,2.6190577484541677e-12,-1.0079692072326174e-19,0,0.01768359083186943,-0.10123024740847937,0.02130697663095401,0.18844380510472705,0.2049
378,1.8899999999999817,3.2122846049809084e-12,-9.910285482875314e-20,0,0.017687444029730662,-0.10125903076990567,0.021325501188442609,0.18844881329144678,0.2049
379,1.8949999999999816,3.8006819913505296e-12,2.414043899674756e-20,0,0.017691272077567714,-0.10128752266972746,0.02134381981584646,0.18845377957333126,0.2049
380,1.8999999999999815,4.2745182393666425e-12,7.1997800516615529e-20,0,0.01769507516277,-0.10131572585692666,0.021361934231597178,0.18845870436628209,0.2049
381,1.9049999999999814,2.7675639557855902e-12,-4.1885779241725152e-19,0,0.017698853471043857,-0.10134364305911828,0.021379846145183939,0.18846358808136388,0.2049
382,1.9099999999999813,2.8517188610521771e-12,6.3103954570445375e-19,0,0.017702607186431973,-0.10137127698030063,0.021397557256760062,0.18846843112482958,0.2049
383,1.9149999999999812,2.2455926007580729e-12,1.367958209815695e-19,0,0.017706336491329747,-0.10139863030445852,0.021415069258036941,0.18847323389784612,0.2049
384,1.9199999999999811,3.8302555571689823e-12,-1.6347735882007997e-19,0,0.01771004156650717,-0.1014257056914141,0.021432383831297863,0.18847799679719751,0.2049
385,1.9249999999999809,1.7176676747610031e-12,1.4526615045411251e-19,0,0.017713722591123481,-0.10145250578116401,0.021449502649642294,0.18848272021478849,0.2049
386,1.9299999999999808,3.5544553411703816e-12,-3.5024812368965319e-19,0,0.017717379742745998,-0.10147903318965457,0.021466427377227267,0.18848740453813675,0.2049
387,1.9349999999999807,2.0676516054862759e-12,-9.4020657145227338e-20,0,0.017721013197366801,-0.1015052905140448,0.021483159669022638,0.18849205014989212,0.2049
388,1.9399999999999806,4.0471723194990261e-12,-2.1514636860259229e-19,0,0.017724623129422069,-0.1015312803265081,0.021499701170592821,0.1884966574287284,0.2049
389,1.9449999999999805,1.7158358067703716e-12,5.4548921803176942e-19,0,0.017728209711805255,-0.1015570051811526,0.021516053518542529,0.18850122674843897,0.2049
390,1.9499999999999804,3.899682660124526e-12,3.9387032047324966e-20,0,0.01773177311588791,-0.10158246760800568,0.021532218339857141,0.1885057584788587,0.2049
391,1.9549999999999803,3.1733018990287576e-12,1.2959604092990795e-19,0,0.017735313511532368,-0.10160767011831798,0.02154819725259715,0.18851025298522917,0.2049
392,1.9599999999999802,3.2249758419311547e-12,-1.7787691892340307e-19,0,0.017738831067111254,-0.10163261519978931,0.02156399186530894,0.18851471062880032,0.2049
393,1.9649999999999801,3.0712654641718018e-12,-1.7872395187065737e-19,0,0.017742325949521475,-0.10165730532138259,0.021579603777126182,0.18851913176661217,0.2049
394,1.96999999999998,4.1986483734213209e-12,-1.1138483256394049e-19,0,0.017745798324199698,-0.10168174292994746,0.021595034578004463,0.18852351675146709,0.2049
395,1.9749999999999799,3.4762782930020109e-12,-2.0921713797181218e-19,0,0.017749248355140242,-0.10170593045268458,0.02161028584850825,0.18852786593215812,0.2049
396,1.9799999999999798,1.8366835830008199e-12,-1.6686549060909717e-19,0,0.01775267620490948,-0.10172987029507982,0.021625359159720622,0.18853217965358213,0.2049
397,1.9849999999999797,2.2884957817659313e-12,1.367958209815695e-19,0,0.017756082034660059,-0.10175356484249315,0.021640256073335508,0.18853645825665316,0.2049
398,1.9899999999999796,2.9188353123377198e-12,-1.5924219408380846e-19,0,0.017759466004146761,-0.10177701646018583,0.021654978141681214,0.18854070207832885,0.2049
399,1.9949999999999795,3.8049424722075287e-12,2.1302878623445654e-19,0,0.017762828271741509,-0.10180022749345172,0.021669526907655976,0.18854491145176067,0.2049
400,1.9999999999999793,2.2946679278934567e-12,-1.4103098571784101e-19,0,0.017766168994447853,-0.10182320026731045,0.021683903904777604,0.18854908670627582,0.2049
401,2.0049999999999795,3.547474813903051e-12,3.1763735522036263e-19,0,0.017769488327915906,-0.10184593708618983,0.021698110656948072,0.18855322816759973,0.2049
402,2.0099999999999794,3.1192826099868398e-12,1.8338263308055602e-19,0,0.017772786426455054,-0.1018684402356065,0.021712148678813843,0.18855733615758832,0.2049
403,2.0149999999999793,2.7193247653656272e-12,-2.5961559833344305e-19,0,0.017776063443050091,-0.10189071198132471,0.0217260194755639,0.18856141099451013,0.2049
404,2.0199999999999791,4.226841099352896e-12,8.5973844146311484e-20,0,0.017779319529374685,-0.1019127545681188,0.021739724542687036,0.18856545299324867,0.2049
405,2.024999999999979,2.4463417402920129e-12,-2.4098087349384845e-19,0,0.017782554835803144,-0.10193457022366485,0.021753265366571295,0.18856946246469594,0.2049
406,2.0299999999999789,2.9228841569306496e-12,-2.388632911257127e-19,0,0.017785769511426942,-0.10195616115421345,0.021766643423951543,0.18857343971675372,0.2049
407,2.0349999999999788,2.669073295713531e-12,5.1669009782512321e-19,0,0.017788963704066105,-0.10197752954806277,0.021779860182040089,0.188577385053535,0.2049
408,2.0399999999999787,3.383598956574474e-12,-1.7364175418713157e-19,0,0.017792137560283146,-0.10199867757319589,0.021792917098894235,0.1885812987759265,0.2049
409,2.0449999999999786,3.7960745657983352e-12,5.5904174518783822e-20,0,0.017795291225395728,-0.10201960738088567,0.021805815622854323,0.18858518118126882,0.2049
410,2.0499999999999785,1.524631115801256e-12,2.3547515933669549e-19,0,0.017798424843490993,-0.10204032110060962,0.021818557192933109,0.1885890325637882,0.2049
411,2.0549999999999784,2.3606741561543743e-12,-2.0074680849926918e-19,0,0.017801538557436315,-0.10206082084522741,0.021831143238689198,0.18859285321435743,0.2049
412,2.0599999999999783,3.2699398744284736e-12,-2.4606307117737425e-19,0,0.01780463250889272,-0.10208110870899205,0.021843575180285513,0.18859664342054716,0.2049
413,2.0649999999999782,7.9136697195281158e-13,-3.1890790464124408e-19,0,0.01780770683832783,-0.10210118676615566,0.021855854428550384,0.18860040346687884,0.2049
414,2.0699999999999781,2.8768931681355525e-12,-5.0864328482620735e-19,0,0.017810761685027574,-0.10212105707369806,0.021867982384599343,0.18860413363470405,0.2049
415,2.074999999999978,2.2859492077031973e-12,-1.6093625997831706e-19,0,0.0178137971871076,-0.10214072167158773,0.021879960440657729,0.18860783420201344,0.2049
416,2.0799999999999779,1.349982625686863e-12,4.8916152703935845e-19,0,0.017816813481528151,-0.10216018257984659,0.021891789979147418,0.18861150544405925,0.2049
417,2.0849999999999778,2.4546788213175574e-12,4.2859867131067597e-19,0,0.017819810704102441,-0.10217944179974958,0.021903472373212871,0.18861514763311418,0.2049
418,2.0899999999999777,2.2637031138472707e-12,-3.3415449769182148e-19,0,0.017822788989508474,-0.1021985013188129,0.021915008986999752,0.18861876103793479,0.2049
419,2.0949999999999775,3.8264079404992657e-12,-5.4972438276804092e-19,0,0.017825748471305417,-0.10221736310068505,0.021926401174663608,0.18862234592517682,0.2049
420,2.0999999999999774,1.4558354521909678e-12,2.7782680669941051e-19,0,0.017828689281936715,-0.10223602909836234,0.021937650281828723,0.18862590255766568,0.2049
421,2.1049999999999773,2.0934851074905225e-12,-5.9080548070987449e-19,0,0.017831611552750062,-0.10225450124183104,0.021948757644178404,0.18862943119603964,0.2049
422,2.1099999999999772,4.454214774796128e-12,2.5283933475540865e-19,0,0.017834515414002244,-0.10227278144658963,0.021959724588579102,0.18863293209774484,0.2049
423,2.1149999999999771,3.776944035305263e-12,-7.4327141121564855e-19,0,0.017837400994873985,-0.10229087160976399,0.021970552432081326,0.18863640551768918,0.2049
424,2.119999999999977,1.5798751196172134e-12,8.8514942988074385e-20,0,0.017840268423476642,-0.10230877361304555,0.021981242483260784,0.18863985170759331,0.2049
425,2.1249999999999769,2.5350832544290824e-12,1.5204241403214691e-19,0,0.01784311782686885,-0.10232648931805699,0.021991796040878583,0.18864327091702282,0.2049
426,2.1299999999999768,3.1618596629812146e-12,1.7999450129153882e-19,0,0.017845949331060852,-0.10234402057285757,0.02200221439470737,0.18864666339238229,0.2049
427,2.1349999999999767,2.4570345757979339e-12,-1.9100592960584473e-19,0,0.017848763061029334,-0.10236136920654534,0.022012498825438077,0.18865002937763367,0.2049
428,2.1399999999999766,2.9468719131564569e-12,-2.1175823681357508e-19,0,0.017851559140725559,-0.1023785370328473,0.022022650604437918,0.18865336911405339,0.2049
429,2.1449999999999765,4.1936107364470843e-12,-2.7952087259391911e-19,0,0.017854337693086652,-0.10239552584839681,0.022032670994099203,0.18865668284038475,0.2049
430,2.1499999999999764,1.1435574709395269e-12,-5.7217075587027988e-19,0,0.017857098840044827,-0.10241233743494166,0.022042561247808005,0.18865997079255339,0.2049
431,2.1549999999999763,4.1357924029927773e-12,4.6163295625359368e-20,0,0.017859842702539437,-0.10242897355456299,0.022052322609508866,0.18866323320448003,0.2049
432,2.1599999999999762,2.1520563109334034e-12,-1.308665903507894e-19,0,0.017862569400522655,-0.10244543595722569,0.022061956314638739,0.18866647030703743,0.2049
433,2.1649999999999761,3.2716954145861621e-12,1.283254915090265e-19,0,0.017865279052973877,-0.10246172637389443,0.022071463589063811,0.18866968232906212,0.2049
434,2.1699999999999759,3.0216940061222886e-12,-2.2869889575866109e-19,0,0.017867971777905056,-0.10247784652186279,0.022080845650177802,0.18867286949656384,0.2049
435,2.1749999999999758,2.8750335445693054e-12,1.1943164556285635e-19,0,0.01787064769237472,-0.10249379810131906,0.022090103706137506,0.18867603203345848,0.2049
436,2.1799999999999757,6.4776656261145149e-13,-5.6327690992410973e-20,0,0.017873306912493527,-0.10250958279730368,0.022099238956274903,0.18867917016111593,0.2049
437,2.1849999999999756,2.7632028609669845e-12,-1.4653669987499396e-19,0,0.017875949553436098,-0.1025252022783491,0.022108252590883386,0.18868228409878232,0.2049
438,2.1899999999999755,2.0997370508979429e-12,4.7815009872505254e-19,0,0.017878575729447191,-0.10254065819974803,0.022117145791691953,0.18868537406305921,0.2049
439,2.1949999999999754,2.6589841439772499e-12,-3.0874350927419247e-19,0,0.017881185553854234,-0.1025559521996999,0.022125919731358169,0.18868844026846737,0.2049
440,2.1999999999999753,2.5135449277513544e-12,-5.6581800876587263e-19,0,0.017883779139074778,-0.10257108590151159,0.022134575573757441,0.18869148292730803,0.2049
441,2.2049999999999752,2.889275624307075e-12,-1.4653669987499396e-19,0,0.017886356596623944,-0.10258606091438857,0.022143114474065414,0.1886945022495134,0.2049
442,2.2099999999999751,3.679789112309706e-12,6.2934547980994515e-19,0,0.017888918037125359,-0.1026008788310302,0.022151537578828498,0.18869749844295158,0.2049
443,2.214999999999975,2.7658500489913251e-12,3.6041251905670479e-19,0,0.017891463570318438,-0.10261554123135716,0.022159846025791019,0.18870047171314247,0.2049
444,2.2199999999999749,2.8122990047840801e-13,3.8963515573697816e-20,0,0.017893993305067937,-0.10263004967939529,0.022168040944071175,0.18870342226352479,0.2049
445,2.2249999999999748,3.1465940963926187e-12,-1.4187801866509531e-19,0,0.017896507349372311,-0.10264440572343386,0.02217612345399305,0.18870635029564578,0.2049
446,2.2299999999999747,3.2463406962612851e-12,3.7015339795012925e-19,0,0.01789900581036967,-0.10265861089973433,0.022184094667570622,0.18870925600858793,0.2049
447,2.2349999999999746,3.2063240951174521e-12,9.2326591250718737e-20,0,0.017901488794349479,-0.10267266672939473,0.022191955688115713,0.18871213959952687,0.2049
448,2.2399999999999745,1.6555645743210334e-12,-2.1514636860259229e-19,0,0.017903956406758882,-0.10268657471773665,0.02219970761045743,0.18871500126368873,0.2049
449,2.2449999999999743,3.4071634402721429e-12,-1.2790197503539935e-19,0,0.017906408752210671,-0.10270033635751709,0.022207351520920977,0.18871784119414856,0.2049
450,2.2499999999999742,3.7464059632341673e-12,-1.9397054492123478e-19,0,0.017908845934491817,-0.10271395312776964,0.022214888497264797,0.18872065958199474,0.2049
451,2.2549999999999741,3.5667857556376248e-12,-8.6651470504114925e-19,0,0.017911268056570732,-0.10272742649229408,0.022222319609196513,0.1887234566164358,0.2049
452,2.259999999999974,2.5622420851689753e-12,2.490276864927643e-19,0,0.017913675220605295,-0.10274075790342461,0.022229645917780712,0.18872623248438714,0.2049
453,2.2649999999999739,2.6377094952678704e-12,-1.1773757966834775e-19,0,0.017916067527953248,-0.10275394879608143,0.022236868475728588,0.18872898737147703,0.2049
454,2.2699999999999738,2.9862362582733226e-12,-4.5739779151732218e-19,0,0.017918445079173603,-0.10276700059538922,0.022243988327658358,0.18873172146086342,0.2049
455,2.2749999999999737,1.588951192843524e-12,-1.1943164556285635e-19,0,0.017920807974039863,-0.1027799147096836,0.022251006509602295,0.18873443493421163,0.2049
456,2.2799999999999736,2.9540259127713853e-12,-4.0149361699853836e-19,0,0.017923156311543759,-0.10279269253718121,0.022257924049752662,0.18873712797094364,0.2049
457,2.2849999999999735,2.4087502825675955e-12,4.912791094074942e-20,0,0.017925490189905725,-0.10280533546070564,0.022264741968006992,0.18873980074898916,0.2049
458,2.2899999999999734,4.4220183070819985e-12,-5.8191163476370433e-19,0,0.017927809706579732,-0.10281784485083956,0.022271461275993314,0.18874245344427548,0.2049
459,2.2949999999999733,4.2558387369773243e-12,9.910285482875314e-20,0,0.017930114958261648,-0.10283022206525511,0.022278082977433892,0.18874508623094499,0.2049
460,2.2999999999999732,3.3487657091768597e-12,2.6427427954334171e-19,0,0.017932406040896468,-0.10284246844884654,0.022284608067958206,0.18874769928137719,0.2049
461,2.3049999999999731,3.6557666616143791e-12,-2.8629713617195351e-19,0,0.017934683049685485,-0.10285458533135111,0.022291037534889958,0.18875029276646565,0.2049
462,2.309999999999973,1.2726278364461052e-12,3.1340219048409113e-20,0,0.017936946079090056,-0.10286657403411714,0.022297372358094078,0.18875286685487425,0.2049
463,2.3149999999999729,3.1627478414009147e-12,5.1414899898336031e-19,0,0.017939195222843866,-0.10287843586124638,0.022303613509054649,0.18875542171411955,0.2049
464,2.3199999999999728,3.9353797998131768e-12,1.2112571145736495e-19,0,0.017941430573954611,-0.10289017210866194,0.022309761951606687,0.18875795750948865,0.2049
465,2.3249999999999726,1.5628193184014094e-12,-4.2351647362715017e-20,0,0.017943652224714914,-0.1029017840575229,0.022315818641777001,0.18876047440492066,0.2049
466,2.3299999999999725,2.6261111341074894e-12,-2.7105054312137611e-20,0,0.017945860266706571,-0.10291327297550368,0.022321784527448724,0.18876297256282693,0.2049
467,2.3349999999999724,1.0255442328688247e-12,1.0926725019580474e-19,0,0.017948054790805992,-0.10292464012143052,0.022327660549175898,0.18876545214360752,0.2049
468,2.3399999999999723,3.9409309149363025e-12,6.4459207286052256e-19,0,0.017950235887194018,-0.10293588673893816,0.022333447639423434,0.18876791330639775,0.2049
469,2.3449999999999722,3.0575472709237772e-12,2.0498197323554068e-19,0,0.01795240364535949,-0.10294701406262122,0.022339146723309437,0.1887703562084368,0.2049
470,2.3499999999999721,3.8005709690480671e-12,-2.7105054312137611e-20,0,0.017954558154107805,-0.10295802331276878,0.022344758718010366,0.18877278100566267,0.2049
471,2.354999999999972,4.1824217700270339e-12,4.0064658405128406e-19,0,0.017956699501565421,-0.1029689156989175,0.022350284533256423,0.18877518785233374,0.2049
472,2.3599999999999719,3.4856700859009493e-12,-2.1429933565533799e-19,0,0.017958827775186273,-0.10297969241912183,0.022355725071256785,0.18877757690115932,0.2049
473,2.3649999999999718,2.7351627907012954e-12,-1.4060746924421386e-19,0,0.017960943061759171,-0.1029903546597199,0.022361081226571693,0.18877994830333547,0.2049
474,2.3699999999999717,3.3305788682547188e-12,4.6586812098986519e-20,0,0.017963045447412923,-0.10300090359479591,0.022366353886424117,0.18878230220867545,0.2049
475,2.3749999999999716,3.688084559971827e-12,3.4643647542700884e-19,0,0.017965135017621852,-0.10301134038791518,0.022371543930421227,0.18878463876542706,0.2049
476,2.3799999999999715,3.9365420645420812e-12,-1.9058241313221758e-19,0,0.017967211857211701,-0.10302166619149043,0.022376652231062569,0.18878695812024371,0.2049
477,2.3849999999999714,2.2580270986338746e-12,-5.7852350297468713e-19,0,0.017969276050367928,-0.1030318821469256,0.022381679653397966,0.18878926041847888,0.2049
478,2.3899999999999713,3.4523287006926751e-12,4.0488174878755556e-19,0,0.017971327680638825,-0.10304198938418452,0.022386627055068171,0.18879154580397162,0.2049
479,2.3949999999999712,1.4868245523658175e-12,-1.0249098661777034e-19,0,0.01797336683094267,-0.10305198902014714,0.022391495286339942,0.1887938144194633,0.2049
480,2.399999999999971,1.297850715786808e-12,-3.9471735342050396e-19,0,0.01797539358357066,-0.1030618821650551,0.022396285190712378,0.18879606640574553,0.2049
481,2.4049999999999709,2.1080914791582472e-12,-4.8280877993495119e-19,0,0.017977408020197011,-0.10307166991549266,0.022400997604203957,0.18879830190258867,0.2049
482,2.4099999999999708,2.6041044320912476e-12,2.422514229147299e-19,0,0.01797941022188192,-0.10308135335767642,0.022405633355664464,0.18880052104836859,0.2049
483,2.4149999999999707,1.4751463939255416e-12,9.3173624197973037e-20,0,0.017981400269076457,-0.10309093356828958,0.022410193267087448,0.18880272397997319,0.2049
484,2.4199999999999706,2.9183079564010228e-12,-3.0154372922253092e-19,0,0.017983378241629919,-0.10310041161210835,0.022414678153190995,0.18880491083310813,0.2049
485,2.4249999999999705,3.7014280529490406e-12,5.9292306307801024e-21,0,0.017985344218793581,-0.10310978854433683,0.022419088821836661,0.18880708174207333,0.2049
486,2.4299999999999704,2.2564589086115916e-12,4.997494388800372e-20,0,0.017987298279226509,-0.10311906541051249,0.022423426073981345,0.18880923683980136,0.2049
487,2.4349999999999703,2.38283004438955e-12,-7.53012290109073e-19,0,0.017989240501002125,-0.10312824324410036,0.022427690703428722,0.18881137625807445,0.2049
488,2.4399999999999702,2.808420163091796e-12,3.3881317890172014e-21,0,0.017991170961611069,-0.10313732307017243,0.02243188349738371,0.18881350012730835,0.2049
489,2.4449999999999701,3.468336728928989e-12,2.2531076396964389e-19,0,0.017993089737967836,-0.10314630590226911,0.022436005236099895,0.18881560857674229,0.2049
490,2.44999999999997,3.2340137512409939e-12,3.4728350837426314e-19,0,0.017994996906415834,-0.10315519274546522,0.022440056693003075,0.18881770173417223,0.2049
491,2.4549999999999699,3.9038945687241977e-12,-5.4125405329549792e-19,0,0.017996892542731902,-0.10316398459322063,0.022444038634844309,0.18881977972650907,0.2049
492,2.4599999999999698,1.9700768794095325e-12,-5.8868789834173874e-19,0,0.017998776722130488,-0.10317268243203254,0.022447951821796076,0.18882184267891783,0.2049
493,2.4649999999999697,1.3765238948693082e-12,1.1265538198482195e-19,0,0.018000649519272306,-0.10318128723582809,0.022451797007176512,0.188823890715827,0.2049
494,2.4699999999999696,1.9168000520153328e-12,5.2854855908668341e-19,0,0.01800251100826487,-0.10318979996947399,0.02245557493777707,0.18882592396040215,0.2049
495,2.4749999999999694,2.5501267764127533e-12,5.2854855908668341e-19,0,0.018004361262668571,-0.10319822158976641,0.022459286353850007,0.18882794253436902,0.2049
496,2.4799999999999693,4.0490388819591772e-12,1.6601845766184287e-19,0,0.018006200355503071,-0.10320655304316037,0.022462931989091682,0.1888299465585023,0.2049
497,2.4849999999999692,7.6205708410270745e-13,-1.4399560103323106e-20,0,0.018008028359250274,-0.10321479526618413,0.022466512570818515,0.18883193615237828,0.2049
498,2.4899999999999691,1.8402501744674282e-12,-3.9514086989413111e-19,0,0.018009845345859959,-0.10322294918660645,0.022470028819699589,0.18883391143447481,0.2049
499,2.494999999999969,2.3304483343089544e-12,-2.1556988507621944e-19,0,0.018011651386753574,-0.10323101572382964,0.022473481450160822,0.18883587252201062,0.2049
500,2.4999999999999689,2.8922975126022266e-12,-1.164670302474663e-19,0,0.018013446552829528,-0.10323899578621315,0.022476871170294253,0.18883781953127884,0.2049
501,2.5049999999999688,3.5335068204744857e-12,5.2897207556031056e-19,0,0.018015230914467315,-0.10324689027556383,0.022480198681790596,0.1888397525772037,0.2049
502,2.5099999999999687,9.2909013815756225e-13,-4.2351647362715017e-20,0,0.018017004541532943,-0.10325470008337062,0.022483464680263694,0.18884167177381495,0.2049
503,2.5149999999999686,2.2293278334473143e-12,2.3420460991581404e-19,0,0.018018767503382452,-0.10326242609108527,0.022486669854762904,0.18884357723415185,0.2049
504,2.5199999999999685,1.5961919286322512e-12,1.8211208365967457e-19,0,0.018020519868865548,-0.10327006917395437,0.02248981488850673,0.18884546906991773,0.2049
505,2.5249999999999684,3.6064033703819831e-12,1.9312351197398048e-19,0,0.018022261706331817,-0.10327763019642996,0.022492900458346711,0.18884734739199494,0.2049
506,2.5299999999999683,2.3090973577666318e-12,-1.1689054672109345e-19,0,0.018023993083633536,-0.10328511001549218,0.022495927235199359,0.18884921231008153,0.2049
507,2.5349999999999682,1.9870216583228739e-12,-2.7697977375215621e-19,0,0.018025714068130642,-0.10329250948050342,0.022498895883868057,0.18885106393266232,0.2049
508,2.5399999999999681,3.7336089081518864e-12,-5.1965471314051326e-19,0,0.01802742472669706,-0.10329982942887092,0.022501807063048933,0.18885290236785951,0.2049
509,2.544999999999968,4.258926544764563e-12,-2.2869889575866109e-19,0,0.01802912512571854,-0.10330707069163436,0.022504661425380601,0.1888547277222512,0.2049
510,2.5499999999999678,4.029755695800219e-12,-2.7867383964666481e-19,0,0.018030815331101929,-0.10331423409441748,0.022507459618075966,0.18885654010121303,0.2049
511,2.5549999999999677,1.9202417433916708e-12,1.7914746834428452e-19,0,0.01803249540828095,-0.10332132045077505,0.022510202282009815,0.18885833960961135,0.2049
512,2.5599999999999676,2.7724489370939409e-12,4.5739779151732218e-20,0,0.018034165422215677,-0.1033283305665702,0.022512890052235793,0.18886012635122182,0.2049
513,2.5649999999999675,3.6507463718749023e-12,-6.4925075407042121e-19,0,0.018035825437397995,-0.10333526524102357,0.022515523558257765,0.18886190042868184,0.2049
514,2.5699999999999674,3.3129055054814671e-12,-9.4020657145227338e-20,0,0.018037475517857268,-0.10334212526470686,0.022518103423511189,0.18886366194384258,0.2049
515,2.5749999999999673,3.4283617611485795e-12,6.6492086359462577e-19,0,0.018039115727161856,-0.10334891142014116,0.02252063026577221,0.18886541099750301,0.2049
516,2.5799999999999672,3.1513819331863147e-12,1.8380614955418317e-19,0,0.018040746128423955,-0.10335562448139973,0.022523104697454471,0.18886714768965032,0.2049
517,2.5849999999999671,2.9471772244882288e-12,1.198551620364835e-19,0,0.018042366784303918,-0.10336226521627032,0.022525527325010987,0.18886887211917983,0.2049
518,2.589999999999967,2.4278079546746767e-12,-1.6432439176733427e-19,0,0.018043977757013861,-0.10336883438344818,0.022527898749340022,0.1888705843842387,0.2049
519,2.5949999999999669,2.3111686175969481e-12,6.4798020464953976e-20,0,0.018045579108320817,-0.10337533273528737,0.022530219565883185,0.18887228458183836,0.2049
520,2.5999999999999668,2.8901256388103036e-12,-1.7787691892340307e-20,0,0.01804717089955226,-0.10338176101494405,0.022532490364486388,0.18887397280839857,0.2049
521,2.6049999999999667,3.4597047449125284e-12,-3.0366131159066667e-19,0,0.018048753191596847,-0.1033881199594938,0.022534711729547689,0.18887564915926447,0.2049
522,2.6099999999999666,3.66827054842922e-12,-2.6893296075324036e-19,0,0.018050326044909647,-0.10339441029790065,0.022536884239993046,0.18887731372883376,0.2049
523,2.6149999999999665,2.8665958495821542e-12,4.955142741437657e-19,0,0.018051889519517399,-0.1034006327524552,0.022539008469510437,0.18887896661076825,0.2049
524,2.6199999999999664,2.4636612194761653e-12,5.5141844866254952e-19,0,0.018053443675020157,-0.10340678803734868,0.022541084986164795,0.18888060789782907,0.2049
525,2.6249999999999662,2.0865531524805192e-12,-2.541098841762901e-20,0,0.018054988570594371,-0.1034128768595492,0.022543114352937557,0.18888223768202478,0.2049
526,2.6299999999999661,1.7946130692614304e-12,-2.430984558619842e-19,0,0.01805652426499715,-0.10341889991995475,0.022545097127413982,0.18888385605428187,0.2049
527,2.634999999999966,3.5753622285028541e-12,9.3173624197973037e-20,0,0.018058050816571091,-0.10342485791080308,0.022547033861969157,0.18888546310501356,0.2049
528,2.6399999999999659,1.5209188075626656e-12,-1.9100592960584473e-19,0,0.01805956828324503,-0.10343075151822326,0.02254892510374925,0.18888705892355726,0.2049
529,2.6449999999999658,2.0882323648052648e-12,-4.0234064994579266e-19,0,0.018061076722539014,-0.10343658142206406,0.022550771394894951,0.18888864359847021,0.2049
530,2.6499999999999657,2.1822543772032077e-12,-1.8253560013330172e-19,0,0.018062576191568668,-0.10344234829319003,0.022552573272107621,0.18889021721774182,0.2049
531,2.6549999999999656,3.7603600788749247e-12,-4.9339669177562995e-19,0,0.018064066747045218,-0.10344805279796829,0.022554331267361283,0.18889177986821898,0.2049
532,2.6599999999999655,3.350611454955299e-12,1.6855955650360577e-19,0,0.01806554844528302,-0.10345369559558873,0.02255604590753554,0.18889333163608207,0.2049
533,2.6649999999999654,4.0558389979850062e-12,-1.7491230360801302e-19,0,0.018067021342200687,-0.10345927733718752,0.022557717714149734,0.18889487260688223,0.2049
534,2.6699999999999653,1.5613413339998772e-12,-3.2229603643026128e-19,0,0.018068485493323499,-0.10346479866811079,0.022559347204211547,0.18889640286519838,0.2049
535,2.6749999999999652,1.0048906151638448e-12,-3.4728350837426314e-20,0,0.01806994095378784,-0.10347026022742054,0.022560934889547142,0.18889792249497561,0.2049
536,2.6799999999999651,3.3558156253832294e-12,-2.2022856628611809e-20,0,0.018071387778344238,-0.10347566264710993,0.022562481277091602,0.18889943157937272,0.2049
537,2.684999999999965,2.7490232312743501e-12,-3.2780175058741423e-19,0,0.018072826021360126,-0.10348100655318745,0.02256398686911296,0.18890093020075957,0.2049
538,2.6899999999999649,2.2977036939764162e-12,-6.3950987517699676e-19,0,0.018074255736823287,-0.10348629256542249,0.022565452162850292,0.18890241844076089,0.2049
539,2.6949999999999648,3.0858648969456226e-12,-2.7740329022578336e-19,0,0.01807567697834523,-0.10349152129656028,0.022566877650915737,0.18890389638027597,0.2049
540,2.6999999999999647,2.2274404543054516e-12,3.0493186101154812e-20,0,0.018077089799163708,-0.10349669335380469,0.022568263821036792,0.18890536409962089,0.2049
541,2.7049999999999645,3.2245109360395929e-12,2.3716922523120409e-20,0,0.018078494252145479,-0.1035018093374899,0.022569611156374739,0.18890682167818401,0.2049
542,2.7099999999999644,3.3604959093214148e-12,6.2172218328465645e-19,0,0.018079890389789962,-0.10350686984271952,0.022570920135417318,0.18890826919471107,0.2049
543,2.7149999999999643,2.5626722965910176e-12,4.5485669267555928e-19,0,0.01808127826423226,-0.10351187545726917,0.022572191231965265,0.18890970672734098,0.2049
544,2.7199999999999642,4.2681518042098077e-12,-6.5941514943747281e-19,0,0.018082657927245397,-0.1035168267638627,0.022573424915166139,0.18891113435341322,0.2049
545,2.7249999999999641,2.4719566671382864e-12,9.5714723039735938e-20,0,0.018084029430243693,-0.10352172433955703,0.022574621649879494,0.18891255214957842,0.2049
546,2.729999999999964,1.0879075418301909e-12,3.6676526616111205e-19,0,0.018085392824286107,-0.10352656875478494,0.022575781896058071,0.18891396019181506,0.2049
547,2.7349999999999639,3.9527790762772241e-12,2.9561449859175082e-19,0,0.0180867481600781,-0.10353136057362528,0.0225769061094407,0.18891535855554351,0.2049
548,2.7399999999999638,3.3432145940537339e-12,1.7279472123987727e-19,0,0.018088095487975017,-0.10353610035575136,0.022577994741194353,0.18891674731534738,0.2049
549,2.7449999999999637,5.8482385600910902e-13,3.5151867311053464e-19,0,0.018089434857984525,-0.1035407886547729,0.022579048238288407,0.18891812654513765,0.2049
550,2.7499999999999636,3.2105429426110277e-12,1.0037340424963459e-19,0,0.018090766319771259,-0.10354542601779251,0.022580067043094613,0.18891949631835514,0.2049
551,2.7549999999999635,1.8414401947719483e-12,1.8253560013330172e-19,0,0.018092089922656502,-0.10355001298578734,0.022581051593446443,0.1889208567078226,0.2049
552,2.7599999999999634,2.5526247782181599e-12,3.5998900258307764e-19,0,0.018093405715622044,-0.10355455009666478,0.022582002323468575,0.18892220778538815,0.2049
553,2.7649999999999633,2.5368596112684827e-12,-3.6845933205562065e-20,0,0.018094713747313983,-0.10355903788032686,0.022582919662470412,0.18892354962255975,0.2049
554,2.7699999999999632,1.6554882464880905e-12,-5.9292306307801024e-20,0,0.018096014066044972,-0.10356347686338052,0.022583804035836486,0.18892488228998636,0.2049
555,2.7749999999999631,1.5507595207964187e-12,-4.7687954930417109e-19,0,0.018097306719797059,-0.10356786756462438,0.022584655864593392,0.18892620585804698,0.2049
556,2.7799999999999629,4.4200129667437693e-12,-3.1128460811595537e-19,0,0.018098591756222141,-0.10357221049873959,0.022585475565537888,0.18892752039623772,0.2049
557,2.7849999999999628,2.0255117028078473e-12,-6.9033185201225478e-20,0,0.018099869222646805,-0.10357650617680607,0.022586263551681095,0.18892882597328778,0.2049
558,2.7899999999999627,1.836752971939859e-12,5.7174723939665273e-20,0,0.018101139166076155,-0.1035807551006685,0.022587020231471733,0.18893012265785358,0.2049
559,2.7949999999999626,3.7574526823291876e-12,4.2351647362715017e-20,0,0.018102401633191656,-0.10358495777032509,0.022587746009571592,0.18893141051750875,0.2049
560,2.7999999999999625,3.3172908864287365e-12,-7.496241583200558e-20,0,0.018103656670358636,-0.10358911467967294,0.022588441286534301,0.18893268961941984,0.2049
561,2.8049999999999624,1.1199929872418579e-12,-2.1006417091906648e-19,0,0.018104904323625548,-0.10359322631746642,0.022589106458985247,0.18893396003013674,0.2049
562,2.8099999999999623,2.8930191575682329e-12,-4.4003361609860903e-19,0,0.018106144638728491,-0.10359729316614638,0.022589741919390387,0.18893522181581091,0.2049
563,2.8149999999999622,3.0059010835969957e-12,1.5204241403214691e-19,0,0.018107377661090988,-0.10360131570690692,0.022590348056616201,0.18893647504148706,0.2049
564,2.8199999999999621,2.8385488404225612e-12,4.4045713257223618e-19,0,0.018108603435831785,-0.10360529440986542,0.022590925255206985,0.1889377197724563,0.2049
565,2.824999999999962,3.1228908348168716e-12,8.1145756346961972e-19,0,0.018109822007759971,-0.10360922974651521,0.022591473896103026,0.18893895607275438,0.2049
566,2.8299999999999619,3.0053008692743077e-12,-1.4314856808597676e-19,0,0.018111033421382563,-0.10361312217982394,0.022591994356338248,0.18894018400618165,0.2049
567,2.8349999999999618,3.117700542176749e-12,-4.5951537388545793e-19,0,0.018112237720904804,-0.10361697216884655,0.022592487009287929,0.18894140363586909,0.2049
568,2.8399999999999617,2.7274016378697752e-12,-4.0191713347216551e-19,0,0.018113434950234514,-0.10362078016868195,0.022592952224359905,0.18894261502446646,0.2049
569,2.8449999999999616,4.4087372641499201e-12,2.617331807015788e-19,0,0.018114625152981626,-0.10362454662734327,0.022593390367196788,0.18894381823417597,0.2049
570,2.8499999999999615,2.6910071393437818e-12,4.6967976925250954e-19,0,0.018115808372461951,-0.10362827199209325,0.022593801799930906,0.18894501332639133,0.2049
571,2.8549999999999613,4.3753750622599341e-12,-2.1641691802347374e-19,0,0.018116984651699693,-0.10363195670079003,0.022594186880806444,0.18894620036234466,0.2049
572,2.8599999999999612,1.3119574870934514e-12,1.2197274440461925e-19,0,0.018118154033428594,-0.10363560119257161,0.022594545964680246,0.18894737940212636,0.2049
573,2.8649999999999611,2.5364502165281522e-12,-3.8539999100070665e-19,0,0.018119316560098023,-0.10363920589537633,0.022594879402417063,0.18894855050622189,0.2049
574,2.869999999999961,2.6405544417684723e-12,-1.2366681029912785e-19,0,0.018120472273867899,-0.10364277123749939,0.022595187541694782,0.18894971373389358,0.2049
575,2.8749999999999609,1.2721004805094083e-12,5.7555888765929708e-19,0,0.018121621216617246,-0.10364629764130509,0.02259547072623716,0.18895086914408957,0.2049
576,2.8799999999999608,2.220005429487415e-12,1.1011428314305904e-19,0,0.018122763429943602,-0.1036497855245109,0.022595729296598227,0.18895201679532114,0.2049
577,2.8849999999999607,3.4674485505092889e-12,3.9979955110402976e-19,0,0.018123898955166026,-0.10365323530060425,0.022595963589735611,0.18895315674552837,0.2049
578,2.8899999999999606,2.7450541839613152e-12,1.3848988687607811e-19,0,0.018125027833327385,-0.10365664737923613,0.022596173938886008,0.18895428905222209,0.2049
579,2.8949999999999605,2.845220586911168e-12,3.3966021184897444e-19,0,0.018126150105194895,-0.10366002216554265,0.022596360674272828,0.18895541377231112,0.2049
580,2.8999999999999604,3.8393732637587163e-12,9.1056041829837286e-20,0,0.018127265811264698,-0.10366336005954888,0.022596524122464844,0.188956530962372,0.2049
581,2.9049999999999603,3.4603223064699762e-12,3.9810548520952116e-19,0,0.018128374991762102,-0.10366666145892103,0.022596664606521898,0.18895764067836901,0.2049
582,2.9099999999999602,3.9701575360595598e-12,-1.2451384324638215e-19,0,0.018129477686644194,-0.10366992675533745,0.022596782446514856,0.18895874297590512,0.2049
583,2.9149999999999601,3.1928175381334967e-12,6.9456701674852628e-20,0,0.018130573935601621,-0.10367315633785326,0.022596877958930523,0.18895983790996251,0.2049
584,2.91999999999996,3.2311930908690556e-12,9.3173624197973037e-19,0,0.018131663778061611,-0.10367635059024104,0.022596951457053288,0.18896092553528462,0.2049
585,2.9249999999999599,2.4951152255425768e-12,-5.7598240413292423e-20,0,0.018132747253187968,-0.1036795098936667,0.022597003250925774,0.1889620059057851,0.2049
586,2.9299999999999597,1.1798652332917214e-12,-4.3961009962498188e-19,0,0.018133824399886533,-0.10368263462377977,0.022597033647194148,0.18896307907541021,0.2049
587,2.9349999999999596,3.8789423062457473e-12,1.7491230360801302e-19,0,0.018134895256802938,-0.10368572515238403,0.022597042949476662,0.18896414509738743,0.2049
588,2.9399999999999595,3.6737331926550709e-12,-2.2785186281140679e-19,0,0.018135959862326259,-0.10368878184969596,0.02259703145826784,0.18896520402428607,0.2049
589,2.9449999999999594,2.3882562594224055e-12,-1.3129010682441655e-19,0,0.01813701825459333,-0.10369180507964301,0.022596999470813908,0.18896625590859201,0.2049
590,2.9499999999999593,2.5743018827739661e-12,2.1684043449710089e-19,0,0.018138070471487522,-0.10369479520214916,0.022596947281030934,0.18896730080231433,0.2049
591,2.9549999999999592,3.5722536040339037e-12,7.4242437826839425e-19,0,0.01813911655064053,-0.10369775257532544,0.022596875180177819,0.18896833875676392,0.2049
592,2.9599999999999591,1.4265255643408636e-12,4.4638636320301628e-19,0,0.018140156529437526,-0.10370067755303136,0.022596783456104066,0.18896936982301132,0.2049
593,2.964999999999959,2.9344270069397993e-12,3.4220131069073734e-19,0,0.018141190445015706,-0.10370357048294775,0.022596672393663718,0.18897039405182842,0.2049
594,2.9699999999999589,3.5025801703447712e-13,3.6083603553033194e-19,0,0.018142218334266925,-0.10370643171301143,0.02259654227492508,0.18897141149319013,0.2049
595,2.9749999999999588,2.6961002874692497e-12,4.87890977618477e-19,0,0.018143240233841465,-0.10370926158407048,0.022596393378645857,0.18897242219705818,0.2049
596,2.9799999999999587,3.2499836155608364e-12,1.3298417271892515e-19,0,0.018144256180146871,-0.10371206043573164,0.022596225980918507,0.18897342621269789,0.2049
597,2.9849999999999586,2.5482393972708905e-12,-1.6686549060909717e-19,0,0.018145266209352112,-0.10371482860324113,0.022596040354716632,0.18897442358903557,0.2049
598,2.9899999999999585,2.3477331190235873e-12,3.3373098121819433e-19,0,0.018146270357388757,-0.10371756641805163,0.022595836770184896,0.18897541437467741,0.2049
599,2.9949999999999584,2.7995383788947947e-12,-2.7613274080490191e-19,0,0.018147268659951785,-0.10372027420828964,0.022595615494554265,0.18897639861767418,0.2049
600,2.9999999999999583,4.2944953149159915e-12,3.7269449679189215e-20,0,0.01814826115250311,-0.10372295229853359,0.022595376792058648,0.18897737636597403,0.2049
601,3.0049999999999581,2.014388655879884e-12,3.8455295805345235e-19,0,0.018149247870269943,-0.10372560101012079,0.022595120924485297,0.18897834766671209,0.2049
602,3.009999999999958,1.6560086635308835e-12,3.5236570605778894e-19,0,0.018150228848251283,-0.10372822066096904,0.022594848150462879,0.18897931256696354,0.2049
603,3.0149999999999579,4.2104028596945398e-12,2.0074680849926918e-19,0,0.018151204121216204,-0.10373081156534313,0.022594558725853961,0.18898027111331342,0.2049
604,3.0199999999999578,3.0978136722481509e-12,-1.4018395277058671e-19,0,0.01815217372370578,-0.10373337403605626,0.022594252904094069,0.18898122335175851,0.2049
605,3.0249999999999577,2.3184162922795792e-12,4.0911691352382706e-19,0,0.018153137690037402,-0.10373590837892382,0.022593930935496755,0.18898216932837594,0.2049
606,3.0299999999999576,4.1209535783792717e-12,-3.1213164106320967e-19,0,0.018154096054302581,-0.10373841489982139,0.022593593067849187,0.18898310908843341,0.2049
607,3.0349999999999575,3.0424378294480192e-12,-1.9397054492123478e-19,0,0.018155048850371586,-0.10374089390051966,0.022593239546333535,0.1889840426769776,0.2049
608,3.0399999999999574,3.5852709689976336e-12,4.0403471584030126e-19,0,0.018155996111894116,-0.10374334567869062,0.022592870613339127,0.18898497013877474,0.2049
609,3.0449999999999573,1.1035825031591173e-12,-4.0149361699853836e-19,0,0.018156937872300216,-0.10374577053033204,0.02259248650863134,0.18898589151803213,0.2049
610,3.0499999999999572,2.4655832930875476e-12,2.1599340154984659e-20,0,0.018157874164803561,-0.10374816874659773,0.022592087469423351,0.18898680685881536,0.2049
611,3.0549999999999571,3.3690550349518844e-12,2.7528570785764761e-20,0,0.018158805022400713,-0.10375054061659436,0.022591673730346158,0.18898771620472654,0.2049
612,3.059999999999957,4.0901448894459236e-12,-6.6153273180560856e-19,0,0.018159730477874912,-0.10375288642666526,0.022591245523347958,0.18898861959896113,0.2049
613,3.0649999999999569,3.6461771102391793e-12,-2.9307339974998792e-19,0,0.018160650563796007,-0.10375520645986061,0.022590803078069734,0.18898951708436995,0.2049
614,3.0699999999999568,3.8359038168067627e-12,1.2366681029912785e-19,0,0.018161565312523904,-0.1037575009954296,0.022590346621456984,0.18899040870359135,0.2049
615,3.0749999999999567,3.6769129407865364e-12,1.3044307387716225e-19,0,0.018162474756207744,-0.10375977031074662,0.02258987637800091,0.18899129449874733,0.2049
616,3.0799999999999566,3.8322851836358751e-12,2.8714416911920781e-19,0,0.018163378926789139,-0.1037620146798908,0.022589392569757984,0.1889921745116922,0.2049
617,3.0849999999999564,3.5463784686662336e-12,4.6247998920084799e-19,0,0.018164277856003334,-0.10376423437406337,0.022588895416306529,0.18899304878392706,0.2049
618,3.0899999999999563,5.2713389209202433e-13,-5.4210108624275222e-20,0,0.018165171575380709,-0.10376642966151078,0.022588385134831468,0.18899391735663962,0.2049
619,3.0949999999999562,3.1796232313752171e-12,-2.0328790734103208e-20,0,0.018166060116247627,-0.10376860080749713,0.022587861940082492,0.18899478027067668,0.2049
620,3.0999999999999561,2.5907193057506106e-12,-1.2790197503539935e-19,0,0.018166943509728747,-0.10377074807372738,0.022587326044244134,0.18899563756664564,0.2049
621,3.104999999999956,2.9133293000249694e-12,1.0969076666943189e-19,0,0.018167821786747019,-0.10377287172079219,0.022586777657579972,0.18899648928466656,0.2049
622,3.1099999999999559,3.4268560211714316e-12,-5.2939559203393771e-20,0,0.018168694978026922,-0.10377497200641682,0.022586216987761826,0.1889973354644682,0.2049
623,3.1149999999999558,2.1611046285840985e-12,-2.1938153333886379e-19,0,0.018169563114096579,-0.10377704918497935,0.022585644240147085,0.1889981761456016,0.2049
624,3.1199999999999557,3.5442759838133497e-12,1.9058241313221758e-20,0,0.018170426225286997,-0.10377910350596785,0.022585059617718284,0.18899901136754793,0.2049
625,3.1249999999999556,2.9566731007957259e-12,3.9979955110402976e-19,0,0.018171284341733061,-0.10378113522056065,0.022584463321307646,0.18899984116898408,0.2049
626,3.1299999999999555,3.6195491048829354e-12,2.7359164196313901e-19,0,0.018172137493377191,-0.10378314457374679,0.022583855549575049,0.1890006655886067,0.2049
627,3.1349999999999554,3.626380445931332e-12,-2.9053230090822502e-19,0,0.018172985709969492,-0.10378513181071039,0.02258323649881944,0.18900148466448347,0.2049
628,3.1399999999999553,1.5095424910072097e-12,1.8211208365967457e-19,0,0.018173829021070675,-0.103787097170989,0.022582606363126458,0.18900229843489044,0.2049
629,3.1449999999999552,2.7707697247691954e-12,7.7079998200141331e-20,0,0.018174667456050338,-0.10378904089433094,0.022581965334480314,0.1890031069372603,0.2049
630,3.1499999999999551,1.7636100912987729e-12,2.8036790554117341e-19,0,0.018175501044091259,-0.10379096321481601,0.022581313602463928,0.1890039102092291,0.2049
631,3.154999999999955,2.7950974867962941e-12,2.7253285077907113e-19,0,0.018176329814187809,-0.10379286436814916,0.022580651354922217,0.18900470828758426,0.2049
632,3.1599999999999548,3.8819988890104185e-12,-2.8375603733019061e-19,0,0.018177153795151221,-0.10379474458359635,0.022579978777297356,0.18900550120926948,0.2049
633,3.1649999999999547,2.766536999487812e-12,2.414043899674756e-19,0,0.018177973015608064,-0.10379660409122804,0.022579296052994625,0.18900628901069425,0.2049
634,3.1699999999999546,3.4685726513217219e-12,1.5924219408380846e-19,0,0.018178787504001738,-0.10379844311579282,0.022578603363177421,0.18900707172809722,0.2049
635,3.1749999999999545,2.4305418788728161e-12,1.1837285437878847e-19,0,0.018179597288594525,-0.10380026188206259,0.022577900887268819,0.18900784939730944,0.2049
636,3.1799999999999544,3.2999852850323919e-12,3.8455295805345235e-19,0,0.018180402397469268,-0.10380206061085677,0.022577188802371452,0.1890086220539948,0.2049
637,3.1849999999999543,4.2444728287627242e-12,3.7078867266056997e-19,0,0.018181202858529619,-0.10380383952036962,0.022576467283583569,0.1890093897335931,0.2049
638,3.1899999999999542,2.0836665726164938e-12,6.9668459911666203e-20,0,0.018181998699500553,-0.10380559882874624,0.022575736504285248,0.18901015247096548,0.2049
639,3.1949999999999541,2.3447944974552826e-12,-9.9314613065566715e-20,0,0.018182789947932921,-0.10380733874884678,0.022574996635303789,0.18901091030104977,0.2049
640,3.199999999999954,3.7034819655445972e-12,-4.7222086809427244e-20,0,0.018183576631200682,-0.10380905949306779,0.022574247846079143,0.18901166325831595,0.2049
641,3.2049999999999539,1.5809575870662229e-12,-3.2399010232476988e-20,0,0.018184358776504796,-0.1038107612723831,0.022573490303795761,0.18901241137685676,0.2049
642,3.2099999999999538,3.5922445573710604e-12,1.207021949837378e-20,0,0.018185136410874391,-0.10381244429243533,0.022572724173696566,0.18901315469082428,0.2049
643,3.2149999999999537,1.6655010703914286e-12,1.3150186506123013e-19,0,0.018185909561165989,-0.10381410875952649,0.022571949619305504,0.18901389323380979,0.2049
644,3.2199999999999536,3.3653912989706214e-12,-2.8904999325052999e-19,0,0.018186678254066776,-0.1038157548758489,0.022571166801974015,0.18901462703936625,0.2049
645,3.2249999999999535,1.6894680099355242e-12,-2.39710324072967e-19,0,0.018187442516093933,-0.10381738284434339,0.022570375881518875,0.18901535614036372,0.2049
646,3.2299999999999534,3.7655156770455278e-12,3.3881317890172014e-20,0,0.018188202373599388,-0.10381899286093388,0.022569577015385114,0.18901608057011188,0.2049
647,3.2349999999999532,2.8803626150875061e-12,5.5904174518783822e-20,0,0.018188957852764972,-0.10382058512446954,0.022568770359748226,0.18901680036097543,0.2049
648,3.2399999999999531,1.6959766924173891e-12,-3.2229603643026128e-19,0,0.018189708979610079,-0.10382215982905854,0.022567956068742394,0.18901751554530336,0.2049
649,3.244999999999953,2.6470596548033853e-12,3.2674295940334636e-19,0,0.018190455779989165,-0.10382371716559213,0.022567134294362447,0.18901822615554148,0.2049
650,3.2499999999999529,3.7535981267655671e-12,1.0376153603865179e-19,0,0.018191198279591796,-0.10382525732619219,0.022566305187384991,0.18901893222331151,0.2049
651,3.2549999999999528,2.5616453402932393e-12,7.8985822331463507e-20,0,0.018191936503947782,-0.10382678049870062,0.022565468896471826,0.18901963378031089,0.2049
652,3.2599999999999527,2.6108004647085181e-12,3.0472010277473455e-19,0,0.018192670478425394,-0.10382828686905178,0.022564625568496754,0.18902033085799264,0.2049
653,3.2649999999999526,2.6696943267179307e-12,-8.3432745304548583e-20,0,0.018193400228232685,-0.10382977662262922,0.02256377534872675,0.18902102348737537,0.2049
654,3.2699999999999525,3.2587266218797595e-12,-5.3384251500702279e-19,0,0.018194125778420268,-0.10383124994052217,0.022562918380732128,0.18902171169947951,0.2049
655,3.2749999999999524,3.6619526855297124e-12,3.5067164016328034e-19,0,0.018194847153880259,-0.10383270700288949,0.0225620548062796,0.18902239552499728,0.2049
656,3.2799999999999523,3.8726591378157593e-12,1.3764285392882381e-19,0,0.018195564379348449,-0.10383414798989521,0.02256118476558755,0.18902307499416465,0.2049
657,3.2849999999999522,2.7150989789781477e-12,3.127669157736504e-19,0,0.018196277479406445,-0.10383557307645527,0.022560308396922531,0.18902375013739875,0.2049
658,3.2899999999999521,3.2553716666772203e-12,-3.5660087079406044e-19,0,0.018196986478480077,-0.1038369824378807,0.022559425837209199,0.18902442098452354,0.2049
659,3.294999999999952,3.8669588364736995e-12,3.858235074743338e-19,0,0.018197691400842767,-0.10383837624691397,0.022558537221679095,0.18902508756524325,0.2049
660,3.2999999999999519,2.2613716454955579e-12,-8.7244393567192935e-20,0,0.018198392270616575,-0.10383975467418385,0.02255764268356374,0.18902574990915522,0.2049
661,3.3049999999999518,3.0629249136993053e-12,-2.7422691667357973e-19,0,0.018199089111770709,-0.10384111788898037,0.02255674235507367,0.18902640804544019,0.2049
662,3.3099999999999516,4.1149306184706802e-12,3.9048218868423246e-19,0,0.018199781948125833,-0.10384246605817345,0.022555836366519786,0.1890270620032008,0.2049
663,3.3149999999999515,3.7977329614413691e-12,-2.9053230090822502e-19,0,0.018200470803353505,-0.1038437993478066,0.022554924846498979,0.18902771181114145,0.2049
664,3.3199999999999514,3.9924452632789098e-12,-2.5898032362300233e-19,0,0.018201155700976905,-0.1038451179207482,0.022554007922321762,0.18902835749801938,0.2049
665,3.3249999999999513,3.90926180315887e-12,-2.5516867536035798e-19,0,0.018201836664372091,-0.10384642193960386,0.022553085719702493,0.18902899909205126,0.2049
666,3.3299999999999512,3.0678376505832716e-12,2.0477021499872711e-19,0,0.018202513716769966,-0.10384771156469867,0.022552158362730064,0.18902963662138167,0.2049
667,3.3349999999999511,7.2900713243839732e-13,6.9668459911666203e-19,0,0.018203186881256994,-0.1038489869538852,0.022551225974024449,0.18903027011406731,0.2049
668,3.339999999999951,2.8822985664866962e-12,-5.5268899808343097e-20,0,0.018203856180774566,-0.10385024826359898,0.022550288674616812,0.18903089959782574,0.2049
669,3.3449999999999509,2.2274335154115477e-12,3.4431889305887309e-19,0,0.018204521638120873,-0.10385149564993171,0.022549346584309651,0.18903152510005594,0.2049
670,3.3499999999999508,2.8652566430587001e-12,-1.3298417271892515e-19,0,0.018205183275953937,-0.10385272926418337,0.022548399820978032,0.18903214664829271,0.2049
671,3.3549999999999507,2.5384937207828528e-12,2.1789922568116876e-19,0,0.018205841116788038,-0.10385394926065797,0.022547448501639727,0.18903276426933133,0.2049
672,3.3599999999999506,4.0614595020471711e-12,-4.4469229730850768e-20,0,0.018206495183000323,-0.10385515578680751,0.022546492741379029,0.18903337799033809,0.2049
673,3.3649999999999505,2.1247448245276246e-12,2.4267493938835705e-19,0,0.018207145496826463,-0.10385634899376162,0.022545532654218586,0.18903398783769687,0.2049
674,3.3699999999999504,3.4116529046279709e-12,4.6290350567447514e-19,0,0.01820779208036671,-0.10385752902626044,0.022544568352389376,0.18903459383810545,0.2049
675,3.3749999999999503,2.3841380258904366e-12,1.5670109524204556e-19,0,0.01820843495558188,-0.10385869603061687,0.02254359994710204,0.18903519601775265,0.2049
676,3.3799999999999502,2.7616971209898367e-12,3.4304834363799164e-20,0,0.01820907414429743,-0.10385985015000709,0.022542627547847069,0.18903579440276475,0.2049
677,3.38499999999995,2.7379834510732337e-12,-5.2516042729766621e-20,0,0.018209709668203539,-0.1038609915271112,0.022541651263037914,0.18903638901891254,0.2049
678,3.3899999999999499,3.7287430088017715e-12,-4.453275720189484e-19,0,0.018210341548856254,-0.10386212030151276,0.022540671199511118,0.1890369798920396,0.2049
679,3.3949999999999498,3.0970087605552976e-12,-1.4907779871675686e-19,0,0.018210969807677176,-0.10386323661317341,0.022539687462939731,0.18903756704750391,0.2049
680,3.3999999999999497,3.5078606686056446e-12,-3.9598790284138541e-20,0,0.018211594465956348,-0.10386434059951496,0.022538700157526556,0.18903815051061995,0.2049
681,3.4049999999999496,3.2662969551289223e-12,-2.549569171235444e-19,0,0.018212215544851716,-0.10386543239611576,0.022537709386265543,0.18903873030655247,0.2049
682,3.4099999999999495,2.3116335234885099e-12,1.3891340334970526e-19,0,0.018212833065390403,-0.10386651213814108,0.022536715250800331,0.18903930646011341,0.2049
683,3.4149999999999494,3.2362168500554844e-12,-4.3622196783596467e-19,0,0.018213447048469909,-0.10386757995836308,0.02253571785135388,0.18903987899614588,0.2049
684,3.4199999999999493,3.0729620237313071e-12,-5.3363075677020921e-20,0,0.018214057514858412,-0.10386863598867094,0.022534717287153179,0.18904044793907451,0.2049
685,3.4249999999999492,2.3167578966365454e-12,4.3198680309969317e-20,0,0.018214664485196371,-0.10386968035935423,0.022533713655974667,0.18904101331329529,0.2049
686,3.4299999999999491,1.2922458242359269e-12,-1.8168856718604742e-19,0,0.018215267979996501,-0.10387071319957836,0.022532707054449652,0.18904157514292885,0.2049
687,3.434999999999949,2.8537588958599258e-12,9.952637130238029e-20,0,0.018215868019645989,-0.10387173463511512,0.02253169757768507,0.18904213345217163,0.2049
688,3.4399999999999489,3.3483910089060487e-12,-2.9603801506537797e-19,0,0.018216464624404318,-0.10387274479410179,0.022530685319987774,0.18904268826456433,0.2049
689,3.4449999999999488,2.623297412629455e-12,1.9820570965750628e-19,0,0.018217057814408546,-0.10387374380052347,0.022529670374256877,0.18904323960382879,0.2049
690,3.4499999999999487,2.8176350141961848e-12,-4.6883273630525524e-19,0,0.018217647609671025,-0.1038747317773946,0.022528652832133969,0.1890437874934312,0.2049
691,3.4549999999999486,4.6536281772535659e-12,-1.8126505071242027e-19,0,0.018218234030081312,-0.10387570884705891,0.022527632784067633,0.1890443319566763,0.2049
692,3.4599999999999485,3.1528009369896637e-12,-1.7618285302889447e-19,0,0.01821881709540581,-0.1038766751307634,0.022526610319529374,0.18904487301655976,0.2049
693,3.4649999999999483,2.2634116803033066e-12,1.6347735882007997e-19,0,0.018219396825290512,-0.10387763074683817,0.022525585526697742,0.18904541069608582,0.2049
694,3.4699999999999482,1.0268105810062877e-12,-3.8963515573697816e-20,0,0.018219973239260945,-0.10387857581323609,0.022524558492358644,0.18904594501809172,0.2049
695,3.4749999999999481,2.3872570587002429e-12,4.3071625367881172e-19,0,0.018220546356721237,-0.10387951044748539,0.022523529302586377,0.18904647600504398,0.2049
696,3.479999999999948,2.3793675363315003e-12,3.9429383694687681e-19,0,0.018221116196957966,-0.10388043476494137,0.022522498042118283,0.18904700367940352,0.2049
697,3.4849999999999479,2.7446864225844081e-12,5.3405427324383636e-19,0,0.018221682779139096,-0.10388134887999322,0.022521464794577235,0.18904752806336236,0.2049
698,3.4899999999999478,1.654024139874366e-12,-9.2750107724345887e-20,0,0.018222246122315398,-0.10388225290562167,0.022520429642509117,0.18904804917904602,0.2049
699,3.4949999999999477,8.2833739867282929e-13,1.274784585617722e-19,0,0.018222806245421157,-0.10388314695359438,0.022519392667390378,0.18904856704838499,0.2049
700,3.4999999999999476,4.2415515544291793e-12,-9.7408788934244539e-21,0,0.018223363167274478,-0.10388403113332598,0.022518353949375004,0.18904908169325146,0.2049
701,3.5049999999999475,3.7632119642694306e-12,5.3278372382295491e-19,0,0.018223916906577431,-0.10388490555617405,0.022517313568183671,0.18904959313500685,0.2049
702,3.5099999999999474,2.3954171979312378e-12,-6.221456997582836e-19,0,0.018224467481919991,-0.10388577032985427,0.022516271601576938,0.18905010139514095,0.2049
703,3.5149999999999473,3.6686799431695505e-12,-9.6138239513363088e-20,0,0.018225014911777099,-0.10388662555986664,0.022515228126964489,0.18905060649514355,0.2049
704,3.5199999999999472,3.2730727850260877e-12,5.7937053592194143e-19,0,0.018225559214510495,-0.10388747135361512,0.022514183220525421,0.18905110845592654,0.2049
705,3.5249999999999471,2.8759217229890055e-12,-2.532628512290358e-19,0,0.018226100408370787,-0.10388830781513489,0.022513136957399951,0.18905160729853526,0.2049
706,3.529999999999947,1.8417350977628644e-12,2.6385076306971456e-19,0,0.018226638511497112,-0.10388913504830097,0.022512089411551535,0.18905210304370493,0.2049
707,3.5349999999999469,3.1829990032594679e-12,-1.147729643529577e-19,0,0.018227173541917791,-0.10388995315494316,0.022511040656166964,0.18905259571218852,0.2049
708,3.5399999999999467,2.5454222063459042e-12,-4.4215119846674478e-19,0,0.018227705517551165,-0.10389076223781485,0.022509990763486067,0.18905308532434884,0.2049
709,3.5449999999999466,3.7645754569215484e-12,2.498747194400186e-19,0,0.018228234456207779,-0.10389156239403541,0.022508939804259803,0.18905357190083266,0.2049
710,3.5499999999999465,3.8337631680374074e-12,1.4230153513872246e-19,0,0.018228760375586506,-0.10389235372603967,0.022507887849049949,0.18905405546151008,0.2049
711,3.5549999999999464,3.5788455532426156e-12,2.0921713797181218e-19,0,0.018229283293282206,-0.10389313633015942,0.022506834966840208,0.18905453602658978,0.2049
712,3.5599999999999463,2.2245781605700898e-12,-5.6158284402960112e-19,0,0.01822980322678076,-0.10389391030334169,0.022505781225932497,0.18905501361599192,0.2049
713,3.5649999999999462,3.2039614017431717e-12,5.9673471134065459e-19,0,0.018230320193462154,-0.10389467574193056,0.022504726693561614,0.18905548824942914,0.2049
714,3.5699999999999461,3.2095402724419131e-12,6.4586262228140401e-19,0,0.018230834210600851,-0.10389543274046123,0.022503671436148398,0.18905595994653629,0.2049
715,3.574999999999946,3.0772745462925855e-12,-6.3019251275719945e-19,0,0.018231345295366585,-0.10389618139318066,0.02250261551910895,0.18905642872673645,0.2049
716,3.5799999999999459,1.8222090503172694e-12,2.0244087439377778e-19,0,0.018231853464824952,-0.10389692179219819,0.022501559006983488,0.18905689460947109,0.2049
717,3.5849999999999458,2.1759677393262677e-12,8.8260833103898095e-19,0,0.018232358735937482,-0.10389765402947193,0.022500501963316696,0.18905735761386985,0.2049
718,3.5899999999999457,3.5284414279246334e-12,3.5151867311053464e-19,0,0.018232861125562931,-0.10389837819591781,0.022499444450903704,0.1890578177589495,0.2049
719,3.5949999999999456,2.6135864306109369e-12,2.4691010412462855e-19,0,0.018233360650458458,-0.10389909438158829,0.022498386531638659,0.189058275063615,0.2049
720,3.5999999999999455,2.5777678602789678e-12,-1.1434944787933055e-19,0,0.018233857327279748,-0.10389980267449755,0.02249732826638387,0.18905872954672592,0.2049
721,3.6049999999999454,6.2794214272798854e-13,-1.7279472123987727e-19,0,0.018234351172580578,-0.10390050316341526,0.022496269715362342,0.18905918122677165,0.2049
722,3.6099999999999453,2.9902955112071083e-12,-1.9524109434211623e-19,0,0.018234842202816313,-0.10390119593353173,0.022495210937611657,0.18905963012248045,0.2049
723,3.6149999999999451,3.1113306375729621e-12,1.6940658945086007e-19,0,0.018235330434340433,-0.10390188107264781,0.022494151991756181,0.18906007625196694,0.2049
724,3.619999999999945,4.1594609700990048e-12,2.9646153153900512e-19,0,0.018235815883409785,-0.10390255866477274,0.022493092935296569,0.18906051963359707,0.2049
725,3.6249999999999449,2.5845992013273644e-12,-3.3161339885005858e-19,0,0.01823629856618194,-0.10390322879367972,0.022492033824894744,0.18906096028549035,0.2049
726,3.6299999999999448,3.9483971647769067e-12,-1.1265538198482195e-19,0,0.018236778498716383,-0.10390389154262056,0.022490974716518636,0.1890613982255685,0.2049
727,3.6349999999999447,2.5656976543331211e-12,-2.0117032497289633e-19,0,0.018237255696976602,-0.10390454699455096,0.02248991566530914,0.18906183347159419,0.2049
728,3.6399999999999446,2.0374812947920873e-12,3.1890790464124408e-19,0,0.018237730176829836,-0.1039051952300056,0.022488856725532264,0.18906226604136739,0.2049
729,3.6449999999999445,3.5117464491918327e-12,-4.2351647362715017e-21,0,0.018238201954047142,-0.1039058363284531,0.0224877979506156,0.18906269595261466,0.2049
730,3.6499999999999444,1.7754686609805503e-12,-2.456395547037471e-19,0,0.018238671044303385,-0.10390647037214512,0.022486739393410417,0.18906312322238086,0.2049
731,3.6549999999999443,3.087856359496044e-12,-1.6347735882007997e-19,0,0.018239137463181967,-0.10390709743684079,0.022485681105771219,0.18906354786840784,0.2049
732,3.6599999999999442,2.9220098562987573e-12,-2.3251054402130544e-19,0,0.018239601226169303,-0.10390771760147605,0.022484623138931206,0.18906396990772684,0.2049
733,3.6649999999999441,3.2545910411130308e-12,-1.7152417181899582e-19,0,0.018240062348660064,-0.10390833094343443,0.022483565543281923,0.18906438935737024,0.2049
734,3.669999999999944,2.7484785281028934e-12,2.3335757696855974e-19,0,0.01824052084595627,-0.10390893753809266,0.022482508368499014,0.1890648062343778,0.2049
735,3.6749999999999439,4.2920667020496239e-12,3.1721383874673548e-19,0,0.018240976733267564,-0.10390953746025908,0.02248145166351527,0.18906522055562511,0.2049
736,3.6799999999999438,2.5703224271200753e-12,1.2959604092990795e-19,0,0.018241430025711665,-0.10391013078616837,0.022480395476515851,0.18906563233759843,0.2049
737,3.6849999999999437,4.648240126137182e-12,-5.022905377218001e-19,0,0.018241880738317215,-0.1039107175868722,0.022479339854862248,0.18906604159722212,0.2049
738,3.6899999999999435,1.7055454271108772e-12,3.3034284942917713e-19,0,0.018242328886019853,-0.10391129793778628,0.022478284845536208,0.18906644835061984,0.2049
739,3.6949999999999434,3.1622447715928814e-12,3.7184746384463785e-19,0,0.018242774483668654,-0.10391187190850383,0.022477230494308012,0.18906685261446179,0.2049
740,3.6999999999999433,1.409442007549444e-12,-3.0493186101154812e-20,0,0.018243217546020707,-0.10391243957214116,0.022476176846703933,0.18906725440472191,0.2049
741,3.7049999999999432,1.8411938640383596e-12,1.32560656245298e-19,0,0.018243658087746951,-0.10391300099798362,0.022475123947249469,0.1890676537376893,0.2049
742,3.7099999999999431,3.1112890042095387e-12,-7.1997800516615529e-21,0,0.018244096123428807,-0.10391355625538792,0.022474071839864856,0.18906805062938828,0.2049
743,3.714999999999943,2.5972557438080912e-12,-5.9292306307801024e-21,0,0.018244531667559908,-0.10391410541352022,0.022473020567851082,0.18906844509570703,0.2049
744,3.7199999999999429,2.538858012712808e-12,-4.7942064814593399e-19,0,0.018244964734547897,-0.10391464854103555,0.022471970173875852,0.18906883715229739,0.2049
745,3.7249999999999428,2.614696653635562e-12,1.6728900708272432e-19,0,0.018245395338714571,-0.10391518570474695,0.02247092069974423,0.18906922681491775,0.2049
746,3.7299999999999427,4.3010074668448084e-12,3.8455295805345235e-19,0,0.018245823494295238,-0.10391571697119542,0.022469872186765313,0.18906961409914996,0.2049
747,3.7349999999999426,1.7842186061933774e-12,-3.654947167402306e-19,0,0.018246249215439884,-0.10391624240735892,0.022468824675674858,0.18906999902028629,0.2049
748,3.7399999999999425,2.2376614450259069e-12,1.5161889755851976e-19,0,0.018246672516215121,-0.10391676207694314,0.022467778206312995,0.18907038159384054,0.2049
749,3.7449999999999424,3.1827457336319753e-12,-2.6681537838510461e-19,0,0.018247093410601972,-0.1039172760442299,0.022466732817985138,0.18907076183503341,0.2049
750,3.7499999999999423,1.7761347947953254e-12,-4.7433845046240819e-20,0,0.018247511912497873,-0.10391778437438783,0.022465688549555704,0.18907113975886308,0.2049
751,3.7549999999999422,1.3402889909031046e-12,3.0239076216978522e-19,0,0.018247928035718553,-0.10391828712949533,0.022464645439004949,0.18907151538038763,0.2049
752,3.7599999999999421,2.9333757645133574e-12,4.5993889035908508e-19,0,0.018248341793996137,-0.10391878437133087,0.022463603523791602,0.18907188871460293,0.2049
753,3.7649999999999419,2.9451996397256153e-12,-2.6893296075324036e-19,0,0.01824875320098061,-0.10391927616365243,0.022462562840951227,0.18907225977603154,0.2049
754,3.7699999999999418,1.605555965955574e-12,6.5221536938581126e-20,0,0.018249162270242984,-0.10391976256395558,0.022461523426419609,0.18907262857989335,0.2049
755,3.7749999999999417,4.5280550142745568e-12,-5.0694921893169875e-19,0,0.018249569015268006,-0.10392024363478733,0.022460485316074051,0.18907299514034573,0.2049
756,3.7799999999999416,2.9661204048458956e-12,2.6977999370049466e-19,0,0.018249973449464305,-0.10392071943676402,0.022459448545115862,0.18907335947182807,0.2049
757,3.7849999999999415,2.7549490466682869e-12,-6.9033185201225478e-20,0,0.018250375586161258,-0.10392119002643194,0.022458413147887761,0.18907372158902347,0.2049
758,3.7899999999999414,3.6413302928473001e-12,5.8106460181645003e-19,0,0.018250775438605892,-0.10392165546333133,0.022457379158299016,0.18907408150604679,0.2049
759,3.7949999999999413,3.6173564144093007e-12,3.3373098121819433e-19,0,0.018251173019967804,-0.10392211580466815,0.022456346609789214,0.18907443923716086,0.2049
760,3.7999999999999412,2.1267293481841421e-12,-1.300195574035351e-19,0,0.018251568343337465,-0.10392257110830297,0.022455315535136716,0.18907479479629591,0.2049
761,3.8049999999999411,3.2873981314907041e-12,7.9197580568277082e-19,0,0.01825196142172892,-0.10392302142959813,0.02245428596653546,0.18907514819759214,0.2049
762,3.809999999999941,1.5069265280054367e-12,3.1382570695771828e-19,0,0.018252352268077369,-0.10392346682537772,0.022453257935820859,0.18907549945481408,0.2049
763,3.8149999999999409,2.0380364063043999e-12,-1.0122043719688889e-19,0,0.018252740895242026,-0.10392390734875617,0.022452231473882492,0.18907584858199533,0.2049
764,3.8199999999999408,3.5543824827843906e-12,-6.4543910580777686e-19,0,0.018253127316003804,-0.10392434305619155,0.022451206611536691,0.18907619559254984,0.2049
765,3.8249999999999407,3.7116976159268233e-12,-4.0488174878755556e-19,0,0.018253511543069954,-0.10392477400100042,0.022450183378941863,0.18907654050019412,0.2049
766,3.8299999999999406,3.6870020925228175e-12,-1.7491230360801302e-19,0,0.0182538935890714,-0.10392520023644172,0.022449161805320812,0.18907688331842379,0.2049
767,3.8349999999999405,3.2896844970320416e-12,-7.0515492858920503e-19,0,0.0182542734665633,-0.10392562181544684,0.022448141920062684,0.18907722406062044,0.2049
768,3.8399999999999403,2.4745136495418762e-12,2.7274460901588471e-19,0,0.018254651188027389,-0.10392603879009846,0.022447123751584242,0.18907756274009577,0.2049
769,3.8449999999999402,3.2055781640227821e-12,-2.1175823681357508e-20,0,0.018255026765871107,-0.10392645121156766,0.02244610732786537,0.18907789937013028,0.2049
770,3.8499999999999401,3.1560518087836442e-12,5.4633625097902372e-20,0,0.018255400212427771,-0.10392685913151535,0.022445092676489926,0.18907823396375173,0.2049
771,3.85499999999994,2.8701208076853391e-12,1.9778219318387913e-19,0,0.018255771539958242,-0.10392726259956854,0.022444079824503929,0.18907856653413674,0.2049
772,3.8599999999999399,3.0214060420252764e-12,2.2531076396964389e-19,0,0.018256140760649995,-0.10392766166644457,0.022443068798315816,0.18907889709406051,0.2049
773,3.8649999999999398,3.5520891783491493e-12,-2.8333252085656346e-19,0,0.018256507886619061,-0.10392805638085015,0.022442059624134147,0.18907922565653598,0.2049
774,3.8699999999999397,1.8362984743891531e-12,1.1138483256394049e-19,0,0.018256872929908914,-0.10392844679156552,0.022441052327498372,0.18907955223421496,0.2049
775,3.8749999999999396,2.6130313190986243e-12,1.0206747014414319e-19,0,0.018257235902492518,-0.10392883294712293,0.02244004693345298,0.18907987683983718,0.2049
776,3.8799999999999395,4.1859432586832668e-12,-5.6327690992410973e-20,0,0.018257596816271187,-0.10392921489502775,0.022439043466735965,0.18908019948597748,0.2049
777,3.8849999999999394,1.9300117060083721e-12,-2.2107559923337239e-19,0,0.018257955683076473,-0.10392959268267542,0.02243804195152841,0.18908052018508453,0.2049
778,3.8899999999999393,3.5644577567328639e-12,4.895850435129856e-19,0,0.018258312514669677,-0.10392996635608692,0.022437042411395582,0.1890808389497142,0.2049
779,3.8949999999999392,3.9652552075164493e-12,-3.1001405869507392e-19,0,0.018258667322742225,-0.10393033596179097,0.022436044869786773,0.1890811557920864,0.2049
780,3.8999999999999391,2.4062661585499967e-12,6.5602701764845561e-19,0,0.018259020118916731,-0.10393070154582208,0.022435049349546411,0.18908147072440826,0.2049
781,3.904999999999939,3.6861833030421565e-12,-4.2859867131067597e-19,0,0.018259370914747639,-0.10393106315287451,0.022434055872972428,0.18908178375889248,0.2049
782,3.9099999999999389,3.1432634273187432e-12,-1.1011428314305904e-20,0,0.018259719721720875,-0.10393142082717902,0.02243306446203807,0.18908209490764433,0.2049
783,3.9149999999999388,4.3991268960930086e-12,-2.464865876510014e-19,0,0.018260066551253566,-0.10393177461290157,0.022432075138291686,0.18908240418264555,0.2049
784,3.9199999999999386,2.2642027142083521e-12,9.1479558303464437e-20,0,0.018260411414696646,-0.10393212455471221,0.022431087922926914,0.18908271159569176,0.2049
785,3.9249999999999385,1.8070267504555204e-12,-6.4374503991326826e-20,0,0.018260754323334304,-0.10393247069460829,0.022430102836529797,0.18908301715875295,0.2049
786,3.9299999999999384,3.0807752182671067e-12,6.8186152253971177e-20,0,0.018261095288383149,-0.1039328130753075,0.022429119899304073,0.18908332088353552,0.2049
787,3.9349999999999383,2.9023172753994686e-12,1.291725244562808e-19,0,0.018261434320993777,-0.10393315173936632,0.022428139131262008,0.18908362278168692,0.2049
788,3.9399999999999382,2.6467578129185654e-12,-1.249373597200093e-19,0,0.018261771432251397,-0.10393348672857078,0.02242716055181496,0.18908392286475326,0.2049
789,3.9449999999999381,3.4617898825306526e-12,-3.4347186011161879e-19,0,0.018262106633176015,-0.10393381808350241,0.022426184179950438,0.18908422114433382,0.2049
790,3.949999999999938,9.932610289808963e-13,-3.4728350837426314e-19,0,0.018262439934722312,-0.10393414584570701,0.022425210034491556,0.18908451763177564,0.2049
791,3.9549999999999379,3.8546943414985435e-12,1.0079692072326174e-19,0,0.018262771347780867,-0.10393447005425087,0.022424238133490246,0.18908481233854388,0.2049
792,3.9599999999999378,3.1620331353288123e-12,8.4703294725430034e-21,0,0.018263100883177102,-0.10393479075093905,0.022423268495093768,0.18908510527564754,0.2049
793,3.9649999999999377,1.7074119895710282e-12,4.6629163746349234e-19,0,0.018263428551675006,-0.10393510797413508,0.022422301136707498,0.18908539645447919,0.2049
794,3.9699999999999376,3.8368405674837902e-12,3.7692966152816365e-20,0,0.018263754363973501,-0.10393542176203599,0.022421336075307934,0.18908568588620203,0.2049
795,3.9749999999999375,1.9699797348948778e-12,-1.6813604002997862e-19,0,0.018264078330707971,-0.10393573215430109,0.022420373327946382,0.18908597358174098,0.2049
796,3.9799999999999374,1.9247936577926339e-12,-5.3617185561197211e-19,0,0.018264400462452941,-0.10393603918929109,0.022419412910843914,0.18908625955200081,0.2049
797,3.9849999999999373,3.7736133662313875e-12,5.7513537118566993e-19,0,0.018264720769720601,-0.1039363429028739,0.022418454839922441,0.18908654380814152,0.2049
798,3.9899999999999372,3.7923726659006007e-12,-1.7025362239811437e-19,0,0.018265039262959054,-0.10393664333387803,0.022417499131092443,0.18908682636073573,0.2049
799,3.994999999999937,3.928551928211732e-12,-4.0911691352382706e-19,0,0.018265355952557474,-0.10393694051917265,0.02241654579960866,0.18908710722053998,0.2049
800,3.9999999999999369,3.8715246286624705e-12,-1.359487880343152e-19,0,0.018265670848843771,-0.10393723449503361,0.02241559486041516,0.18908738639826905,0.2049
801,4.0049999999999368,3.5919982266374717e-12,4.1419911120735287e-19,0,0.018265983962084446,-0.1039375252973376,0.022414646328197826,0.18908766390448287,0.2049
802,4.0099999999999367,2.4863722192236537e-12,4.4850394557115203e-19,0,0.018266295302486791,-0.10393781296134241,0.022413700217238521,0.18908793974976915,0.2049
803,4.0149999999999366,3.7949365871980945e-12,-4.7815009872505254e-19,0,0.018266604880197237,-0.10393809752243692,0.022412756541335243,0.18908821394458572,0.2049
804,4.0199999999999365,2.0174643206027909e-12,2.1175823681357508e-20,0,0.018266912705302445,-0.10393837901633057,0.022411815314348552,0.18908848649918378,0.2049
805,4.0249999999999364,4.1377734572023428e-12,-8.3856261778175734e-20,0,0.018267218787831305,-0.10393865747614575,0.022410876549370386,0.18908875742405201,0.2049
806,4.0299999999999363,3.5471035830791919e-12,2.4013384054659415e-19,0,0.018267523137752303,-0.10393893293692255,0.022409940259486803,0.1890890267292748,0.2049
807,4.0349999999999362,2.8324842471505463e-12,-2.2615779691689819e-19,0,0.018267825764976823,-0.10393920543216828,0.022409006457346475,0.18908929442507821,0.2049
808,4.0399999999999361,1.7905676941154525e-12,-4.895850435129856e-19,0,0.018268126679357757,-0.10393947499502065,0.022408075155250687,0.18908956052158615,0.2049
809,4.044999999999936,2.678277738477064e-12,-6.8609668727598327e-20,0,0.018268425890690092,-0.10393974165880521,0.022407146365264106,0.18908982502875299,0.2049
810,4.0499999999999359,3.4265923432030831e-12,5.0271405419542725e-19,0,0.01826872340871185,-0.10394000545443446,0.022406220098904965,0.18909008795677262,0.2049
811,4.0549999999999358,2.7363458721119116e-12,-2.3759274170483125e-19,0,0.018269019243102546,-0.10394026641574632,0.022405296367853891,0.1890903493153081,0.2049
812,4.0599999999999357,1.744826505500896e-12,2.2234614865425384e-19,0,0.0182693134034871,-0.10394052457503827,0.022404375183144636,0.18909060911415587,0.2049
813,4.0649999999999356,2.9465319073551655e-12,-3.9725845226226686e-19,0,0.018269605899434143,-0.1039407799615937,0.022403456555391429,0.18909086736338382,0.2049
814,4.0699999999999354,4.0247007115912226e-12,-2.2700482986415249e-19,0,0.01826989674045356,-0.10394103260909489,0.022402540495395355,0.18909112407232351,0.2049
815,4.0749999999999353,2.5416335702743709e-12,1.5712461171567271e-19,0,0.018270185936003012,-0.10394128254632264,0.022401627013338442,0.18909137925083597,0.2049
816,4.0799999999999352,3.9492575876209912e-12,-4.2351647362715017e-20,0,0.018270473495483264,-0.10394152980456495,0.022400716118898659,0.1890916329084539,0.2049
817,4.0849999999999351,1.7758017278879379e-12,3.858235074743338e-19,0,0.018270759428239955,-0.10394177441460059,0.022399807822103344,0.18909188505454883,0.2049
818,4.089999999999935,2.7846648598117696e-12,-2.7189757606863041e-19,0,0.018271043743565488,-0.10394201640482531,0.022398902132088956,0.18909213569874456,0.2049
819,4.0949999999999349,3.1516594889424709e-12,-6.6195624827923571e-19,0,0.018271326450696283,-0.10394225580499819,0.022397999058025649,0.18909238485036373,0.2049
820,4.0999999999999348,3.8114650324772015e-12,4.6586812098986519e-20,0,0.018271607558815357,-0.10394249264472809,0.022397098608798308,0.18909263251869046,0.2049
821,4.1049999999999347,3.8071767960445868e-12,2.0752307207730358e-19,0,0.018271887077052375,-0.10394272695232949,0.022396200793029515,0.18909287871295277,0.2049
822,4.1099999999999346,3.776569335034452e-12,-7.428478947420214e-19,0,0.018272165014484094,-0.10394295875674653,0.022395305618832774,0.18909312344232437,0.2049
823,4.1149999999999345,1.6845969064149813e-12,-2.1091120386632078e-19,0,0.018272441380134237,-0.10394318808610664,0.022394413094495552,0.18909336671596183,0.2049
824,4.1199999999999344,3.2105776370805472e-12,5.2092526256139471e-20,0,0.018272716182973742,-0.10394341496736412,0.022393523227597446,0.18909360854298407,0.2049
825,4.1249999999999343,1.5900614158681492e-12,3.8116482626443515e-21,0,0.018272989431920541,-0.10394363942848167,0.022392636025816134,0.1890938489323794,0.2049
826,4.1299999999999342,3.6175507034386101e-12,-6.0562855728682474e-20,0,0.018273261135841115,-0.10394386149655385,0.022391751496379775,0.18909408789305779,0.2049
827,4.1349999999999341,2.590240522071241e-12,4.3156328662606602e-19,0,0.018273531303550566,-0.10394408119896209,0.022390869646271933,0.18909432543389887,0.2049
828,4.139999999999934,3.8966052606781432e-12,1.4823076576950256e-20,0,0.01827379994381206,-0.10394429856153713,0.022389990482371121,0.18909456156380469,0.2049
829,4.1449999999999338,2.9733993045510942e-12,3.9810548520952116e-20,0,0.018274067065337869,-0.10394451361128014,0.022389114011263686,0.18909479629139303,0.2049
830,4.1499999999999337,2.4029667144986888e-12,-3.5363625547867039e-19,0,0.018274332676790492,-0.10394472637365831,0.02238824023921844,0.18909502962545541,0.2049
831,4.1549999999999336,3.9243053251425408e-12,-6.5899163296384566e-19,0,0.018274596786780992,-0.10394493687458359,0.022387369172248324,0.1890952615746993,0.2049
832,4.1599999999999335,2.111921748593204e-12,3.6676526616111205e-19,0,0.018274859403870553,-0.10394514513935346,0.022386500816268862,0.18909549214765042,0.2049
833,4.1649999999999334,3.505140622195313e-12,1.2536087619363645e-19,0,0.018275120536570093,-0.10394535119293327,0.022385635176975213,0.18909572135284822,0.2049
834,4.1699999999999333,3.3582824021660684e-12,-2.7359164196313901e-19,0,0.018275380193342083,-0.10394555506060746,0.022384772259520923,0.1890959491987772,0.2049
835,4.1749999999999332,4.3846037911521307e-12,-6.2256921623191075e-19,0,0.018275638382598665,-0.10394575676578134,0.022383912069315878,0.18909617569400369,0.2049
836,4.1799999999999331,2.0102808306887709e-12,-5.8021756886919573e-20,0,0.018275895112702414,-0.10394595633491582,0.022383054611273125,0.18909640084651158,0.2049
837,4.184999999999933,1.873098898208525e-12,-3.2526065174565133e-19,0,0.018276150391971144,-0.10394615379054324,0.022382199890115959,0.18909662466490917,0.2049
838,4.1899999999999329,3.1910064868245769e-12,-6.3950987517699676e-20,0,0.018276404228670766,-0.10394634915539068,0.022381347910189822,0.1890968471575562,0.2049
839,4.1949999999999328,4.0030201375884644e-12,4.8450284582945979e-19,0,0.018276656631018611,-0.10394654245470342,0.022380498676159877,0.18909706833236509,0.2049
840,4.1999999999999327,2.6102453531962055e-12,-2.6046263128069735e-19,0,0.018276907607187295,-0.10394673371074131,0.022379652191697644,0.18909728819771268,0.2049
841,4.2049999999999326,3.8081066078277104e-12,-1.3298417271892515e-19,0,0.018277157165298916,-0.1039469229472493,0.022378808461098805,0.18909750676153231,0.2049
842,4.2099999999999325,4.112252205423772e-12,-1.6263032587282567e-19,0,0.018277405313430625,-0.10394711018588393,0.022377967487818531,0.1890977240319146,0.2049
843,4.2149999999999324,2.9676990032090345e-12,-3.1340219048409113e-20,0,0.018277652059612029,-0.10394729544979314,0.022377129275466617,0.18909794001685556,0.2049
844,4.2199999999999322,3.6410926357310913e-12,1.2874900798265365e-19,0,0.01827789741182612,-0.10394747876082983,0.022376293827295377,0.18909815472428004,0.2049
845,4.2249999999999321,7.5583983516480657e-13,2.6596834543785031e-19,0,0.01827814137800932,-0.10394766014140225,0.022375461146534485,0.18909836816206754,0.2049
846,4.229999999999932,4.1571746045576674e-12,6.0689910670770619e-19,0,0.018278383966052591,-0.10394783961240849,0.022374631235906963,0.18909858033811217,0.2049
847,4.2349999999999319,3.1112265541644035e-12,-2.6258021364883311e-20,0,0.018278625183800284,-0.10394801719541208,0.022373804098187372,0.18909879126008172,0.2049
848,4.2399999999999318,9.3880458962303237e-13,3.7184746384463785e-19,0,0.018278865039051892,-0.10394819291228946,0.022372979736055086,0.18909900093574925,0.2049
849,4.2449999999999317,3.4880986987673168e-12,-2.0794658855093073e-19,0,0.018279103539561702,-0.10394836678286745,0.022372158151670846,0.18909920937288258,0.2049
850,4.2499999999999316,3.4888134048394193e-12,-5.8529976655272153e-19,0,0.018279340693038257,-0.10394853882909399,0.022371339347355475,0.1890994165788927,0.2049
851,4.2549999999999315,2.8883145875013838e-12,-3.0323779511703952e-19,0,0.018279576507147219,-0.1039487090707106,0.022370523325101012,0.18909962256154147,0.2049
852,4.2599999999999314,1.2811175731375357e-12,-1.7914746834428452e-19,0,0.018279810989508091,-0.10394887752840205,0.022369710086671116,0.18909982732825467,0.2049
853,4.2649999999999313,3.7432279498261778e-12,-4.2478702304803162e-19,0,0.018280044147697135,-0.10394904422094253,0.02236889963370715,0.18910003088664981,0.2049
854,4.2699999999999312,2.9320226802020954e-12,9.2750107724345887e-20,0,0.018280275989245622,-0.1039492091698775,0.022368091967718714,0.18910023324392808,0.2049
855,4.2749999999999311,2.7350899323153044e-12,-2.8587361969832636e-19,0,0.018280506521643331,-0.10394937239392414,0.022367287090054599,0.18910043440760055,0.2049
856,4.279999999999931,3.0959679264697115e-12,4.997494388800372e-20,0,0.01828073575233536,-0.10394953391285347,0.022366485001865923,0.18910063438494068,0.2049
857,4.2849999999999309,3.6949887594062147e-12,-3.1382570695771828e-19,0,0.018280963688723825,-0.10394969374391426,0.022365685703910031,0.18910083318346849,0.2049
858,4.2899999999999308,1.1004530620084552e-12,-3.3796614595446584e-19,0,0.018281190338166588,-0.10394985190859737,0.022364889197324808,0.18910103081004043,0.2049
859,4.2949999999999307,2.8777327742979253e-12,-2.0244087439377778e-19,0,0.018281415707981922,-0.103950008424049,0.022364095482572781,0.18910122727205639,0.2049
860,4.2999999999999305,2.9703739468089907e-12,-2.7105054312137611e-20,0,0.018281639805444144,-0.10395016330964173,0.022363304560205657,0.18910142257662896,0.2049
861,4.3049999999999304,3.9297627651979639e-12,-5.7979405239556858e-19,0,0.018281862637785317,-0.10395031658259452,0.022362516430580261,0.18910161673086079,0.2049
862,4.3099999999999303,3.6032565819965612e-12,6.2680438096818225e-19,0,0.018282084212195935,-0.1039504682617132,0.022361731093935112,0.18910180974177657,0.2049
863,4.3149999999999302,4.2121583998522283e-12,-2.1345230270808369e-19,0,0.01828230453582522,-0.10395061836454367,0.022360948550180039,0.18910200161642857,0.2049
864,4.3199999999999301,2.7349650322250341e-12,1.181610961419749e-19,0,0.018282523615780196,-0.10395076690968323,0.022360168799411037,0.18910219236155812,0.2049
865,4.32499999999993,2.73048250676311e-12,-1.2620790914089075e-19,0,0.018282741459129191,-0.10395091391378986,0.022359391841266736,0.18910238198427626,0.2049
866,4.3299999999999299,2.5287896776582386e-12,-3.1721383874673548e-19,0,0.018282958072897666,-0.10395105939376348,0.02235861767530507,0.18910257049147405,0.2049
867,4.3349999999999298,1.1354805984353789e-12,-2.608861477543245e-19,0,0.018283173464070303,-0.10395120336686038,0.022357846301086566,0.18910275788989164,0.2049
868,4.3399999999999297,2.2298274338083957e-12,-8.0722239873334822e-19,0,0.018283387639592263,-0.1039513458501051,0.022357077717860586,0.189102944186327,0.2049
869,4.3449999999999296,4.4698238166329674e-12,-8.2585712357294283e-20,0,0.018283600606368352,-0.10395148686047873,0.022356311924861288,0.1891031293874528,0.2049
870,4.3499999999999295,3.6430441996415652e-12,-4.9509075767013855e-19,0,0.018283812371263992,-0.10395162641431899,0.022355548921217615,0.18910331350003914,0.2049
871,4.3549999999999294,1.5691475896417728e-12,4.5951537388545793e-19,0,0.018284022941104407,-0.10395176452760679,0.022354788705712864,0.18910349653069361,0.2049
872,4.3599999999999293,1.7475465519112277e-12,-6.314630621780809e-19,0,0.018284232322675648,-0.10395190121655688,0.022354031277222623,0.1891036784860278,0.2049
873,4.3649999999999292,2.457929693111538e-12,-5.039846036163087e-20,0,0.018284440522724613,-0.10395203649744311,0.022353276634405055,0.18910385937255525,0.2049
874,4.3699999999999291,1.8747121910411835e-12,3.4050724479622874e-19,0,0.018284647547959748,-0.10395217038573661,0.022352524775783256,0.189104039196834,0.2049
875,4.3749999999999289,2.9256597144922125e-12,2.7952087259391911e-20,0,0.018284853405050164,-0.10395230289737609,0.022351775699749672,0.18910421796529042,0.2049
876,4.3799999999999288,3.3807609489677759e-12,8.6397360619938635e-20,0,0.018285058100626958,-0.1039524340462589,0.02235102940459761,0.1891043956845766,0.2049
877,4.3849999999999287,3.2821523276993503e-12,1.6432439176733427e-19,0,0.018285261641281657,-0.10395256385000917,0.022350285888565094,0.18910457236068134,0.2049
878,4.3899999999999286,3.4698702244817525e-12,7.0303734622106928e-20,0,0.018285464033570877,-0.10395269232231755,0.02234954514961008,0.1891047480001905,0.2049
879,4.3949999999999285,4.0211826923819416e-12,-8.4703294725430034e-22,0,0.018285665284011442,-0.10395281947783001,0.022348807185689552,0.18910492260949302,0.2049
880,4.3999999999999284,3.0911800896760155e-12,2.1514636860259229e-19,0,0.018285865399081811,-0.10395294533263452,0.022348071994686143,0.18910509619456228,0.2049
881,4.4049999999999283,1.7493853587957631e-12,-7.8054086089483776e-19,0,0.018286064385225547,-0.1039530698997141,0.022347339574180829,0.18910526876195682,0.2049
882,4.4099999999999282,3.2052693832440582e-12,-9.7408788934244539e-21,0,0.018286262248847024,-0.10395319319432181,0.022346609921846061,0.18910544031766205,0.2049
883,4.4149999999999281,2.4633628470382973e-12,-8.3517448599274013e-19,0,0.018286458996314869,-0.1039533152293176,0.022345883035025466,0.18910561086803271,0.2049
884,4.419999999999928,2.4422686095704194e-12,-3.1086109164232822e-19,0,0.018286654633958819,-0.10395343602069479,0.022345158911227146,0.18910578041884696,0.2049
885,4.4249999999999279,3.4703143136916026e-12,-4.3706900078321897e-19,0,0.018286849168075946,-0.10395355558119745,0.022344437547664457,0.18910594897642516,0.2049
886,4.4299999999999278,3.6486924592793457e-12,-5.7937053592194143e-19,0,0.018287042604924409,-0.10395367392526986,0.022343718941529145,0.18910611654667681,0.2049
887,4.4349999999999277,1.0590139876143212e-12,-3.1170812458958252e-19,0,0.018287234950727368,-0.10395379106566385,0.022343003089867038,0.18910628313564448,0.2049
888,4.4399999999999276,3.4831026951565036e-12,3.2356658585114273e-19,0,0.018287426211672078,-0.10395390701629802,0.022342289989558527,0.18910644874925994,0.2049
889,4.4449999999999275,1.1708342628757862e-12,-1.130788984584491e-19,0,0.018287616393909991,-0.1039540217903856,0.022341579637521734,0.18910661339345725,0.2049
890,4.4499999999999273,3.9024929121556085e-12,3.9895251815677546e-19,0,0.018287805503557283,-0.10395413540041262,0.022340872030408909,0.18910677707416479,0.2049
891,4.4549999999999272,3.5581260160455486e-12,-2.1599340154984659e-19,0,0.018287993546694303,-0.10395424786107745,0.022340167165032274,0.18910693979699195,0.2049
892,4.4599999999999271,3.0070945733484677e-12,-5.6751207466038123e-20,0,0.018288180529368561,-0.10395435918342891,0.022339465037895002,0.18910710156797053,0.2049
893,4.464999999999927,1.7885658232241752e-12,1.9312351197398048e-19,0,0.018288366457590872,-0.10395446938122707,0.022338765645404157,0.18910726239274722,0.2049
894,4.4699999999999269,3.9958383823979204e-12,-7.3268349937496979e-20,0,0.018288551337338331,-0.10395457846572131,0.022338068983911299,0.18910742227719796,0.2049
895,4.4749999999999268,2.8186550316000591e-12,-2.6385076306971456e-19,0,0.018288735174552588,-0.10395468645095449,0.02233737504984076,0.18910758122677523,0.2049
896,4.4799999999999267,3.8420863712751441e-12,6.8101448959245747e-19,0,0.018288917975142843,-0.10395479334846219,0.022336683839287837,0.18910773924725691,0.2049
897,4.4849999999999266,2.1334045641197008e-12,4.5866834093820363e-19,0,0.018289099744983942,-0.1039548991698958,0.02233599534833966,0.18910789634431363,0.2049
898,4.4899999999999265,4.2617992468407806e-12,-9.867933835512599e-20,0,0.018289280489915571,-0.10395500392750916,0.022335309573021447,0.18910805252346441,0.2049
899,4.4949999999999264,3.2100086477804268e-12,-3.0916702574781962e-19,0,0.018289460215745422,-0.10395510763422861,0.022334626509456668,0.18910820779015253,0.2049
900,4.4999999999999263,2.7314747685913687e-12,-3.6676526616111205e-19,0,0.018289638928248173,-0.10395521029931906,0.022333946153123507,0.18910836215019231,0.2049
901,4.5049999999999262,1.1191048088221578e-12,2.447925217564928e-19,0,0.018289816633162904,-0.10395531193714667,0.02233326850018897,0.18910851560864442,0.2049
902,4.5099999999999261,4.0252245980809676e-12,-4.0361119936667411e-19,0,0.018289993336199337,-0.10395541255737634,0.022332593546080699,0.18910866817123889,0.2049
903,4.514999999999926,4.3667465476904255e-12,1.8973538018496328e-19,0,0.018290169043031702,-0.10395551217079613,0.022331921286375067,0.18910881984341607,0.2049
904,4.5199999999999259,3.4502956047788302e-12,-1.9354702844760763e-19,0,0.018290343759301685,-0.10395561079037006,0.022331251716851394,0.18910897063031862,0.2049
905,4.5249999999999257,3.2758795676102181e-12,6.8482613785510182e-19,0,0.018290517490620412,-0.10395570842612166,0.022330584832874381,0.18910912053743337,0.2049
906,4.5299999999999256,3.3379011360468169e-12,5.4210108624275222e-19,0,0.01829069024256583,-0.10395580508961971,0.022329920629714742,0.18910926956990667,0.2049
907,4.5349999999999255,1.6832091276341998e-12,2.5961559833344305e-19,0,0.018290862020684719,-0.10395590079104164,0.022329259102828795,0.18910941773321105,0.2049
908,4.5399999999999254,2.7778057631877573e-12,-4.2224592420626872e-19,0,0.018291032830490401,-0.10395599554067242,0.022328600247301621,0.18910956503253357,0.2049
909,4.5449999999999253,3.6176062145898413e-12,5.5057141571529522e-20,0,0.018291202677465479,-0.10395608934994015,0.022327944058398549,0.18910971147298253,0.2049
910,4.5499999999999252,2.8456716150149219e-12,-1.3637230450794235e-19,0,0.01829137156706151,-0.10395618222936423,0.022327290531264192,0.18910985705972128,0.2049
911,4.5549999999999251,2.9593029415853067e-12,-2.9773208095988657e-19,0,0.018291539504699084,-0.10395627418870412,0.022326639660871814,0.18911000179798795,0.2049
912,4.559999999999925,3.5063618675224006e-12,1.7025362239811437e-19,0,0.018291706495767057,-0.10395636523789839,0.022325991442082492,0.18911014569287171,0.2049
913,4.5649999999999249,3.2110286651843012e-12,-2.9815559743351372e-19,0,0.018291872545622666,-0.10395645538776871,0.022325345869956763,0.18911028874936936,0.2049
914,4.5699999999999248,2.9551916469472417e-12,-6.365452598616067e-19,0,0.018292037659594106,-0.10395654464820669,0.022324702939299453,0.18911043097253571,0.2049
915,4.5749999999999247,3.7696512578122565e-12,-7.538593230563273e-20,0,0.018292201842978244,-0.10395663302837826,0.022324062644777633,0.18911057236740658,0.2049
916,4.5799999999999246,3.2171244834788837e-12,1.8465318250143747e-19,0,0.018292365101041874,-0.10395672053878385,0.022323424981192115,0.18911071293893952,0.2049
917,4.5849999999999245,2.1191937094044988e-12,-1.9312351197398048e-19,0,0.018292527439021621,-0.10395680718945019,0.022322789943249606,0.18911085269197331,0.2049
918,4.5899999999999244,3.1502023212226504e-12,3.7269449679189215e-20,0,0.018292688862124956,-0.1039568929875456,0.022322157525280328,0.1891109916317936,0.2049
919,4.5949999999999243,3.7610053960079881e-12,3.3881317890172014e-21,0,0.018292849375526103,-0.10395697794505014,0.022321527722056408,0.18911112976286193,0.2049
920,4.5999999999999241,6.6480154714554374e-13,1.7914746834428452e-19,0,0.018293008984373697,-0.10395706207063059,0.022320900528048516,0.18911126709016107,0.2049
921,4.604999999999924,2.0380849785617272e-12,1.4526615045411251e-19,0,0.01829316769378567,-0.10395714537261221,0.022320275937503235,0.18911140361859832,0.2049
922,4.6099999999999239,2.7885332931631979e-12,4.3156328662606602e-19,0,0.018293325508849854,-0.10395722786070136,0.02231965394490025,0.18911153935288866,0.2049
923,4.6149999999999238,3.6978198281190089e-12,5.9080548070987449e-19,0,0.018293482434625731,-0.10395730954417712,0.02231903454454065,0.18911167429777087,0.2049
924,4.6199999999999237,3.6395053637505725e-12,7.1150767569361228e-20,0,0.018293638476143823,-0.10395739043102682,0.022318417730610683,0.18911180845808145,0.2049
925,4.6249999999999236,1.2305712004945235e-12,-6.5645053412208276e-20,0,0.018293793638405147,-0.10395747053160373,0.022317803497477882,0.18911194183828067,0.2049
926,4.6299999999999235,3.9208358781905872e-12,5.9292306307801024e-20,0,0.018293947926384179,-0.10395754985254074,0.022317191839086745,0.18911207444333492,0.2049
927,4.6349999999999234,3.6042557827187238e-12,1.5119538108489261e-19,0,0.018294101345024474,-0.1039576284043662,0.022316582749725963,0.18911220627764735,0.2049
928,4.6399999999999233,1.7861268020169518e-12,-1.9100592960584473e-19,0,0.018294253899243308,-0.10395770619444364,0.02231597622319903,0.1891123373459945,0.2049
929,4.6449999999999232,4.6025197542043372e-12,-6.0054635960329894e-19,0,0.018294405593927872,-0.10395778323063962,0.022315372253667788,0.18911246765293133,0.2049
930,4.6499999999999231,3.0251356974986265e-12,-1.1138483256394049e-19,0,0.01829455643393858,-0.10395785952306011,0.022314770835226524,0.18911259720284429,0.2049
931,4.654999999999923,3.9732384049528946e-12,-9.952637130238029e-20,0,0.018294706424108857,-0.10395793507780751,0.022314171961534554,0.18911272600052437,0.2049
932,4.6599999999999229,3.0686564400639327e-12,4.4977449499203348e-19,0,0.01829485556924295,-0.10395800990480339,0.022313575626643878,0.1891128540502216,0.2049
933,4.6649999999999228,2.1209700662438991e-12,2.7528570785764761e-20,0,0.018295003874118865,-0.10395808401155197,0.022312981824343291,0.18911298135649085,0.2049
934,4.6699999999999227,1.7572610033766978e-12,-1.9481757786848908e-19,0,0.018295151343487363,-0.10395815740488598,0.022312390548357396,0.18911310792385783,0.2049
935,4.6749999999999226,3.6537439740413902e-12,-2.2192263218062669e-19,0,0.01829529798207092,-0.1039582300934413,0.022311801792425805,0.18911323375668232,0.2049
936,4.6799999999999224,2.5029492367600881e-12,-7.8350547621022781e-20,0,0.018295443794565554,-0.10395830208583695,0.022311215550306965,0.18911335885922814,0.2049
937,4.6849999999999223,3.9051401001799491e-12,-1.6728900708272432e-19,0,0.018295588785641744,-0.10395837338769336,0.022310631815581856,0.18911348323609831,0.2049
938,4.6899999999999222,2.7658986212486525e-12,-2.1175823681357508e-19,0,0.018295732959940816,-0.10395844400889924,0.02231005058209027,0.18911360689131229,0.2049
939,4.6949999999999221,2.8010510577658465e-12,5.6497097581861833e-19,0,0.018295876322080688,-0.10395851395487193,0.022309471843096298,0.18911372982947766,0.2049
940,4.699999999999922,2.1659896098924492e-12,-2.0794658855093073e-19,0,0.018296018876649906,-0.10395858323450274,0.022308895592344287,0.18911385205464931,0.2049
941,4.7049999999999219,2.8514413052960208e-12,-3.9810548520952116e-20,0,0.018296160628212928,-0.10395865185395495,0.022308321823270069,0.18911397357123633,0.2049
942,4.7099999999999218,3.3594654835766846e-12,3.0916702574781962e-20,0,0.018296301581306799,-0.10395871982147709,0.022307750529430848,0.18911409438328747,0.2049
943,4.7149999999999217,4.0534138545655907e-12,-4.6163295625359368e-20,0,0.018296441740444314,-0.10395878714355394,0.022307181704236963,0.18911421449512208,0.2049
944,4.7199999999999216,2.0652646259833318e-12,4.5316262678105068e-20,0,0.018296581110111149,-0.10395885382729977,0.022306615341073803,0.18911433391092541,0.2049
945,4.7249999999999215,2.6800228702938966e-12,-4.4553933025576198e-19,0,0.018296719694767517,-0.10395891988019129,0.02230605143334561,0.18911445263471666,0.2049
946,4.7299999999999214,3.4860517250656642e-12,1.1096131609031334e-19,0,0.018296857498849243,-0.10395898530815721,0.022305489974296856,0.1891145706707722,0.2049
947,4.7349999999999213,1.9596962941292873e-12,1.3848988687607811e-19,0,0.018296994526765489,-0.10395905011908986,0.022304930957404212,0.18911468802305431,0.2049
948,4.7399999999999212,1.5931006513980606e-12,3.9852900168314831e-19,0,0.018297130782901284,-0.10395911431921528,0.022304374375853579,0.18911480469567141,0.2049
949,4.7449999999999211,3.2205349498326541e-12,2.56650983018053e-19,0,0.018297266271616496,-0.10395917791571974,0.022303820222958452,0.18911492069260555,0.2049
950,4.749999999999921,3.8076555797239564e-12,7.1870745574527384e-19,0,0.018297400997246461,-0.10395924091317489,0.022303268491734682,0.18911503601817059,0.2049
951,4.7549999999999208,2.5183119478633387e-12,2.5368636770266295e-19,0,0.018297534964099308,-0.10395930332085279,0.02230271917568839,0.18911515067589449,0.2049
952,4.7599999999999207,3.2282614081946548e-12,-2.541098841762901e-19,0,0.018297668176463,-0.10395936514343546,0.022302172267781695,0.18911526467011508,0.2049
953,4.7649999999999206,4.2170711367361946e-12,4.3198680309969317e-19,0,0.018297800638597223,-0.10395942638796436,0.022301627761300288,0.18911537800459444,0.2049
954,4.7699999999999205,3.2765179458493776e-12,-1.7660636950252162e-19,0,0.018297932354739373,-0.10395948706044356,0.022301085649161972,0.18911549068328437,0.2049
955,4.7749999999999204,3.6159721050754712e-12,-3.5363625547867039e-19,0,0.018298063329102263,-0.10395954716773818,0.022300545924626998,0.18911560271000272,0.2049
956,4.7799999999999203,2.3735978460504015e-12,-4.5316262678105068e-20,0,0.018298193565875379,-0.10395960671547075,0.022300008580759655,0.18911571408873246,0.2049
957,4.7849999999999202,2.0879964424125319e-12,2.39710324072967e-19,0,0.018298323069223313,-0.10395966570936935,0.022299473610527719,0.18911582482333406,0.2049
958,4.7899999999999201,3.1728508709250036e-12,4.955142741437657e-20,0,0.018298451843287104,-0.10395972415608809,0.022298941007044583,0.18911593491751327,0.2049
959,4.79499999999992,3.2109037650940309e-12,-4.7179735162064529e-19,0,0.018298579892184762,-0.10395978206178405,0.022298410763296618,0.18911604437509461,0.2049
960,4.7999999999999199,3.0369595727108845e-12,3.3457801416544863e-20,0,0.018298707220010896,-0.1039598394301601,0.022297882872043213,0.18911615320006334,0.2049
961,4.8049999999999198,4.0296654901794682e-12,2.7316812548951186e-19,0,0.01829883383083487,-0.10395989627017438,0.022297357326492278,0.18911626139588972,0.2049
962,4.8099999999999197,3.3374865371360585e-12,-2.9053230090822502e-19,0,0.01829895972870535,-0.10395995258509574,0.022296834119562233,0.18911636896642847,0.2049
963,4.8149999999999196,2.5300872508182692e-12,2.9222636680273362e-20,0,0.018299084917647295,-0.10396000838207647,0.022296313244138714,0.18911647591535352,0.2049
964,4.8199999999999195,2.7986502004750946e-12,2.583450489125616e-20,0,0.018299209401662228,-0.10396006366681812,0.022295794693150114,0.18911658224625091,0.2049
965,4.8249999999999194,1.7387098705246018e-12,-3.5024812368965319e-19,0,0.018299333184730298,-0.1039601184435176,0.022295278459360999,0.1891166879630013,0.2049
966,4.8299999999999192,4.1128905836629315e-12,3.6125955200395909e-19,0,0.018299456270806778,-0.10396017271830554,0.022294764535715418,0.18911679306910523,0.2049
967,4.8349999999999191,3.3452095260511072e-12,1.4696021634862111e-19,0,0.018299578663825877,-0.10396022649703274,0.022294252915159206,0.18911689756816591,0.2049
968,4.839999999999919,3.8553743531011264e-12,-6.9456701674852628e-20,0,0.018299700367699429,-0.10396027978440367,0.022293743590377064,0.18911700146383068,0.2049
969,4.8449999999999189,2.6454290147359671e-12,-6.4713317170228546e-19,0,0.018299821386316396,-0.10396033258766296,0.02229323655439145,0.18911710475943033,0.2049
970,4.8499999999999188,2.8895184855937117e-12,-1.139259314057034e-19,0,0.018299941723545817,-0.10396038490837348,0.0222927317996615,0.18911720745896465,0.2049
971,4.8549999999999187,3.714716034775023e-12,2.1387581918171084e-19,0,0.018300061383230613,-0.10396043675408562,0.02229222931925505,0.1891173095656867,0.2049
972,4.8599999999999186,2.6484092696676953e-12,6.6576789654188007e-19,0,0.018300180369194539,-0.1039604881304762,0.022291729105931735,0.18911741108298669,0.2049
973,4.8649999999999185,5.5020918376946781e-13,4.0615229820843701e-19,0,0.018300298685240482,-0.10396053904159888,0.022291231152422233,0.18911751201450569,0.2049
974,4.8699999999999184,1.0070139166984404e-12,-6.8186152253971177e-20,0,0.018300416335148166,-0.10396058949210832,0.022290735451395365,0.18911761236373625,0.2049
975,4.8749999999999183,3.5282887722587475e-12,1.7999450129153882e-19,0,0.018300533322675748,-0.10396063948692183,0.022290241995644239,0.18911771213408624,0.2049
976,4.8799999999999182,1.7745804825608502e-12,-3.6845933205562065e-19,0,0.018300649651559912,-0.10396068903255218,0.022289750777941264,0.18911781132887584,0.2049
977,4.8849999999999181,2.6438851108423478e-12,5.1669009782512321e-20,0,0.018300765325517814,-0.10396073813185128,0.022289261790945137,0.18911790995163,0.2049
978,4.889999999999918,3.1095230557109943e-12,7.538593230563273e-20,0,0.018300880348243592,-0.10396078679078796,0.02228877502739196,0.18911800800560186,0.2049
979,4.8949999999999179,4.5179276986218042e-12,1.0291450309139749e-19,0,0.018300994723411772,-0.10396083501324019,0.022288290479951671,0.18911810549428831,0.2049
980,4.8999999999999178,2.5872359810108492e-12,-9.910285482875314e-20,0,0.018301108454674711,-0.1039608828050457,0.02228780814142732,0.18911820242088551,0.2049
981,4.9049999999999176,1.5578649481540197e-12,1.4907779871675686e-19,0,0.018301221545665013,-0.10396093016981717,0.022287328004371845,0.18911829878876393,0.2049
982,4.9099999999999175,3.5540459464300511e-12,-7.0134328032656068e-19,0,0.018301333999994531,-0.10396097711234906,0.022286850061430101,0.18911839460124102,0.2049
983,4.9149999999999174,4.0532611988997047e-12,-4.0488174878755556e-19,0,0.018301445821254102,-0.10396102363667897,0.022286374305362795,0.18911848986164576,0.2049
984,4.9199999999999173,1.5858425683745736e-12,-1.9566461081574338e-19,0,0.018301557013014086,-0.10396106974908158,0.022285900728897426,0.1891185845729404,0.2049
985,4.9249999999999172,2.2261498200393248e-12,9.0420767119396561e-19,0,0.018301667578826598,-0.10396111545159001,0.022285429324472764,0.18911867873875735,0.2049
986,4.9299999999999171,3.3151537071063331e-12,-5.3701888855922641e-19,0,0.018301777522220605,-0.1039611607494659,0.022284960084828873,0.18911877236215294,0.2049
987,4.934999999999917,4.0077940965943526e-12,-4.4511581378213483e-19,0,0.018301886846705896,-0.10396120564756198,0.022284493002700859,0.18911886544620832,0.2049
988,4.9399999999999169,3.5715805313252247e-12,1.351017550870609e-19,0,0.018301995555773963,-0.10396125015024624,0.022284028070619542,0.18911895799411266,0.2049
989,4.9449999999999168,1.5933920849420247e-12,8.9785492408955836e-20,0,0.018302103652895682,-0.1039612942610513,0.022283565281319258,0.18911905000913357,0.2049
990,4.9499999999999167,3.6697034300203768e-12,1.3976043629695956e-19,0,0.018302211141521779,-0.10396133798320185,0.022283104627156301,0.18911914149454812,0.2049
991,4.9549999999999166,4.1129183392385471e-12,1.32560656245298e-19,0,0.018302318025081487,-0.10396138132309179,0.022282646101063779,0.18911923245305329,0.2049
992,4.9599999999999165,2.7314678296974648e-12,-2.1302878623445654e-19,0,0.018302424306989314,-0.10396142428378158,0.022282189695582155,0.1891193228879986,0.2049
993,4.9649999999999164,2.3455959397011839e-12,1.8253560013330172e-19,0,0.018302529990637049,-0.10396146686827316,0.022281735403260821,0.18911941280254582,0.2049
994,4.9699999999999163,3.6055559579639684e-12,-1.0842021724855044e-19,0,0.018302635079397358,-0.103961509081951,0.022281283216687042,0.18911950219957979,0.2049
995,4.9749999999999162,2.7809872460426988e-12,-1.4314856808597676e-19,0,0.01830273957662483,-0.10396155092777368,0.022280833128570744,0.18911959108225937,0.2049
996,4.979999999999916,1.172197755527904e-12,-1.5331296345302836e-19,0,0.0183028434856542,-0.10396159241031697,0.02228038513150871,0.18911967945353367,0.2049
997,4.9849999999999159,3.0080937740706304e-12,-3.5151867311053464e-20,0,0.018302946809801858,-0.10396163353301557,0.022279939218026529,0.18911976731642605,0.2049
998,4.9899999999999158,1.6920007062104503e-12,-2.8841471854008927e-19,0,0.018303049552365253,-0.10396167429944167,0.02227949538075228,0.18911985467400513,0.2049
999,4.9949999999999157,2.9903093889949162e-12,-3.1467273990497258e-19,0,0.018303151716622397,-0.1039617147144714,0.022279053612443839,0.1891199415290391,0.2049
1000,4.9999999999999156,1.6928992929710063e-12,-1.6855955650360577e-19,0,0.018303253305834447,-0.10396175477996976,0.022278613905418555,0.1891200278847292,0.2049
1001,5.0049999999999155,3.9690473130349346e-12,-3.2271955290388843e-19,0,0.018303354323241865,-0.10396179450067274,0.022278176252537397,0.18912011374387844,0.2049
1002,5.0099999999999154,3.5160138689427356e-12,-5.5057141571529522e-21,0,0.018303454772067997,-0.10396183388045947,0.022277740646314836,0.18912019910932779,0.2049
1003,5.0149999999999153,2.5167784523105752e-12,4.2351647362715017e-22,0,0.01830355465551832,-0.10396187292276646,0.022277307079382629,0.18912028398404715,0.2049
1004,5.0199999999999152,2.8999441736843323e-12,4.0234064994579266e-20,0,0.018303653976779605,-0.1039619116306009,0.022276875544336477,0.18912036837097987,0.2049
1005,5.0249999999999151,1.3737067039443218e-12,1.7999450129153882e-19,0,0.01830375273902014,-0.10396195000847228,0.022276446033868299,0.18912045227280755,0.2049
1006,5.029999999999915,3.6793172675242403e-12,-5.5226548160980382e-19,0,0.018303850945391689,-0.10396198805822834,0.022276018540410246,0.18912053569263071,0.2049
1007,5.0349999999999149,3.0827458641358163e-12,3.0831999280056532e-19,0,0.018303948599025899,-0.10396202578568622,0.02227559305677735,0.18912061863294283,0.2049
1008,5.0399999999999148,3.136772092071638e-12,2.7952087259391911e-20,0,0.018304045703039267,-0.10396206319157,0.022275169575513974,0.18912070109684745,0.2049
1009,5.0449999999999147,3.2316545273136654e-12,2.2869889575866109e-20,0,0.018304142260528653,-0.10396210028087159,0.02227474808918483,0.18912078308704833,0.2049
1010,5.0499999999999146,4.2622502749445346e-12,1.5373647992665551e-19,0,0.018304238274573711,-0.10396213705607085,0.022274328590494774,0.18912086460628444,0.2049
1011,5.0549999999999145,3.9792127926041587e-12,3.9810548520952116e-20,0,0.018304333748237301,-0.1039621735211517,0.022273911072147608,0.18912094565732571,0.2049
1012,5.0599999999999143,3.6001063241641873e-12,-1.5500702934753696e-19,0,0.018304428684564895,-0.10396220967915598,0.022273495526556181,0.18912102624288074,0.2049
1013,5.0649999999999142,2.051414593751133e-12,4.8704394467122269e-20,0,0.018304523086583941,-0.1039622455330499,0.022273081946610498,0.18912110636575069,0.2049
1014,5.0699999999999141,2.2173660477187163e-12,-2.9264988327636077e-19,0,0.018304616957305293,-0.10396228108596982,0.022272670324802235,0.18912118602858347,0.2049
1015,5.074999999999914,3.1494806762566441e-12,4.8704394467122269e-20,0,0.018304710299722953,-0.10396231634147521,0.022272260653935269,0.1891212652340479,0.2049
1016,5.0799999999999139,4.0019099145638393e-12,-6.7762635780344027e-20,0,0.018304803116814251,-0.10396235130215487,0.022271852926402096,0.1891213439848648,0.2049
1017,5.0849999999999138,3.397504499957904e-12,1.2281977735187355e-19,0,0.018304895411538655,-0.10396238597117125,0.02227144713512038,0.18912142228375284,0.2049
1018,5.0899999999999137,2.5059954111839033e-12,-1.6813604002997862e-19,0,0.018304987186838942,-0.10396242035097245,0.022271043272622082,0.18912150013335688,0.2049
1019,5.0949999999999136,3.9287739728166571e-12,-8.3983316720263879e-19,0,0.018305078445641259,-0.10396245444548047,0.022270641331591436,0.18912157753618858,0.2049
1020,5.0999999999999135,2.9989760674808963e-12,4.8407932935583264e-19,0,0.018305169190855727,-0.10396248825764412,0.022270241304805545,0.18912165449484117,0.2049
1021,5.1049999999999134,3.1477043194172438e-12,1.8211208365967457e-19,0,0.018305259425376426,-0.10396252178983448,0.022269843184966946,0.1891217310120486,0.2049
1022,5.1099999999999133,4.1534518879782212e-12,7.4157734532113995e-19,0,0.018305349152080395,-0.10396255504516309,0.022269446964574439,0.18912180709025028,0.2049
1023,5.1149999999999132,1.8101076193488552e-12,-2.414043899674756e-19,0,0.018305438373828309,-0.10396258802674763,0.022269052636655063,0.18912188273206909,0.2049
1024,5.1199999999999131,3.1717406479003785e-12,-1.2366681029912785e-19,0,0.018305527093465397,-0.10396262073633777,0.022268660193573802,0.18912195794017195,0.2049
1025,5.124999999999913,3.6759137400643738e-12,-2.8375603733019061e-20,0,0.018305615313818833,-0.1039626531780673,0.022268269628270831,0.18912203271690028,0.2049
1026,5.1299999999999129,2.490091466356148e-12,5.1880768019325896e-19,0,0.018305703037702219,-0.1039626853547618,0.022267880933569011,0.1891221070647946,0.2049
1027,5.1349999999999127,3.8024687565307858e-12,1.5246593050577406e-20,0,0.018305790267912628,-0.10396271726714876,0.022267494101943314,0.18912218098654593,0.2049
1028,5.1399999999999126,2.067124249549579e-12,-3.3923669537534729e-19,0,0.018305877007229902,-0.10396274891972887,0.02226710912619051,0.18912225448448972,0.2049
1029,5.1449999999999125,2.4859697633772271e-12,-3.8539999100070665e-20,0,0.018305963258418923,-0.1039627803148022,0.022266725999241274,0.18912232756108524,0.2049
1030,5.1499999999999124,3.5008662635505061e-12,-2.8926175148734357e-19,0,0.01830604902422971,-0.1039628114543661,0.022266344713716205,0.18912240021889687,0.2049
1031,5.1549999999999123,4.3072993088921763e-12,-1.5034834813763831e-19,0,0.018306134307395496,-0.10396284234202588,0.022265965262486323,0.1891224724602184,0.2049
1032,5.1599999999999122,3.2305269570542805e-12,-1.266314256145179e-19,0,0.018306219110635406,-0.10396287297952828,0.022265587638366321,0.189122544287605,0.2049
1033,5.1649999999999121,3.7635450311768182e-12,-3.9598790284138541e-19,0,0.018306303436652141,-0.1039629033701342,0.022265211833996941,0.18912261570337521,0.2049
1034,5.169999999999912,3.7142788844590768e-12,-4.0361119936667411e-19,0,0.018306387288133698,-0.10396293351580885,0.022264837842345064,0.18912268671000262,0.2049
1035,5.1749999999999119,1.7993384560099912e-12,-2.0794658855093073e-19,0,0.018306470667752598,-0.10396296341943206,0.022264465656208366,0.18912275730979833,0.2049
1036,5.1799999999999118,2.3839819007775986e-12,1.6898307297723292e-19,0,0.018306553578166695,-0.10396299308253898,0.02226409526822502,0.18912282750526649,0.2049
1037,5.1849999999999117,2.7318564077560836e-12,-7.0303734622106928e-20,0,0.01830663602201742,-0.1039630225083131,0.022263726671427453,0.18912289729868315,0.2049
1038,5.1899999999999116,2.6044826018090106e-12,3.5998900258307764e-20,0,0.018306718001932301,-0.10396305169935341,0.022263359858698956,0.18912296669229189,0.2049
1039,5.1949999999999115,2.4998302039502818e-12,1.0160160202315333e-18,0,0.018306799520524868,-0.10396308065755303,0.022262994822800985,0.18912303568856192,0.2049
1040,5.1999999999999114,3.9840283849734703e-12,1.1434944787933055e-20,0,0.018306880580392464,-0.10396310938590368,0.022262631556630767,0.18912310428966644,0.2049
1041,5.2049999999999113,2.8345173430643911e-12,1.0587911840678754e-20,0,0.018306961184119161,-0.10396313788539635,0.022262270053128641,0.18912317249816149,0.2049
1042,5.2099999999999111,2.2185586701084503e-12,1.7830043539703022e-19,0,0.018307041334271815,-0.10396316615951413,0.022261910305155438,0.18912324031609973,0.2049
1043,5.214999999999911,1.4275594595325458e-12,-7.2421316990242679e-20,0,0.018307121033405215,-0.10396319421042893,0.022261552305597468,0.18912330774577138,0.2049
1044,5.2199999999999109,3.7094355365141496e-12,-4.2648108894254022e-19,0,0.018307200284059313,-0.10396322203939827,0.022261196047363152,0.18912337478957181,0.2049
1045,5.2249999999999108,3.3765837348376238e-12,3.5998900258307764e-20,0,0.018307279088758791,-0.10396324964976057,0.02226084152348768,0.1891234414496315,0.2049
1046,5.2299999999999107,3.8294853399456485e-12,8.0468129989158532e-21,0,0.018307357450014713,-0.10396327704324626,0.022260488726888763,0.18912350772821557,0.2049
1047,5.2349999999999106,1.3972191459377115e-12,2.1853450039160949e-19,0,0.018307435370323945,-0.10396330422282295,0.022260137650561611,0.18912357362738857,0.2049
1048,5.2399999999999105,3.467739984053253e-12,6.5602701764845561e-19,0,0.018307512852170464,-0.10396333118877782,0.022259788287290239,0.18912363914969002,0.2049
1049,5.2449999999999104,2.8550634079138604e-12,7.0219031327381498e-19,0,0.018307589898021379,-0.10396335794525913,0.0222594406303111,0.18912370429701103,0.2049
1050,5.2499999999999103,4.3418324491284466e-12,-1.0842021724855044e-19,0,0.018307666510332114,-0.10396338449246764,0.02225909467256032,0.18912376907172704,0.2049
1051,5.2549999999999102,2.5720883756186197e-12,5.2092526256139471e-20,0,0.018307742691543057,-0.10396341083424301,0.022258750406950523,0.18912383347587253,0.2049
1052,5.2599999999999101,1.5472068071176182e-12,-2.3039296165316969e-19,0,0.018307818444081699,-0.10396343697176162,0.02225840782669149,0.18912389751160358,0.2049
1053,5.26499999999991,2.2355693685138789e-12,1.342547221398066e-19,0,0.018307893770361825,-0.10396346290662058,0.022258066924630508,0.18912396118119298,0.2049
1054,5.2699999999999099,3.1203095662846181e-12,2.2065208275974524e-19,0,0.018307968672782282,-0.10396348864107544,0.022257727693936507,0.18912402448671733,0.2049
1055,5.2749999999999098,1.5114229312551686e-12,-3.782002109490451e-19,0,0.018308043153729008,-0.10396351417795072,0.02225739012776444,0.18912408743013945,0.2049
1056,5.2799999999999097,2.5839053119369737e-12,-4.4765691262389773e-19,0,0.018308117215575636,-0.10396353951829097,0.022257054219018295,0.18912415001371682,0.2049
1057,5.2849999999999095,3.1896152385968435e-12,3.9302328752599536e-19,0,0.018308190860680987,-0.10396356466427745,0.022256719960968594,0.18912421223951451,0.2049
1058,5.2899999999999094,2.7954305537036817e-12,-9.994988777600744e-20,0,0.018308264091390764,-0.10396358961783814,0.022256387346674476,0.18912427410958169,0.2049
1059,5.2949999999999093,3.9858324973884862e-12,8.5169162846419899e-19,0,0.018308336910038303,-0.10396361438072674,0.022256056369239129,0.18912433562601666,0.2049
1060,5.2999999999999092,3.3468644522471891e-12,2.5538043359717155e-19,0,0.018308409318942565,-0.10396363895545943,0.022255727021918567,0.18912439679079035,0.2049
1061,5.3049999999999091,2.9433538939471759e-12,-1.1053779961668619e-19,0,0.018308481320410481,-0.10396366334333568,0.022255399297752942,0.18912445760597452,0.2049
1062,5.309999999999909,3.2563951535280466e-12,2.2700482986415249e-19,0,0.018308552916735731,-0.10396368754553681,0.022255073190030498,0.18912451807372238,0.2049
1063,5.3149999999999089,2.5333485309531056e-12,1.5839516113655416e-19,0,0.018308624110198259,-0.10396371156501612,0.022254748691790276,0.18912457819589665,0.2049
1064,5.3199999999999088,1.7528201112781971e-12,-1.8295911660692887e-19,0,0.018308694903065643,-0.10396373540308723,0.022254425796458064,0.18912463797455445,0.2049
1065,5.3249999999999087,3.3554617417941301e-12,-4.0572878173480986e-19,0,0.01830876529759308,-0.1039637590615627,0.022254104497035118,0.18912469741164017,0.2049
1066,5.3299999999999086,1.4654770452704469e-12,-1.0503208545953324e-19,0,0.018308835296022369,-0.1039637825422261,0.022253784787032341,0.18912475650921665,0.2049
1067,5.3349999999999085,3.5098590700499699e-12,-1.342547221398066e-19,0,0.018308904900583289,-0.1039638058462375,0.022253466659457107,0.18912481526924835,0.2049
1068,5.3399999999999084,2.5132604331012942e-12,-8.0129316810256812e-19,0,0.018308974113492096,-0.10396382897682085,0.02225315010781409,0.18912487369355738,0.2049
1069,5.3449999999999083,2.6589841439772499e-12,-1.7025362239811437e-19,0,0.018309042936954165,-0.10396385193321744,0.022252835125161061,0.18912493178429815,0.2049
1070,5.3499999999999082,3.4528768733110837e-12,3.8963515573697816e-20,0,0.018309111373160172,-0.10396387471888691,0.022252521704942359,0.18912498954331403,0.2049
1071,5.3549999999999081,3.6931152580521598e-12,3.3584856358633008e-19,0,0.018309179424289331,-0.10396389733582977,0.022252209840545656,0.18912504697234073,0.2049
1072,5.3599999999999079,3.1212844808781171e-12,4.3918658315135473e-19,0,0.018309247092510774,-0.10396391978434597,0.022251899525172626,0.18912510407356936,0.2049
1073,5.3649999999999078,4.0166203696401226e-12,1.8634724839594607e-19,0,0.018309314379977976,-0.10396394206635082,0.022251590752262441,0.18912516084882147,0.2049
1074,5.3699999999999077,4.0296863068611799e-12,2.6639186191147746e-19,0,0.018309381288833481,-0.1039639641843894,0.022251283515209903,0.18912521729982282,0.2049
1075,5.3749999999999076,1.9530072004059207e-12,-2.574980159653073e-19,0,0.018309447821209433,-0.10396398613924654,0.022250977807404829,0.18912527342861557,0.2049
1076,5.3799999999999075,1.7061907442439406e-12,6.128283373384863e-19,0,0.018309513979223847,-0.10396400793241381,0.022250673622216433,0.18912532923705033,0.2049
1077,5.3849999999999074,3.508880686009519e-12,3.2060197053575268e-19,0,0.018309579764983302,-0.1039640295652855,0.02225037095301844,0.18912538472697907,0.2049
1078,5.3899999999999073,2.8776980798284058e-12,-3.9810548520952116e-20,0,0.018309645180582482,-0.10396405104023471,0.022250069793469111,0.18912543990014927,0.2049
1079,5.3949999999999072,3.2631675139782601e-12,-5.0186702124817295e-19,0,0.018309710228104858,-0.10396407235817733,0.022249770136771898,0.18912549475849169,0.2049
1080,5.3999999999999071,3.8385961076414787e-12,-3.3034284942917713e-19,0,0.018309774909621962,-0.10396409352043652,0.02224947197655619,0.18912554930374414,0.2049
1081,5.404999999999907,3.9536950102725399e-12,-7.9621097041904232e-20,0,0.018309839227193266,-0.10396411452938832,0.022249175306462476,0.18912560353771815,0.2049
1082,5.4099999999999069,4.0131231671125533e-12,3.2229603643026128e-19,0,0.018309903182867758,-0.10396413538556309,0.022248880119628778,0.18912565746237156,0.2049
1083,5.4149999999999068,2.5144400450649584e-12,9.994988777600744e-20,0,0.018309966778680409,-0.10396415609010358,0.022248586409840006,0.18912571107937862,0.2049
1084,5.4199999999999067,1.2914391778195977e-12,-8.8938459461701536e-21,0,0.018310030016656199,-0.10396417664566288,0.022248294170662312,0.18912576439046128,0.2049
1085,5.4249999999999066,3.8004373953404169e-12,-5.7809998650105998e-19,0,0.018310092898809579,-0.10396419705267997,0.022248003395550289,0.189125817397511,0.2049
1086,5.4299999999999065,2.7054747331334283e-12,2.1980504981249094e-19,0,0.01831015542714208,-0.10396421731263172,0.022247714078211436,0.18912587010220991,0.2049
1087,5.4349999999999064,8.4612872264244743e-13,2.8926175148734357e-19,0,0.018310217603644756,-0.10396423742767699,0.022247426212203363,0.18912592250626359,0.2049
1088,5.4399999999999062,3.2075453404445398e-12,1.4103098571784101e-19,0,0.018310279430297657,-0.10396425739878774,0.022247139791200868,0.18912597461143793,0.2049
1089,5.4449999999999061,4.0443759452557515e-12,-7.5004767479368295e-19,0,0.018310340909069529,-0.10396427722564205,0.022246854808564396,0.18912602641971221,0.2049
1090,5.449999999999906,1.9609591728197984e-12,5.6539449229224548e-19,0,0.018310402041916238,-0.10396429691264791,0.022246571258344731,0.18912607793232961,0.2049
1091,5.4549999999999059,8.0613293818032616e-13,-4.5400965972830498e-19,0,0.018310462830785617,-0.10396431645892612,0.022246289134035216,0.18912612915131094,0.2049
1092,5.4599999999999058,1.9126228378851806e-12,-1.7702988597614877e-19,0,0.018310523277612543,-0.10396433586628834,0.022246008429324612,0.18912618007831103,0.2049
1093,5.4649999999999057,7.8537176761983574e-13,5.056786695108173e-19,0,0.018310583384321514,-0.10396435513640157,0.022245729137985015,0.1891262307149523,0.2049
1094,5.4699999999999056,3.0700442188447141e-12,5.2092526256139471e-20,0,0.018310643152826277,-0.1039643742697649,0.022245451253675406,0.18912628106298504,0.2049
1095,5.4749999999999055,1.7973122989900503e-12,-5.1372548250973316e-19,0,0.018310702585029454,-0.10396439326936427,0.022245174770309246,0.18912633112391491,0.2049
1096,5.4799999999999054,4.0084324748335121e-12,-6.8143800606608462e-19,0,0.018310761682824098,-0.10396441213337637,0.022244899681355811,0.18912638089972855,0.2049
1097,5.4849999999999053,2.1651569426239803e-12,4.4215119846674478e-19,0,0.018310820448089956,-0.10396443086662348,0.022244625980921119,0.18912643039165186,0.2049
1098,5.4899999999999052,2.403480192647578e-12,-6.1325185381211345e-19,0,0.018310878882699496,-0.10396444946820133,0.022244353662754582,0.18912647960155837,0.2049
1099,5.4949999999999051,1.6347236064806481e-12,-5.6835910760763553e-19,0,0.018310936988513007,-0.10396446793897395,0.02224408272044933,0.18912652853115233,0.2049
1100,5.499999999999905,3.4664840442566458e-12,1.3848988687607811e-19,0,0.018310994767379293,-0.10396448628078497,0.022243813148057665,0.18912657718195403,0.2049
1101,5.5049999999999049,2.1538326677728037e-12,-1.130788984584491e-19,0,0.018311052221137575,-0.10396450449561487,0.022243544939509044,0.18912662555546175,0.2049
1102,5.5099999999999048,1.6619414178187242e-12,-2.7528570785764761e-20,0,0.018311109351617904,-0.10396452258420533,0.022243278088546991,0.18912667365332467,0.2049
1103,5.5149999999999046,3.5917935292673064e-12,2.4860417001913715e-19,0,0.018311166160639394,-0.10396454054608829,0.022243012589073196,0.18912672147736068,0.2049
1104,5.5199999999999045,3.9098203841181345e-12,-5.107608671943431e-19,0,0.018311222650009208,-0.10396455838465425,0.022242748434972839,0.1891267690288482,0.2049
1105,5.5249999999999044,3.9772213300537373e-12,-1.4865428224312971e-19,0,0.01831127882152609,-0.10396457609970551,0.022242485620346551,0.18912681630950395,0.2049
1106,5.5299999999999043,3.7860825585767088e-12,1.7618285302889447e-19,0,0.018311334676978378,-0.1039645936928818,0.022242224139117299,0.18912686332089151,0.2049
1107,5.5349999999999042,3.4474853527477478e-12,-1.8550021544869177e-19,0,0.018311390218143681,-0.10396461116560711,0.022241963985137645,0.18912691006443591,0.2049
1108,5.5399999999999041,2.6649793483102258e-12,-1.6898307297723292e-19,0,0.018311445446790867,-0.10396462851800198,0.02224170515256383,0.18912695654188552,0.2049
1109,5.544999999999904,2.8944763252880534e-12,-6.3188657865170805e-19,0,0.018311500364677224,-0.10396464575202857,0.022241447635293662,0.1891270027545579,0.2049
1110,5.5499999999999039,4.5728490438712299e-12,-1.0291450309139749e-19,0,0.01831155497355182,-0.10396466286771107,0.022241191427378869,0.18912704870420138,0.2049
1111,5.5549999999999038,3.4601210785467629e-12,-4.3368086899420177e-19,0,0.018311609275151897,-0.10396467986759617,0.022240936523075839,0.18912709439209763,0.2049
1112,5.5599999999999037,2.2448154446408353e-12,-1.0206747014414319e-19,0,0.018311663271207389,-0.10396469675164698,0.022240682916108159,0.18912713981992912,0.2049
1113,5.5649999999999036,1.8370131804612555e-12,3.9937603463040261e-19,0,0.018311716963436083,-0.10396471352124034,0.022240430600828035,0.18912718498912545,0.2049
1114,5.5699999999999035,1.489551537670053e-12,-3.0366131159066667e-19,0,0.018311770353547311,-0.10396473017713775,0.022240179571270849,0.18912722990117414,0.2049
1115,5.5749999999999034,2.1591617382910044e-12,2.4267493938835705e-19,0,0.018311823443240772,-0.10396474672080117,0.022239929821565085,0.18912727455756434,0.2049
1116,5.5799999999999033,3.5507499718256952e-12,-1.9735867671025198e-19,0,0.018311876234206166,-0.10396476315237513,0.022239681345870239,0.18912731895979884,0.2049
1117,5.5849999999999032,2.590015008019364e-12,-1.223962608782464e-19,0,0.018311928728123851,-0.1039647794737745,0.022239434138383942,0.18912736310930128,0.2049
1118,5.589999999999903,3.9269421048260256e-12,4.0657581468206416e-20,0,0.018311980926664778,-0.10396479568542474,0.022239188193235254,0.18912740700754849,0.2049
1119,5.5949999999999029,4.5807801996033959e-13,-4.7645603283054394e-19,0,0.018312032831490365,-0.10396481178933571,0.022238943504827996,0.18912745065586561,0.2049
1120,5.5999999999999028,4.1454825683295837e-12,3.9514086989413111e-19,0,0.018312084444253612,-0.10396482778428411,0.022238700067052482,0.18912749405597404,0.2049
1121,5.6049999999999027,3.5820235666506051e-12,3.8031779331718085e-19,0,0.018312135766595815,-0.10396484367366135,0.022238457874458828,0.18912753720897568,0.2049
1122,5.6099999999999026,3.9748482283386011e-12,8.3432745304548583e-20,0,0.018312186800151658,-0.10396485945658804,0.022238216921185279,0.1891275801165217,0.2049
1123,5.6149999999999025,3.0915270343712109e-12,-4.0318768289304696e-19,0,0.01831223754654528,-0.1039648751354588,0.022237977201624674,0.18912762277984124,0.2049
1124,5.6199999999999024,3.615913124477288e-12,-3.1086109164232822e-19,0,0.018312288007392437,-0.10396489070980469,0.022237738709933716,0.18912766520054414,0.2049
1125,5.6249999999999023,3.2859964749221149e-12,4.946672411965114e-19,0,0.018312338184298532,-0.10396490618160611,0.022237501440524478,0.18912770737984666,0.2049
1126,5.6299999999999022,2.6560142973863776e-12,9.5291206566108788e-20,0,0.018312388078861184,-0.10396492155106977,0.022237265387782992,0.18912774931924922,0.2049
1127,5.6349999999999021,4.0740952278461862e-12,6.2765141391543655e-19,0,0.018312437692668364,-0.10396493681886887,0.022237030545939826,0.18912779102013708,0.2049
1128,5.639999999999902,3.080449090253623e-12,-7.597885536871074e-19,0,0.018312487027298686,-0.10396495198774441,0.022236796909611424,0.18912783248362658,0.2049
1129,5.6449999999999019,1.5433487821070457e-12,-1.8041801776516597e-19,0,0.018312536084324142,-0.10396496705604397,0.022236564473001118,0.18912787371147896,0.2049
1130,5.6499999999999018,3.4862078501785021e-12,2.39710324072967e-19,0,0.018312584865304776,-0.10396498202546953,0.022236333230556869,0.18912791470489687,0.2049
1131,5.6549999999999017,3.489653011001792e-12,1.4272505161234961e-19,0,0.018312633371792703,-0.10396499689865094,0.022236103176854531,0.18912795546495731,0.2049
1132,5.6599999999999016,4.1873553235927119e-12,6.9880218148479778e-20,0,0.0183126816053336,-0.10396501167335362,0.022235874306272486,0.18912799599347641,0.2049
1133,5.6649999999999014,3.9088732251002511e-12,-6.2680438096818225e-20,0,0.018312729567461175,-0.10396502635227359,0.022235646613266553,0.18912803629144836,0.2049
1134,5.6699999999999013,1.9495516312417749e-12,3.9132922163148676e-19,0,0.018312777259702071,-0.10396504093667841,0.022235420092458581,0.18912807636018503,0.2049
1135,5.6749999999999012,4.0249574506656671e-12,2.5876856538618875e-19,0,0.01831282468357583,-0.10396505542587828,0.022235194738150218,0.18912811620122583,0.2049
1136,5.6799999999999011,3.3547054023586043e-12,-5.7047668997577128e-19,0,0.018312871840590248,-0.10396506982166939,0.022234970545180442,0.18912815581571166,0.2049
1137,5.684999999999901,3.4414381067104927e-12,-4.1928130889087867e-20,0,0.018312918732247122,-0.10396508412478322,0.022234747507859177,0.18912819520500934,0.2049
1138,5.6899999999999009,2.2222224060897133e-12,6.4332152343964111e-19,0,0.018312965360038298,-0.10396509833608128,0.022234525620970003,0.18912823437032511,0.2049
1139,5.6949999999999008,2.5961455207834661e-12,-5.7937053592194143e-19,0,0.018313011725448341,-0.103965112455769,0.022234304878955204,0.18912827331309867,0.2049
1140,5.6999999999999007,3.9961645104114041e-12,-4.5951537388545793e-19,0,0.0183130578299526,-0.10396512648461939,0.022234085276518364,0.18912831203449332,0.2049
1141,5.7049999999999006,3.0270404238752491e-12,-3.8201185921168945e-19,0,0.018313103675018677,-0.10396514042435671,0.02223386680831619,0.1891283505357555,0.2049
1142,5.7099999999999005,1.6854781459407775e-12,-3.714239473710107e-19,0,0.018313149262105879,-0.10396515427475565,0.022233649468973927,0.18912838881823862,0.2049
1143,5.7149999999999004,3.8077457853447072e-12,3.731180132655193e-19,0,0.018313194592665095,-0.1039651680366747,0.022233433253151601,0.18912842688321557,0.2049
1144,5.7199999999999003,3.3591289472223451e-12,-4.6713867041074664e-19,0,0.018313239668138429,-0.10396518171130348,0.022233218155601281,0.18912846473177819,0.2049
1145,5.7249999999999002,3.5743769055684993e-12,2.0244087439377778e-19,0,0.018313284489961411,-0.10396519529916753,0.022233004171020948,0.18912850236529005,0.2049
1146,5.7299999999999001,3.5811215104430971e-12,1.8422966602781032e-19,0,0.018313329059560325,-0.10396520880110086,0.022232791294206224,0.18912853978497368,0.2049
1147,5.7349999999999,4.3079012579383402e-12,8.3856261778175734e-20,0,0.018313373378353526,-0.10396522221784593,0.022232579519837658,0.18912857699198007,0.2049
1148,5.7399999999998998,3.230790635022629e-12,-2.3716922523120409e-20,0,0.018313417447752372,-0.10396523554968115,0.022232368842731623,0.18912861398765421,0.2049
1149,5.7449999999998997,3.6459099628238789e-12,1.6135977645194421e-19,0,0.018313461269158563,-0.10396524879778353,0.022232159257713574,0.18912865077310839,0.2049
1150,5.7499999999998996,3.5543235021862074e-12,-1.4145450219146816e-19,0,0.018313504843967508,-0.10396526196192848,0.022231950759509348,0.18912868734966426,0.2049
1151,5.7549999999998995,3.5879077486811184e-12,-7.1997800516615529e-21,0,0.01831354817356522,-0.10396527504448895,0.022231743343056144,0.18912872371829839,0.2049
1152,5.7599999999998994,9.1122942524890505e-13,-1.8719428134320037e-19,0,0.01831359125933189,-0.10396528804531111,0.022231537003199645,0.18912875988034894,0.2049
1153,5.7649999999998993,3.9647729543901278e-12,-5.8445273360546723e-20,0,0.018313634102638646,-0.10396530096401652,0.022231331734691502,0.18912879583709316,0.2049
1154,5.7699999999998992,3.9002134855081749e-12,-8.4703294725430034e-22,0,0.018313676704848202,-0.10396531380273769,0.022231127532616468,0.1891288315895453,0.2049
1155,5.7749999999998991,3.9925701633691801e-12,-1.6517142471458857e-20,0,0.018313719067316877,-0.10396532656143249,0.022230924391783417,0.18912886713893962,0.2049
1156,5.779999999999899,2.1791179971586416e-12,-9.1903074777091587e-20,0,0.018313761191393298,-0.10396533924113635,0.022230722307183561,0.18912890248641961,0.2049
1157,5.7849999999998989,3.6386726964821037e-12,6.263808644945551e-19,0,0.018313803078418324,-0.10396535184181202,0.02223052127365821,0.18912893763320082,0.2049
1158,5.7899999999998988,1.1572964808692632e-12,3.0662592690605672e-19,0,0.018313844729724492,-0.10396536436542782,0.022230321286404082,0.18912897258030206,0.2049
1159,5.7949999999998987,4.4149128797243975e-12,5.1033735072071595e-19,0,0.018313886146638318,-0.10396537681003176,0.022230122340087331,0.18912900732916405,0.2049
1160,5.7999999999998986,2.2037788260931279e-12,4.4257471494037193e-19,0,0.018313927330476282,-0.10396538917971707,0.022229924430047308,0.18912904188044671,0.2049
1161,5.8049999999998985,2.7497865096037799e-12,-2.9476746564449652e-19,0,0.018313968282551232,-0.10396540147255046,0.022229727551103508,0.18912907623567612,0.2049
1162,5.8099999999998984,3.3941946475657403e-12,-5.5057141571529522e-19,0,0.018314009004165646,-0.10396541368961129,0.022229531698372461,0.18912911039587432,0.2049
1163,5.8149999999998983,3.7501807215178928e-12,-1.4060746924421386e-19,0,0.018314049496615296,-0.10396542583238466,0.022229336866953303,0.18912914436206252,0.2049
1164,5.8199999999998981,2.8727575873688238e-12,6.3527471044072525e-21,0,0.018314089761189579,-0.1039654379007485,0.022229143051950388,0.18912917813543437,0.2049
1165,5.824999999999898,2.5561844307908643e-12,1.257843926672636e-19,0,0.01831412979916992,-0.10396544989512535,0.022228950248384255,0.18912921171713473,0.2049
1166,5.8299999999998979,3.1973035330423727e-12,-2.498747194400186e-20,0,0.018314169611829967,-0.10396546181664204,0.022228758451465526,0.18912924510816503,0.2049
1167,5.8349999999998978,2.4309443347192428e-12,1.7914746834428452e-19,0,0.01831420920043754,-0.10396547366597851,0.022228567656322321,0.18912927830960569,0.2049
1168,5.8399999999998977,2.3981927554928006e-12,2.8672065264558066e-19,0,0.018314248566252554,-0.10396548544341354,0.022228377858151217,0.18912931132257804,0.2049
1169,5.8449999999998976,4.3738276889193628e-12,-2.7655625727852906e-19,0,0.018314287710528537,-0.10396549714862544,0.022228189051971013,0.18912934414827548,0.2049
1170,5.8499999999998975,2.6645075035247601e-12,-1.1011428314305904e-19,0,0.018314326634510238,-0.10396550878394847,0.022228001233306822,0.18912937678755237,0.2049
1171,5.8549999999998974,3.3537617127876729e-12,-2.8926175148734357e-19,0,0.018314365339437699,-0.10396552034918807,0.022227814397027007,0.18912940924164021,0.2049
1172,5.8599999999998973,7.1750938523962304e-13,-7.1997800516615529e-20,0,0.018314403826542463,-0.10396553184381709,0.022227628538599949,0.18912944151157013,0.2049
1173,5.8649999999998972,4.2639780595266075e-12,-3.1001405869507392e-19,0,0.018314442097048734,-0.1039655432691802,0.022227443653167929,0.18912947359842183,0.2049
1174,5.8699999999998971,2.3937796189699156e-12,4.1081097941833566e-19,0,0.018314480152174541,-0.10396555462675072,0.022227259736204232,0.18912950550307947,0.2049
1175,5.874999999999897,3.7663865082304682e-12,-5.6454745934499118e-19,0,0.018314517993132273,-0.10396556591587169,0.022227076782714204,0.18912953722674999,0.2049
1176,5.8799999999998969,2.933403520088973e-12,1.0842021724855044e-19,0,0.018314555621125616,-0.10396557713754101,0.022226894788312856,0.18912956877041737,0.2049
1177,5.8849999999998968,9.8876462573116441e-13,-3.6337713437209485e-19,0,0.018314593037352417,-0.10396558829256095,0.022226713748185134,0.18912960013505933,0.2049
1178,5.8899999999998967,4.0223865904742695e-12,-3.5151867311053464e-19,0,0.018314630243003956,-0.10396559938027192,0.022226533657602146,0.1891296313218386,0.2049
1179,5.8949999999998965,3.6856073748481322e-12,4.2309295715352302e-19,0,0.018314667239263702,-0.10396561040242969,0.022226354512145049,0.18912966233164866,0.2049
1180,5.8999999999998964,2.7080837572412975e-12,3.7269449679189215e-20,0,0.018314704027309392,-0.10396562135943664,0.022226176307145528,0.18912969316547831,0.2049
1181,5.9049999999998963,2.9904481668729943e-12,-3.3881317890172014e-20,0,0.018314740608312632,-0.10396563225105823,0.022225999037865249,0.18912972382444337,0.2049
1182,5.9099999999998962,2.1279644712990375e-12,3.866705404215881e-19,0,0.018314776983437163,-0.10396564307836795,0.022225822699924399,0.18912975430948112,0.2049
1183,5.9149999999998961,3.9549509500691471e-12,-2.8587361969832636e-19,0,0.018314813153840908,-0.10396565384136018,0.022225647288627096,0.18912978462162536,0.2049
1184,5.919999999999896,3.3197403159768157e-12,2.8672065264558066e-19,0,0.018314849120674818,-0.10396566454103306,0.022225472799577827,0.18912981476180316,0.2049
1185,5.9249999999998959,2.6769697569761775e-12,2.6130966422795165e-19,0,0.018314884885084134,-0.10396567517817348,0.022225299228222431,0.18912984473099623,0.2049
1186,5.9299999999998958,3.8322574280602595e-12,-6.9329646732764483e-19,0,0.018314920448207303,-0.10396568575213674,0.022225126569982327,0.18912987453023972,0.2049
1187,5.9349999999998957,2.1690982343613996e-12,-3.841294415798252e-19,0,0.018314955811176151,-0.10396569626422397,0.022224954820502744,0.18912990416048642,0.2049
1188,5.9399999999998956,3.2474578581798141e-12,7.462360265310386e-19,0,0.01831499097511614,-0.10396570671451705,0.022224783975239824,0.18912993362271507,0.2049
1189,5.9449999999998955,3.3972269442017478e-12,6.2256921623191075e-20,0,0.018315025941146573,-0.10396571710393201,0.022224614029763862,0.18912996291782286,0.2049
1190,5.9499999999998954,1.4224177391497506e-12,-4.8153823051406974e-19,0,0.018315060710380433,-0.10396572743294991,0.022224444979757403,0.18912999204677924,0.2049
1191,5.9549999999998953,3.4197471243668787e-12,4.3198680309969317e-20,0,0.018315095283924793,-0.10396573770120753,0.022224276820625007,0.18913002101061716,0.2049
1192,5.9599999999998952,2.208930954816779e-12,2.6554482896422316e-19,0,0.018315129662879591,-0.1039657479103642,0.022224109548200626,0.18913004981014497,0.2049
1193,5.9649999999998951,3.8826442061434818e-12,-4.8704394467122269e-20,0,0.018315163848339824,-0.10396575805898338,0.022223943157926085,0.18913007844650659,0.2049
1194,5.9699999999998949,4.0192224548540878e-12,-1.9481757786848908e-20,0,0.018315197841392475,-0.1039657681495233,0.022223777645551879,0.18913010692039589,0.2049
1195,5.9749999999998948,1.9091013492289477e-12,-3.8836460631609671e-19,0,0.018315231643120499,-0.10396577818213673,0.022223613006831622,0.18913013523280511,0.2049
1196,5.9799999999998947,2.6907226446937216e-12,1.0969076666943189e-19,0,0.018315265254600289,-0.1039657881559084,0.022223449237268503,0.18913016338479982,0.2049
1197,5.9849999999998946,1.1883827255587676e-12,6.331571280725895e-19,0,0.018315298676900692,-0.1039657980727926,0.022223286332775864,0.189130191377092,0.2049
1198,5.9899999999998945,2.176543667520292e-12,1.7957098481791167e-19,0,0.018315331911086637,-0.10396580793182077,0.022223124288830207,0.18913021921079812,0.2049
1199,5.9949999999998944,2.7771222821382224e-12,-6.8228503901333892e-19,0,0.018315364958214949,-0.10396581773413684,0.022222963101360668,0.18913024688672611,0.2049
1200,5.9999999999998943,2.8369528948246625e-12,3.9895251815677546e-19,0,0.018315397819337449,-0.10396582748023916,0.022222802766102299,0.18913027440572588,0.2049
1201,6.0049999999998942,2.7171598304676081e-12,3.0577889395880242e-19,0,0.018315430495500815,-0.10396583717054342,0.022222643278819731,0.18913030176871445,0.2049
1202,6.0099999999998941,1.6612752840039491e-12,-1.5204241403214691e-19,0,0.018315462987745314,-0.10396584680572896,0.022222484635323662,0.18913032897657017,0.2049
1203,6.014999999999894,1.3843926005563389e-12,3.9387032047324966e-20,0,0.018315495297105529,-0.10396585638530349,0.022222326831400352,0.18913035603027964,0.2049
1204,6.0199999999998939,2.5492420674400051e-12,-4.0234064994579266e-19,0,0.018315527424609387,-0.10396586591060414,0.022222169862856727,0.18913038293061255,0.2049
1205,6.0249999999998938,3.6154863825021977e-12,1.6898307297723292e-19,0,0.018315559371279697,-0.10396587538085431,0.022222013725612402,0.18913040967854144,0.2049
1206,6.0299999999998937,2.1896789936803884e-12,-1.147729643529577e-19,0,0.018315591138133278,-0.10396588479757025,0.022221858415516153,0.18913043627486961,0.2049
1207,6.0349999999998936,2.0112800314109336e-12,-1.1943164556285635e-19,0,0.018315622726181324,-0.10396589416073207,0.022221703928438884,0.18913046272045236,0.2049
1208,6.0399999999998935,4.0739113471577326e-12,2.9730856448625942e-19,0,0.01831565413642957,-0.10396590347071913,0.022221550260242452,0.18913048901617255,0.2049
1209,6.0449999999998933,4.3710729480395116e-12,4.1546966062823432e-19,0,0.018315685369877807,-0.10396591272781658,0.022221397406941078,0.18913051516290572,0.2049
1210,6.0499999999998932,3.5476344084628408e-12,-3.1763735522036263e-20,0,0.018315716427520067,-0.10396592193288633,0.02222124536445258,0.18913054116142872,0.2049
1211,6.0549999999998931,3.4980907059889432e-12,-2.9392043269724222e-19,0,0.018315747310345531,-0.10396593108590717,0.022221094128695856,0.18913056701264763,0.2049
1212,6.059999999999893,2.671696197609208e-12,1.4145450219146816e-19,0,0.018315778019337241,-0.10396594018742647,0.022220943695679028,0.18913059271736421,0.2049
1213,6.0649999999998929,4.2384151743846132e-12,5.1584306487786891e-19,0,0.018315808555472907,-0.10396594923715108,0.022220794061334363,0.18913061827647937,0.2049
1214,6.0699999999998928,3.4313454855272596e-12,-4.5739779151732218e-20,0,0.018315838919724426,-0.10396595823623422,0.022220645221727696,0.1891306436907739,0.2049
1215,6.0749999999998927,3.1452757065508763e-12,3.8285889215894375e-19,0,0.018315869113058412,-0.10396596718478024,0.022220497172929402,0.18913066896107128,0.2049
1216,6.0799999999998926,2.7706240079972133e-12,8.1315162936412833e-20,0,0.01831589913643622,-0.10396597608321689,0.022220349910855954,0.18913069408819669,0.2049
1217,6.0849999999998925,1.9675858164980298e-12,1.8888834723770898e-19,0,0.018315928990813492,-0.10396598493192674,0.022220203431675419,0.1891307190729665,0.2049
1218,6.0899999999998924,2.6867744140623984e-12,1.257843926672636e-19,0,0.018315958677140684,-0.10396599373067333,0.022220057731396382,0.18913074391623769,0.2049
1219,6.0949999999998923,3.559368078054348e-12,-5.2516042729766621e-20,0,0.018315988196362765,-0.10396600248070627,0.022219912806187958,0.18913076861870751,0.2049
1220,6.0999999999998922,3.8446919259360612e-12,8.5126811199057184e-20,0,0.018316017549419909,-0.10396601118129264,0.022219768652082288,0.189130793181367,0.2049
1221,6.1049999999998921,2.7204141717085406e-12,4.4045713257223618e-20,0,0.01831604673724567,-0.10396601983397191,0.022219625265256185,0.18913081760480727,0.2049
1222,6.109999999999892,2.9870828033295993e-12,-3.4855405779514459e-19,0,0.018316075760770108,-0.10396602843857959,0.022219482641878695,0.1891308418898982,0.2049
1223,6.1149999999998919,2.7502444766014378e-12,4.4003361609860903e-19,0,0.018316104620917102,-0.10396603699500512,0.022219340778039193,0.18913086603746107,0.2049
1224,6.1199999999998917,2.1684737339100479e-12,-1.317136232980437e-19,0,0.018316133318605182,-0.10396604550398739,0.022219199669983619,0.18913089004827841,0.2049
1225,6.1249999999998916,3.3953256872720772e-12,-2.7655625727852906e-19,0,0.018316161854748093,-0.10396605396592357,0.022219059313857974,0.18913091392307524,0.2049
1226,6.1299999999998915,1.7849333122654798e-12,-1.4611318340136681e-19,0,0.018316190230254412,-0.10396606238140919,0.022218919705992615,0.18913093766261066,0.2049
1227,6.1349999999998914,1.6876638975205083e-12,-2.498747194400186e-19,0,0.018316218446028064,-0.10396607075046391,0.022218780842462274,0.18913096126771725,0.2049
1228,6.1399999999998913,3.7728709045836695e-12,8.0044613515531382e-20,0,0.018316246502967051,-0.10396607907334381,0.022218642719684396,0.18913098473911252,0.2049
1229,6.1449999999998912,1.3991377501021418e-12,-1.0842021724855044e-19,0,0.018316274401965069,-0.10396608734937524,0.022218505333634928,0.18913100807773375,0.2049
1230,6.1499999999998911,2.1920243398199091e-12,-2.6342724659608741e-19,0,0.018316302143908846,-0.10396609558058928,0.022218368680868093,0.18913103128410438,0.2049
1231,6.154999999999891,3.1051758386801964e-12,-2.0498197323554068e-19,0,0.018316329729682494,-0.10396610376594165,0.022218232757578706,0.18913105435910202,0.2049
1232,6.1599999999998909,2.4718352364949681e-12,-2.617331807015788e-19,0,0.018316357160164099,-0.10396611190684224,0.022218097560133182,0.18913107730343071,0.2049
1233,6.1649999999998908,3.356370736895542e-12,-3.5151867311053464e-19,0,0.018316384436227139,-0.10396612000302977,0.022217963084837214,0.18913110011778983,0.2049
1234,6.1699999999998907,1.5755174942455596e-12,-3.0154372922253092e-19,0,0.018316411558740336,-0.10396612805518463,0.022217829328022003,0.18913112280300493,0.2049
1235,6.1749999999998906,2.4509283491624956e-12,-4.8746746114484985e-19,0,0.018316438528567236,-0.10396613606295604,0.022217696286042185,0.18913114535974013,0.2049
1236,6.1799999999998905,1.6832785165732389e-12,-2.8079142201480056e-19,0,0.018316465346566699,-0.10396614402724383,0.022217563955299325,0.18913116778877603,0.2049
1237,6.1849999999998904,2.2606361227417437e-12,-1.7321823771350442e-19,0,0.018316492013592499,-0.10396615194786857,0.022217432332155774,0.1891311900908661,0.2049
1238,6.1899999999998903,3.9038980381711497e-12,1.8761779781682753e-19,0,0.018316518530493285,-0.1039661598252628,0.022217301413031625,0.18913121226667057,0.2049
1239,6.1949999999998902,2.2539747845939928e-12,3.2695471764015993e-19,0,0.018316544898113699,-0.10396616766018085,0.022217171194493079,0.18913123431687889,0.2049
1240,6.19999999999989,3.758993116775855e-12,1.1138483256394049e-19,0,0.018316571117293536,-0.10396617545178556,0.022217041672658561,0.18913125624239224,0.2049
1241,6.2049999999998899,2.3163276852145032e-12,2.9942614685439517e-19,0,0.018316597188866565,-0.10396618320212406,0.022216912844360663,0.18913127804362795,0.2049
1242,6.2099999999998898,2.7513130662626395e-12,7.2675426874418969e-19,0,0.018316623113664578,-0.10396619090971326,0.022216784705840431,0.1891312997215559,0.2049
1243,6.2149999999998897,3.5020111810446508e-12,1.2451384324638215e-19,0,0.018316648892511892,-0.10396619857585618,0.022216657253664458,0.18913132127671142,0.2049
1244,6.2199999999998896,1.2887468869848817e-12,-3.5575383784680614e-20,0,0.01831667452622994,-0.10396620620076455,0.022216530484406128,0.18913134270984455,0.2049
1245,6.2249999999998895,3.1254998589247407e-12,-1.0884373372217759e-19,0,0.018316700015635009,-0.1039662137839063,0.022216404394489075,0.18913136402170597,0.2049
1246,6.2299999999998894,2.7242097466739779e-12,1.32560656245298e-19,0,0.018316725361538562,-0.10396622132617171,0.022216278980381261,0.18913138521296607,0.2049
1247,6.2349999999998893,2.8963498266421084e-12,-1.2027867851011065e-19,0,0.018316750564747047,-0.10396622882791828,0.022216154238803389,0.18913140628425473,0.2049
1248,6.2399999999998892,3.5546843246692106e-12,1.7364175418713157e-19,0,0.018316775626063719,-0.1039662362890891,0.022216030166194084,0.1891314272362753,0.2049
1249,6.2449999999998891,3.5215719229597653e-12,-1.3213713977167085e-19,0,0.01831680054628616,-0.10396624371059346,0.022215906759265408,0.18913144806965754,0.2049
1250,6.249999999999889,9.57456336436735e-13,-1.4696021634862111e-19,0,0.018316825326208291,-0.10396625109211147,0.022215784014604528,0.18913146878519854,0.2049
1251,6.2549999999998889,1.4923340341255198e-12,1.0587911840678754e-20,0,0.018316849966619159,-0.10396625843389913,0.022215661928748201,0.18913148938347485,0.2049
1252,6.2599999999998888,3.1059599336913379e-12,-3.1975493758849838e-19,0,0.018316874468303507,-0.10396626573628126,0.022215540498327628,0.18913150986520375,0.2049
1253,6.2649999999998887,3.3337776983444201e-12,-1.4950131519038401e-19,0,0.018316898832041302,-0.10396627299951484,0.022215419720037585,0.18913153023103249,0.2049
1254,6.2699999999998886,3.4616545740995264e-12,1.5797164466292701e-19,0,0.018316923058608273,-0.10396628022373214,0.022215299590567346,0.18913155048158029,0.2049
1255,6.2749999999998884,3.3950064981524974e-12,3.1933142111487123e-19,0,0.018316947148776335,-0.10396628740925945,0.022215180106538605,0.18913157061760089,0.2049
1256,6.2799999999998883,4.4270802301848988e-12,-7.7503514673768481e-20,0,0.018316971103312006,-0.10396629455749037,0.022215061264714349,0.18913159063953092,0.2049
1257,6.2849999999998882,2.8096032445024122e-12,2.2446373102238959e-20,0,0.0183169949229792,-0.10396630166625664,0.022214943061772956,0.18913161054829863,0.2049
1258,6.2899999999998881,3.2850597242450874e-12,-2.8375603733019061e-19,0,0.018317018608535757,-0.10396630873774781,0.022214825494379108,0.18913163034436806,0.2049
1259,6.294999999999888,9.2867380452332782e-13,7.9197580568277082e-20,0,0.018317042160736142,-0.10396631577206777,0.022214708559423188,0.18913165002837162,0.2049
1260,6.2999999999998879,3.5751401838979291e-12,1.8041801776516597e-19,0,0.018317065580330843,-0.10396632276785547,0.022214592253429515,0.18913166960118544,0.2049
1261,6.3049999999998878,3.5723195235259908e-12,1.1943164556285635e-19,0,0.018317088868064178,-0.10396632972727574,0.022214476573354035,0.18913168906309277,0.2049
1262,6.3099999999998877,1.4064444053829561e-12,-4.7222086809427244e-19,0,0.0183171120246792,-0.10396633664999777,0.022214361515958223,0.18913170841486224,0.2049
1263,6.3149999999998876,4.4559494982721048e-13,1.0291450309139749e-19,0,0.018317135050913647,-0.10396634353588897,0.022214247078023504,0.1891317276571875,0.2049
1264,6.3199999999998875,3.2392595550323477e-12,2.2319318160150814e-19,0,0.018317157947500447,-0.10396635038471835,0.022214133256247076,0.18913174679071837,0.2049
1265,6.3249999999998874,2.8453628342361981e-12,4.955142741437657e-20,0,0.01831718071516818,-0.10396635719768518,0.022214020047665595,0.18913176581594632,0.2049
1266,6.3299999999998873,3.195409215006606e-12,-1.0164395367051604e-20,0,0.018317203354642601,-0.10396636397466671,0.022213907449006046,0.18913178473358164,0.2049
1267,6.3349999999998872,3.8875569430274481e-12,-1.6263032587282567e-19,0,0.018317225866644374,-0.10396637071549861,0.022213795457108658,0.18913180354419698,0.2049
1268,6.3399999999998871,4.0385889077398929e-12,-6.0308745844506184e-19,0,0.01831724825189,-0.10396637742144031,0.022213684068973408,0.18913182224833683,0.2049
1269,6.344999999999887,3.397282455352979e-12,-5.7428833823841563e-19,0,0.018317270511093848,-0.1039663840915402,0.022213573281294932,0.18913184084675103,0.2049
1270,6.3499999999998868,4.0513148391596587e-12,-7.411538288475128e-20,0,0.018317292644963661,-0.10396639072668769,0.022213463091109713,0.18913185933990073,0.2049
1271,6.3549999999998867,2.4162893907941907e-12,5.3236020734932776e-19,0,0.018317314654205087,-0.10396639732731186,0.022213353495453128,0.18913187772840628,0.2049
1272,6.3599999999998866,1.4577228313328305e-12,1.5119538108489261e-19,0,0.018317336539519478,-0.10396640389303724,0.022213244490940014,0.18913189601294797,0.2049
1273,6.3649999999998865,2.2627177909129159e-12,-2.388632911257127e-19,0,0.018317358301603089,-0.10396641042417021,0.022213136074716974,0.18913191419408637,0.2049
1274,6.3699999999998864,2.4868995751603507e-12,-3.4813054132151744e-19,0,0.018317379941149427,-0.10396641692119696,0.022213028243781463,0.18913193227235034,0.2049
1275,6.3749999999998863,4.0051850724864835e-12,4.5697427504369503e-19,0,0.01831740145884745,-0.10396642338346468,0.022212920994952604,0.18913195024843171,0.2049
1276,6.3799999999998862,4.546966969609656e-12,5.5311251455705812e-19,0,0.018317422855382355,-0.1039664298126029,0.022212814325379429,0.1891319681227509,0.2049
1277,6.3849999999998861,2.4701733714049823e-12,-1.9778219318387913e-19,0,0.018317444131436329,-0.10396643620832186,0.022212708232032575,0.18913198589598493,0.2049
1278,6.389999999999886,1.1343426198351381e-12,4.6417405509535659e-19,0,0.018317465287686834,-0.10396644257012885,0.022212602711892345,0.18913200356874132,0.2049
1279,6.3949999999998859,1.3656645259096933e-12,-1.5204241403214691e-19,0,0.018317486324807741,-0.10396644889883047,0.022212497761964843,0.18913202114152833,0.2049
1280,6.3999999999998858,3.3812952437983768e-12,1.7957098481791167e-19,0,0.018317507243469144,-0.10396645519423994,0.022212393379341749,0.1891320386149492,0.2049
1281,6.4049999999998857,4.1679992790477627e-12,-3.4728350837426314e-20,0,0.018317528044337516,-0.10396646145695608,0.022212289561034625,0.18913205598960234,0.2049
1282,6.4099999999998856,1.7270768148947013e-12,1.0672615135404184e-19,0,0.01831754872807452,-0.10396646768827859,0.022212186304261385,0.18913207326576945,0.2049
1283,6.4149999999998855,2.7314886463791765e-12,3.3584856358633008e-19,0,0.018317569295341295,-0.1039664738855538,0.022212083605874851,0.18913209044447493,0.2049
1284,6.4199999999998854,3.9087066916465574e-12,-1.5839516113655416e-19,0,0.018317589746790836,-0.10396648005106091,0.02221198146305628,0.18913210752599857,0.2049
1285,6.4249999999998852,4.0228376185780235e-12,7.3691866411124129e-20,0,0.018317610083074788,-0.10396648618410947,0.022211879873045317,0.18913212451093156,0.2049
1286,6.4299999999998851,2.3850157959692808e-12,4.1250504531284427e-19,0,0.018317630304841327,-0.10396649228597143,0.022211778832958724,0.18913214139976986,0.2049
1287,6.434999999999885,2.0508525433449165e-12,3.0366131159066667e-19,0,0.018317650412734792,-0.10396649835597639,0.022211678339782437,0.18913215819311519,0.2049
1288,6.4399999999998849,1.9067247780668595e-12,-1.2197274440461925e-19,0,0.01831767040739582,-0.10396650439454519,0.02221157839079296,0.18913217489150125,0.2049
1289,6.4449999999998848,9.5166062530349649e-13,1.8465318250143747e-19,0,0.018317690289461345,-0.10396651040196811,0.022211478983153635,0.18913219149546381,0.2049
1290,6.4499999999998847,3.1670083222579137e-12,-2.0964065444543933e-19,0,0.018317710059564809,-0.10396651637798936,0.02221138011396883,0.1891322080055792,0.2049
1291,6.4549999999998846,2.5740000408891461e-12,1.1019898643778447e-18,0,0.018317729718335594,-0.10396652232316032,0.022211281780530938,0.18913222442232513,0.2049
1292,6.4599999999998845,1.4542256288052613e-12,-2.2785186281140679e-19,0,0.018317749266400275,-0.10396652823761621,0.022211183980025889,0.1891322407462564,0.2049
1293,6.4649999999998844,3.4753658284536471e-12,-3.858235074743338e-19,0,0.018317768704381523,-0.10396653412142129,0.02221108670959434,0.18913225697789282,0.2049
1294,6.4699999999998843,3.1998154126355871e-12,-6.1833405149563925e-20,0,0.018317788032898602,-0.10396653997510145,0.022210989966655093,0.18913227311772984,0.2049
1295,6.4749999999998842,3.1488839313809081e-12,1.5839516113655416e-19,0,0.018317807252567649,-0.10396654579840015,0.022210893748219468,0.18913228916635869,0.2049
1296,6.4799999999998841,3.6954675430855843e-12,1.9481757786848908e-19,0,0.018317826364000356,-0.10396655159185361,0.022210798051735224,0.18913230512421916,0.2049
1297,6.484999999999884,3.3379514430276203e-12,5.7174723939665273e-20,0,0.018317845367806066,-0.10396655735543006,0.022210702874427633,0.1891323209918796,0.2049
1298,6.4899999999998839,3.2576094599612304e-12,2.6258021364883311e-20,0,0.018317864264589978,-0.10396656308924504,0.022210608213573943,0.18913233676983432,0.2049
1299,6.4949999999998838,2.9895808051350059e-12,-4.8280877993495119e-19,0,0.018317883054954295,-0.10396656879353218,0.022210514066499036,0.18913235245860766,0.2049
1300,6.4999999999998836,4.6186388047431137e-12,1.9481757786848908e-19,0,0.018317901739497357,-0.1039665744684343,0.022210420430477374,0.18913236805864339,0.2049
1301,6.5049999999998835,3.4496849821152864e-12,-5.5268899808343097e-19,0,0.018317920318815392,-0.1039665801143185,0.0222103273028538,0.18913238357056666,0.2049
1302,6.5099999999998834,1.0444978215673473e-12,1.3552527156068805e-20,0,0.018317938793498811,-0.10396658573176147,0.02221023468104932,0.18913239899469791,0.2049
1303,6.5149999999998833,2.7884014541790236e-12,-6.0562855728682474e-20,0,0.018317957164137814,-0.10396659131951536,0.022210142562248698,0.18913241433172318,0.2049
1304,6.5199999999998832,1.746398164970131e-12,2.3293406049493259e-19,0,0.018317975431316962,-0.10396659687936746,0.022210050943998857,0.18913242958198248,0.2049
1305,6.5249999999998831,1.9246826354901714e-12,-1.5627757876841841e-19,0,0.018317993595618628,-0.10396660241085441,0.022209959823615143,0.18913244474600777,0.2049
1306,6.529999999999883,3.743588772309181e-12,2.0964065444543933e-19,0,0.018318011657622018,-0.10396660791295712,0.022209869198327705,0.18913245982448026,0.2049
1307,6.5349999999998829,2.1147111839425747e-12,1.6178329292557136e-19,0,0.018318029617900852,-0.10396661338733282,0.022209779065775315,0.18913247481765416,0.2049
1308,6.5399999999998828,2.2325613580065351e-12,-9.7408788934244539e-20,0,0.018318047477028504,-0.10396661883402164,0.022209689423312789,0.18913248972605148,0.2049
1309,6.5449999999998827,3.7613939740666069e-12,5.4591273450539657e-19,0,0.018318065235574076,-0.10396662425232964,0.022209600268287871,0.18913250455021607,0.2049
1310,6.5499999999998826,3.8886012465599862e-12,-1.8592373192231892e-19,0,0.01831808289410311,-0.10396662964318625,0.022209511598219378,0.18913251929059821,0.2049
1311,6.5549999999998825,3.119192404366089e-12,1.5881867761018131e-19,0,0.018318100453178349,-0.10396663500701447,0.022209423410574414,0.18913253394759383,0.2049
1312,6.5599999999998824,3.2145119899240626e-12,2.9646153153900512e-20,0,0.018318117913359824,-0.10396664034295033,0.022209335702786579,0.18913254852180456,0.2049
1313,6.5649999999998823,2.1304347175288285e-12,-1.3891340334970526e-19,0,0.01831813527520364,-0.10396664565262745,0.02220924847245212,0.1891325630135271,0.2049
1314,6.5699999999998822,4.6853423918413739e-12,1.8634724839594607e-19,0,0.018318152539263676,-0.10396665093336926,0.022209161716692245,0.18913257742361309,0.2049
1315,6.574999999999882,3.3590213943668346e-12,-2.7359164196313901e-19,0,0.018318169706088187,-0.1039666561888343,0.022209075433485728,0.18913259175204172,0.2049
1316,6.5799999999998819,1.0844658504538529e-12,7.8350547621022781e-20,0,0.018318186776225893,-0.10396666141746524,0.022208989620098006,0.1891326059994945,0.2049
1317,6.5849999999998818,2.8386182293616002e-12,-3.4093076126985589e-19,0,0.018318203750220651,-0.10396666661879286,0.022208904274051658,0.18913262016653545,0.2049
1318,6.5899999999998817,1.0424751339943583e-12,2.0794658855093073e-19,0,0.018318220628612717,-0.10396667179406677,0.022208819392919122,0.18913263425344462,0.2049
1319,6.5949999999998816,3.2578523212478672e-12,-1.3976043629695956e-19,0,0.018318237411940157,-0.10396667694283819,0.022208734974305692,0.18913264826076026,0.2049
1320,6.5999999999998815,4.6362913508346537e-13,2.3166351107405114e-19,0,0.018318254100738011,-0.10396668206564474,0.022208651015718537,0.18913266218893127,0.2049
1321,6.6049999999998814,2.6813273823478312e-12,-2.2615779691689819e-19,0,0.018318270695537833,-0.10396668716209548,0.022208567514723224,0.18913267603839001,0.2049
1322,6.6099999999998813,2.8563748588616988e-12,-1.257843926672636e-19,0,0.018318287196868576,-0.10396669223277336,0.022208484468941352,0.18913268980961753,0.2049
1323,6.6149999999998812,1.7456799894510766e-12,3.8285889215894375e-19,0,0.01831830360525586,-0.10396669727817395,0.022208401876034213,0.18913270350295491,0.2049
1324,6.6199999999998811,1.7111902173017057e-12,-1.7152417181899582e-19,0,0.018318319921223247,-0.10396670229787497,0.022208319733515232,0.18913271711892826,0.2049
1325,6.624999999999881,3.7318759193993856e-12,4.7349141751515389e-19,0,0.018318336145290444,-0.10396670729222257,0.022208238039022006,0.18913273065797892,0.2049
1326,6.6299999999998809,3.2027644425447477e-12,-1.8211208365967457e-20,0,0.018318352277974521,-0.10396671226055353,0.022208156790247031,0.18913274412058037,0.2049
1327,6.6349999999998808,1.7677248553837899e-12,-2.9984966332802232e-19,0,0.018318368319789259,-0.10396671720445788,0.022208075984811695,0.18913275750701111,0.2049
1328,6.6399999999998807,2.7590707496472078e-12,4.4977449499203348e-19,0,0.018318384271246511,-0.10396672212328129,0.0222079956203232,0.18913277081783447,0.2049
1329,6.6449999999998806,4.3227643686805095e-12,5.039846036163087e-19,0,0.018318400132854528,-0.10396672701702724,0.022207915694526698,0.18913278405345815,0.2049
1330,6.6499999999998805,3.9068609458681181e-12,2.2954592870591539e-19,0,0.018318415905118443,-0.10396673188553771,0.022207836205019656,0.18913279721438722,0.2049
1331,6.6549999999998803,1.4435223849584844e-12,2.8248548790930916e-19,0,0.018318431588540865,-0.10396673673065557,0.022207757149676662,0.18913281030077211,0.2049
1332,6.6599999999998802,2.5600667419301004e-12,4.7645603283054394e-19,0,0.018318447183622855,-0.10396674155070935,0.022207678525982155,0.18913282331331027,0.2049
1333,6.6649999999998801,3.0047075938455237e-12,2.600391148070702e-19,0,0.018318462690860626,-0.10396674634644251,0.022207600331765699,0.18913283625232369,0.2049
1334,6.66999999999988,1.4367829842543145e-12,-4.0615229820843701e-19,0,0.018318478110748489,-0.10396675111792611,0.022207522564751433,0.18913284911824274,0.2049
1335,6.6749999999998799,4.2715553316696742e-12,-1.1434944787933055e-20,0,0.018318493443777797,-0.10396675586486015,0.022207445222588499,0.18913286191153603,0.2049
1336,6.6799999999998798,4.0883893492882351e-12,-2.7528570785764761e-20,0,0.018318508690436813,-0.10396676058878662,0.022207368303163957,0.18913287463241288,0.2049
1337,6.6849999999998797,1.4850343177386094e-12,1.215492279309921e-19,0,0.018318523851212624,-0.10396676528878943,0.02220729180424446,0.18913288728144617,0.2049
1338,6.6899999999998796,2.6627589022609754e-12,3.4685999190063599e-19,0,0.018318538926588371,-0.10396676996457738,0.022207215723488979,0.18913289985908568,0.2049
1339,6.6949999999998795,9.2364657588994703e-13,-3.1551977285222688e-19,0,0.018318553917044029,-0.10396677461720849,0.022207140058671974,0.18913291236563687,0.2049
1340,6.6999999999998794,7.8997919317203014e-13,3.0916702574781962e-19,0,0.018318568823057428,-0.10396677924641989,0.022207064807685022,0.18913292480152027,0.2049
1341,6.7049999999998793,1.4265099518295798e-12,2.0709955560367643e-19,0,0.018318583645103942,-0.10396678385208445,0.022206989968267331,0.1891329371671723,0.2049
1342,6.7099999999998792,2.1043167208745217e-12,2.6554482896422316e-19,0,0.018318598383655887,-0.10396678843471854,0.022206915538299159,0.18913294946296122,0.2049
1343,6.7149999999998791,1.5319828738924457e-12,-7.8350547621022781e-20,0,0.018318613039183061,-0.1039667929943169,0.022206841515538991,0.18913296168928329,0.2049
1344,6.719999999999879,3.9116244965331504e-12,-1.4399560103323106e-19,0,0.018318627612152853,-0.10396679753078453,0.022206767897808989,0.18913297384655939,0.2049
1345,6.7249999999998789,3.0145712315299278e-12,-4.4935097851840633e-19,0,0.018318642103029435,-0.10396680204498296,0.022206694683130357,0.18913298593512254,0.2049
1346,6.7299999999998787,4.5089869338266197e-12,3.3034284942917713e-20,0,0.018318656512275253,-0.10396680653540433,0.022206621869103202,0.18913299795551292,0.2049
1347,6.7349999999998786,4.3656189774310405e-12,4.2097537478538727e-19,0,0.018318670840348182,-0.10396681100458424,0.022206549453885109,0.18913300990783116,0.2049
1348,6.7399999999998785,3.9179215427509462e-12,-2.6850944427961321e-19,0,0.018318685087707058,-0.10396681545052219,0.022206477435051011,0.18913302179272937,0.2049
1349,6.7449999999998784,4.4853010194856324e-12,-4.5146856088654208e-19,0,0.018318699254805015,-0.10396681987494885,0.022206405810688799,0.18913303361040393,0.2049
1350,6.7499999999998783,1.1233652896791568e-12,-5.082197683525802e-20,0,0.018318713342094145,-0.10396682427695211,0.022206334578763552,0.18913304536133288,0.2049
1351,6.7549999999998782,2.9770283460628377e-12,3.2271955290388843e-19,0,0.018318727350023996,-0.1039668286563932,0.022206263736973014,0.18913305704597497,0.2049
1352,6.7599999999998781,2.8241020633146263e-12,-2.7994438906754626e-19,0,0.018318741279040134,-0.10396683301415399,0.022206193283407717,0.18913306866457388,0.2049
1353,6.764999999999878,4.0829839509370913e-12,2.7867383964666481e-19,0,0.018318755129587111,-0.10396683734978424,0.022206123215850478,0.18913308021760228,0.2049
1354,6.7699999999998779,2.7639522615086065e-12,-1.4018395277058671e-19,0,0.018318768902105702,-0.10396684166467406,0.022206053532447846,0.18913309170520845,0.2049
1355,6.7749999999998778,1.0640655023763657e-12,-1.7321823771350442e-19,0,0.018318782597036717,-0.1039668459572744,0.022205984231024753,0.18913310312805223,0.2049
1356,6.7799999999998777,3.0891122992926512e-12,-1.0587911840678754e-19,0,0.018318796214815462,-0.10396685022832819,0.022205915309508533,0.18913311448636744,0.2049
1357,6.7849999999998776,3.4172664697962318e-12,-6.8016745664520317e-19,0,0.018318809755876294,-0.10396685447776405,0.022205846765974105,0.18913312578055236,0.2049
1358,6.7899999999998775,2.1797563753978011e-12,1.0164395367051604e-19,0,0.018318823220650884,-0.10396685870643453,0.022205778598406098,0.1891331370109246,0.2049
1359,6.7949999999998774,2.3529789228149411e-12,-1.2536087619363645e-19,0,0.018318836609568522,-0.10396686291455853,0.022205710804779552,0.18913314817777246,0.2049
1360,6.7999999999998773,3.6127472541336303e-12,-1.1096131609031334e-19,0,0.018318849923057132,-0.10396686709998212,0.022205643382870722,0.18913315928173555,0.2049
1361,6.8049999999998771,2.1500579094890782e-12,-2.498747194400186e-19,0,0.018318863161539193,-0.10396687126552262,0.022205576331078183,0.18913317032286378,0.2049
1362,6.809999999999877,2.0863102911938824e-12,3.1424922343134543e-19,0,0.018318876325438171,-0.10396687541020588,0.022205509647209035,0.18913318130165907,0.2049
1363,6.8149999999998769,3.3444358393808216e-12,-6.0605207376045189e-19,0,0.01831888941517331,-0.10396687953426409,0.022205443329349553,0.18913319221843827,0.2049
1364,6.8199999999998768,2.7841409733220246e-12,4.5316262678105068e-20,0,0.018318902431162621,-0.10396688363735257,0.02220537737553413,0.18913320307356787,0.2049
1365,6.8249999999998767,3.3245628472400313e-12,-3.0831999280056532e-19,0,0.018318915373820563,-0.1039668877199332,0.022205311783820521,0.18913321386740686,0.2049
1366,6.8299999999998766,3.633565670568828e-12,-1.4103098571784101e-19,0,0.018318928243559903,-0.10396689178243018,0.022205246552315629,0.18913322460024029,0.2049
1367,6.8349999999998765,2.3590157605113404e-12,1.9481757786848908e-20,0,0.018318941040791379,-0.10396689582517193,0.022205181678984987,0.18913323527244857,0.2049
1368,6.8399999999998764,2.7622348852673895e-12,3.6761229910836635e-19,0,0.018318953765922807,-0.10396689984697036,0.022205117162002748,0.18913324588443656,0.2049
1369,6.8449999999998763,2.3306911955955911e-12,-1.8338263308055602e-19,0,0.018318966419359695,-0.1039669038485028,0.022205052999455861,0.18913325643654388,0.2049
1370,6.8499999999998762,7.5706108049189424e-13,1.24090326772755e-19,0,0.018318979001505392,-0.10396690783107466,0.022204989189459619,0.18913326692890606,0.2049
1371,6.8549999999998761,4.0114578325756156e-12,-2.2615779691689819e-19,0,0.018318991512762315,-0.10396691179243604,0.022204925729989972,0.1891332773621926,0.2049
1372,6.859999999999876,3.3359981443936704e-12,2.8883823501371642e-19,0,0.018319003953527653,-0.10396691573498179,0.022204862619440248,0.18913328773644528,0.2049
1373,6.8649999999998759,3.6463609909276329e-12,-9.8255821881498839e-20,0,0.018319016324199744,-0.10396691965767935,0.022204799855632493,0.18913329805214019,0.2049
1374,6.8699999999998758,2.8347185709876044e-12,1.0122043719688889e-19,0,0.018319028625172217,-0.10396692356091461,0.022204737436980475,0.18913330830957073,0.2049
1375,6.8749999999998757,1.922018100231071e-12,-3.714239473710107e-19,0,0.018319040856837564,-0.10396692744528141,0.022204675361488256,0.18913331850902126,0.2049
1376,6.8799999999998755,2.727637560262508e-12,7.3395404879585124e-19,0,0.018319053019586692,-0.10396693130927866,0.022204613627275632,0.18913332865099708,0.2049
1377,6.8849999999998754,3.8080372188886713e-12,-2.9137933385547932e-19,0,0.018319065113805797,-0.1039669351540321,0.022204552232626424,0.18913333873567503,0.2049
1378,6.8899999999998753,1.3733736370369343e-12,1.215492279309921e-19,0,0.018319077139881235,-0.10396693898035961,0.022204491175727346,0.18913334876332852,0.2049
1379,6.8949999999998752,3.5536851239470479e-12,6.0647559023407904e-19,0,0.018319089098197103,-0.10396694278661159,0.022204430454667148,0.18913335873450118,0.2049
1380,6.8999999999998751,2.9813096436015485e-12,-2.498747194400186e-20,0,0.018319100989133964,-0.10396694657512223,0.022204370067670585,0.18913336864918895,0.2049
1381,6.904999999999875,1.0108025527699738e-12,3.6422416731934915e-20,0,0.018319112813071865,-0.10396695034477735,0.022204310013074356,0.18913337850790773,0.2049
1382,6.9099999999998749,3.6799174818469282e-12,-5.3363075677020921e-20,0,0.018319124570388031,-0.10396695409440723,0.022204250288805984,0.1891333883111275,0.2049
1383,6.9149999999998748,2.8244073746463982e-12,2.1429933565533799e-19,0,0.018319136261455992,-0.10396695782631948,0.02220419089346648,0.18913339805886353,0.2049
1384,6.9199999999998747,3.0001556794445605e-12,-2.4606307117737425e-19,0,0.018319147886650039,-0.10396696154049515,0.02220413182506616,0.18913340775145018,0.2049
1385,6.9249999999998746,3.9368265591921414e-12,1.7406527066075872e-19,0,0.018319159446341344,-0.10396696523374344,0.022204073081704176,0.18913341738964115,0.2049
1386,6.9299999999998745,3.6272929104796958e-12,6.3950987517699676e-20,0,0.018319170940896093,-0.10396696891034854,0.022204014661924967,0.18913342697314436,0.2049
1387,6.9349999999998744,4.0909498011387768e-12,-3.5194218958416179e-19,0,0.018319182370682998,-0.10396697256865012,0.022203956563979749,0.18913343650256184,0.2049
1388,6.9399999999998743,3.2346417211392975e-12,-1.300195574035351e-19,0,0.018319193736066761,-0.1039669762089267,0.022203898785817792,0.18913344597820403,0.2049
1389,6.9449999999998742,3.4209787780348222e-12,-2.3759274170483125e-19,0,0.018319205037408793,-0.10396697983034817,0.022203841326070936,0.18913345540039034,0.2049
1390,6.9499999999998741,4.0182857041770603e-12,-1.2112571145736495e-19,0,0.018319216275069928,-0.103966983433843,0.022203784182847779,0.18913346476938217,0.2049
1391,6.9549999999998739,3.6654151935877621e-12,1.4187801866509531e-19,0,0.018319227449408334,-0.10396698701979576,0.022203727354482089,0.18913347408537728,0.2049
1392,6.9599999999998738,3.496609252140459e-12,-7.9197580568277082e-20,0,0.018319238560781173,-0.10396699058837378,0.022203670839372847,0.18913348334876062,0.2049
1393,6.9649999999998737,4.2899087060455088e-12,-9.4020657145227338e-20,0,0.01831924960954303,-0.10396699413882254,0.022203614635740863,0.1891334925599405,0.2049
1394,6.9699999999998736,1.7554846465372975e-12,-7.1997800516615529e-20,0,0.018319260596045335,-0.10396699767117938,0.022203558741820988,0.18913350171907167,0.2049
1395,6.9749999999998735,2.5335254727476553e-12,3.1933142111487123e-19,0,0.018319271520639387,-0.10396700118608425,0.022203503156010225,0.18913351082652743,0.2049
1396,6.9799999999998734,4.2480186035476208e-12,-6.7677932485618597e-19,0,0.01831928238367295,-0.10396700468352743,0.022203447876724704,0.18913351988255933,0.2049
1397,6.9849999999998733,4.5208281562736374e-12,1.7957098481791167e-19,0,0.018319293185492729,-0.10396700816377734,0.022203392902333995,0.18913352888747337,0.2049
1398,6.9899999999998732,1.6669443603234413e-12,-2.0328790734103208e-20,0,0.018319303926443247,-0.10396701162717582,0.02220333823106686,0.18913353784143611,0.2049
1399,6.9949999999998731,3.8695852078163284e-12,2.4818065354551e-19,0,0.018319314606867781,-0.10396701507268649,0.022203283861314097,0.18913354674493849,0.2049
1400,6.999999999999873,1.5476231407518526e-12,8.7667910040820085e-20,0,0.018319325227106404,-0.10396701850185508,0.022203229791592692,0.18913355559811759,0.2049
1401,7.0049999999998729,3.2464586574576515e-12,-2.3335757696855974e-19,0,0.018319335787498475,-0.10396702191326226,0.022203176020105519,0.1891335644013605,0.2049
1402,7.0099999999998728,3.4537095405795526e-12,-1.9693516023662483e-19,0,0.018319346288380445,-0.10396702530804644,0.022203122545317894,0.18913357315490478,0.2049
1403,7.0149999999998727,1.5165056710397806e-12,-1.6898307297723292e-19,0,0.018319356730087333,-0.10396702868624129,0.022203069365683281,0.18913358185898796,0.2049
1404,7.0199999999998726,3.5740924109184391e-12,1.5754812818929986e-19,0,0.018319367112952501,-0.10396703204715196,0.02220301647950406,0.18913359051399642,0.2049
1405,7.0249999999998725,3.8052339057514928e-12,-2.9900263038076802e-19,0,0.018319377437306876,-0.10396703539140682,0.02220296388522711,0.18913359912014888,0.2049
1406,7.0299999999998724,2.2647439479328568e-12,-2.9857911390714087e-19,0,0.01831938770347941,-0.10396703871972043,0.022202911581348968,0.18913360767759499,0.2049
1407,7.0349999999998722,2.9601460171946314e-12,-6.0139339255055324e-20,0,0.018319397911798846,-0.10396704203111587,0.022202859566220947,0.18913361618680852,0.2049
1408,7.0399999999998721,2.0273210193932911e-12,2.549569171235444e-19,0,0.018319408062590296,-0.10396704532597723,0.022202807838310683,0.18913362464800759,0.2049
1409,7.044999999999872,2.8740794466575181e-12,-2.0879362149818503e-19,0,0.018319418156177155,-0.10396704860474557,0.022202756396085845,0.18913363306141134,0.2049
1410,7.0499999999998719,3.3883867933681699e-12,-1.6559494118821572e-19,0,0.018319428192881841,-0.10396705186669639,0.022202705237904262,0.1891336414273378,0.2049
1411,7.0549999999998718,3.1977337444644149e-12,-5.9165251365712879e-19,0,0.01831943817302437,-0.10396705511296747,0.022202654362370386,0.18913364974600583,0.2049
1412,7.0599999999998717,3.4813818494683346e-12,2.7105054312137611e-20,0,0.018319448096923485,-0.10396705834303482,0.022202603767896539,0.18913365801775575,0.2049
1413,7.0649999999998716,3.6397898584006327e-12,-7.1997800516615529e-20,0,0.018319457964895588,-0.10396706155683313,0.022202553452936473,0.18913366624278105,0.2049
1414,7.0699999999998715,9.7999386383662568e-13,6.2256921623191075e-20,0,0.018319467777255412,-0.10396706475529274,0.022202503416063158,0.18913367442134471,0.2049
1415,7.0749999999998714,2.0072415951588596e-12,2.7443867491039331e-19,0,0.018319477534316449,-0.10396706793755395,0.022202453655703384,0.18913368255375099,0.2049
1416,7.0799999999998713,4.9366413734652781e-13,-1.223962608782464e-19,0,0.018319487236390115,-0.10396707110409402,0.022202404170296813,0.18913369064026442,0.2049
1417,7.0849999999998712,3.4748731669864696e-12,-2.507217523872729e-19,0,0.018319496883785546,-0.10396707425418653,0.022202354958393015,0.18913369868122434,0.2049
1418,7.0899999999998711,3.0642155479654321e-12,-1.1519648082658485e-19,0,0.01831950647680981,-0.10396707738980134,0.022202306018676728,0.18913370667663532,0.2049
1419,7.094999999999871,4.0735470552277775e-12,-1.334076891925523e-19,0,0.018319516015770712,-0.10396708050886155,0.022202257349401983,0.18913371462702602,0.2049
1420,7.0999999999998709,2.8738400548178333e-12,2.7952087259391911e-20,0,0.018319525500971184,-0.10396708361316462,0.022202208949355193,0.18913372253246935,0.2049
1421,7.1049999999998708,2.9672826695748e-12,-9.910285482875314e-20,0,0.018319534932714741,-0.10396708670166957,0.022202160816915478,0.18913373039331441,0.2049
1422,7.1099999999998706,4.1611297740828945e-12,4.2521053952165877e-19,0,0.018319544311302106,-0.10396708977500058,0.022202112950672395,0.18913373820978963,0.2049
1423,7.1149999999998705,1.5555456228666387e-12,-8.3856261778175734e-20,0,0.018319553637032408,-0.10396709283340508,0.022202065349262855,0.18913374598210614,0.2049
1424,7.1199999999998704,3.2067126731760709e-12,-3.7523559563365505e-19,0,0.018319562910203539,-0.10396709587593488,0.022202018011121837,0.18913375371064686,0.2049
1425,7.1249999999998703,3.1184915760817944e-12,3.5744790374131474e-19,0,0.018319572131110601,-0.10396709890500029,0.02220197093499927,0.1891337613953134,0.2049
1426,7.1299999999998702,2.5819346660682641e-12,7.3268349937496979e-20,0,0.018319581300050094,-0.1039671019170072,0.022201924119163944,0.18913376903690593,0.2049
1427,7.1349999999998701,2.3065993559612252e-12,-2.6554482896422316e-19,0,0.018319590417311835,-0.10396710491512234,0.022201877562526711,0.18913377663521214,0.2049
1428,7.13999999999987,4.0920981880798735e-12,-1.9185296255309903e-19,0,0.018319599483188155,-0.10396710789792116,0.022201831263448327,0.18913378419068311,0.2049
1429,7.1449999999998699,2.8633415083412217e-12,3.5194218958416179e-19,0,0.018319608497967821,-0.10396711086606057,0.022201785220734072,0.1891337917034917,0.2049
1430,7.1499999999998698,2.800787379797498e-12,2.8079142201480056e-19,0,0.018319617461938741,-0.10396711382022764,0.022201739432978845,0.18913379917377537,0.2049
1431,7.1549999999998697,2.4070606619019941e-12,1.5415999640028266e-19,0,0.018319626375387865,-0.10396711675852814,0.022201693898490367,0.1891338066020895,0.2049
1432,7.1599999999998696,2.1651569426239803e-12,3.0747295985331102e-19,0,0.018319635238598104,-0.10396711968301192,0.022201648616249826,0.18913381398838131,0.2049
1433,7.1649999999998695,1.9756002389570426e-12,-1.9439406139486193e-19,0,0.01831964405185325,-0.10396712259273143,0.022201603584748264,0.18913382133299247,0.2049
1434,7.1699999999998694,9.7610808325043763e-13,2.7697977375215621e-19,0,0.01831965281543424,-0.10396712548843007,0.022201558802627544,0.18913382863608602,0.2049
1435,7.1749999999998693,1.0901279878794412e-12,-5.1711361429875036e-19,0,0.018319661529621292,-0.10396712836933794,0.022201514268512516,0.1891338358980289,0.2049
1436,7.1799999999998692,3.2839841956899818e-12,2.405573570202213e-19,0,0.01831967019469196,-0.10396713123544091,0.022201469981068922,0.18913384311901787,0.2049
1437,7.184999999999869,2.8221973369380038e-12,-1.4441911750685821e-19,0,0.018319678810922769,-0.10396713408806707,0.022201425938962918,0.18913385029919877,0.2049
1438,7.1899999999998689,1.7102430582838224e-12,-1.5373647992665551e-19,0,0.018319687378588783,-0.10396713692657376,0.022201382140914567,0.18913385743883868,0.2049
1439,7.1949999999998688,3.5917935292673064e-12,-3.5405977195229754e-19,0,0.018319695897963777,-0.10396713975067236,0.022201338585468154,0.18913386453819259,0.2049
1440,7.1999999999998687,2.7677582448148996e-12,-1.266314256145179e-19,0,0.018319704369319425,-0.10396714256099078,0.022201295271433392,0.18913387159746556,0.2049
1441,7.2049999999998686,2.2416513090206536e-12,-2.6300373012246026e-19,0,0.018319712792926247,-0.103967145357465,0.022201252197467016,0.1891338786168863,0.2049
1442,7.2099999999998685,3.4434677331773855e-12,-3.6676526616111205e-19,0,0.018319721169053147,-0.10396714813963721,0.022201209362247541,0.18913388559674613,0.2049
1443,7.2149999999998684,2.3365545609443927e-12,-1.367958209815695e-19,0,0.018319729497967296,-0.10396715090840208,0.02220116676443637,0.189133892537137,0.2049
1444,7.2199999999998683,3.4957696459780863e-12,8.0891646462785682e-20,0,0.018319737779934724,-0.10396715366283968,0.022201124402662531,0.18913389943845157,0.2049
1445,7.2249999999998682,5.4939386373575871e-13,3.8116482626443515e-20,0,0.018319746015218956,-0.1039671564045139,0.022201082275918077,0.18913390630069768,0.2049
1446,7.2299999999998681,3.973057993711393e-12,-6.3527471044072525e-20,0,0.018319754204084073,-0.10396715913148015,0.022201040382617856,0.18913391312435246,0.2049
1447,7.234999999999868,3.0852889687515983e-12,-1.0206747014414319e-19,0,0.018319762346790187,-0.10396716184580768,0.022200998721719142,0.18913391990936501,0.2049
1448,7.2399999999998679,2.4749889637742939e-12,2.2615779691689819e-19,0,0.018319770443598445,-0.1039671645463979,0.022200957291876919,0.18913392665614956,0.2049
1449,7.2449999999998678,2.8282341746344031e-12,-3.832824086325709e-19,0,0.018319778494766688,-0.10396716723389593,0.022200916091811136,0.18913393336479153,0.2049
1450,7.2499999999998677,2.5522813029699165e-12,-4.3452790194145607e-19,0,0.018319786500552351,-0.10396716990749455,0.022200875120249347,0.18913394003561737,0.2049
1451,7.2549999999998676,2.1394726268386677e-12,-4.4045713257223618e-20,0,0.018319794461210626,-0.10396717256817997,0.022200834376006916,0.18913394666877217,0.2049
1452,7.2599999999998674,3.6010361359473109e-12,2.6258021364883311e-19,0,0.018319802376995847,-0.10396717521614057,0.022200793857897964,0.18913395326442733,0.2049
1453,7.2649999999998673,1.5250162244129228e-12,-1.7787691892340307e-20,0,0.018319810248161299,-0.10396717784985937,0.022200753564432615,0.18913395982302045,0.2049
1454,7.2699999999998672,2.2301049895645519e-12,-4.1123449589196281e-19,0,0.018319818074956636,-0.10396718047080276,0.022200713494652004,0.18913396634452112,0.2049
1455,7.2749999999998671,3.2643852898583958e-12,-9.1903074777091587e-20,0,0.018319825857632643,-0.10396718307898256,0.022200673647214383,0.18913397282921104,0.2049
1456,7.279999999999867,4.248601470635549e-12,1.6686549060909717e-19,0,0.018319833596437678,-0.10396718567363278,0.022200634020899036,0.18913397927737433,0.2049
1457,7.2849999999998669,2.0088097851811426e-12,2.2531076396964389e-19,0,0.018319841291618049,-0.10396718825635548,0.022200594614650605,0.18913398568901554,0.2049
1458,7.2899999999998668,4.1373432457803005e-12,-1.4907779871675686e-19,0,0.018319848943420758,-0.1039671908262747,0.022200555427215798,0.18913399206446785,0.2049
1459,7.2949999999998667,1.177280495312516e-12,-1.7067713887174152e-19,0,0.018319856552090317,-0.10396719338278437,0.022200516457132485,0.18913399840402376,0.2049
1460,7.2999999999998666,3.0169269860103043e-12,-7.8774064094649932e-20,0,0.018319864117868383,-0.10396719592646728,0.022200477703458371,0.18913400470780889,0.2049
1461,7.3049999999998665,3.7661367080499275e-12,2.6342724659608741e-19,0,0.018319871640996646,-0.10396719845795825,0.022200439165008599,0.18913401097599197,0.2049
1462,7.3099999999998664,2.4115986985151494e-12,3.9090570515785961e-19,0,0.01831987912171542,-0.10396720097658885,0.022200400840604435,0.18913401720878043,0.2049
1463,7.3149999999998663,3.18987544711824e-12,3.2441361879839703e-19,0,0.018319886560263881,-0.103967203482698,0.022200362729026868,0.18913402340643079,0.2049
1464,7.3199999999998662,1.9629853298397393e-12,2.2192263218062669e-19,0,0.018319893956879194,-0.10396720597724643,0.022200324829221928,0.18913402956899703,0.2049
1465,7.3249999999998661,1.8381858535310158e-12,1.0545560193316039e-19,0,0.018319901311798368,-0.10396720845815716,0.022200287139797242,0.18913403569691256,0.2049
1466,7.329999999999866,1.9828166886171061e-12,4.7560899988328964e-19,0,0.018319908625255087,-0.10396721092691993,0.022200249659809837,0.18913404179024348,0.2049
1467,7.3349999999998658,2.8057348111509839e-12,-1.0587911840678754e-19,0,0.018319915897482875,-0.10396721338384476,0.022200212388026157,0.18913404784911811,0.2049
1468,7.3399999999998657,2.8954616482224083e-12,2.9434394917086937e-19,0,0.018319923128714583,-0.1039672158287283,0.022200175323377796,0.18913405387380006,0.2049
1469,7.3449999999998656,2.7693403126249905e-12,-3.3669559653358438e-19,0,0.018319930319180833,-0.10396721826058143,0.022200138464721762,0.18913405986458215,0.2049
1470,7.3499999999998655,1.6570772531920852e-12,-5.7809998650105998e-19,0,0.018319937469110991,-0.10396722068136452,0.022200101810813614,0.18913406582141315,0.2049
1471,7.3549999999998654,4.2121861554278439e-12,5.6835910760763553e-19,0,0.018319944578733881,-0.10396722308895864,0.022200065360609478,0.18913407174477323,0.2049
1472,7.3599999999998653,4.6378352547282731e-12,1.2705494208814505e-21,0,0.01831995164827558,-0.10396722548565474,0.022200029113089076,0.18913407763457846,0.2049
1473,7.3649999999998652,1.8638389442937608e-12,5.3701888855922641e-19,0,0.018319958677963027,-0.10396722787019455,0.022199993067039243,0.18913408349116362,0.2049
1474,7.3699999999998651,8.6747276029086606e-13,-5.9800526076153604e-19,0,0.018319965668020213,-0.10396723024278082,0.022199957221383237,0.18913408931471878,0.2049
1475,7.374999999999865,3.1002422851145184e-12,-1.5670109524204556e-19,0,0.018319972618670327,-0.10396723260334048,0.022199921574948531,0.18913409510542301,0.2049
1476,7.3799999999998649,2.9821145552944017e-12,-1.9354702844760763e-19,0,0.018319979530135009,-0.10396723495234808,0.022199886126814415,0.18913410086344529,0.2049
1477,7.3849999999998648,3.3047314884626644e-12,-3.4728350837426314e-20,0,0.018319986402635251,-0.10396723728971677,0.022199850875710678,0.1891341065889712,0.2049
1478,7.3899999999998647,2.693310852119879e-12,9.1903074777091587e-20,0,0.018319993236390338,-0.10396723961508514,0.022199815820693979,0.18913411228221733,0.2049
1479,7.3949999999998646,3.9630521087019588e-12,-3.3881317890172014e-21,0,0.01832000003161835,-0.10396724192933668,0.022199780960730595,0.18913411794325957,0.2049
1480,7.3999999999998645,3.5923798658021866e-12,1.1350241493207625e-19,0,0.018320006788537218,-0.10396724423219297,0.022199746294472557,0.18913412357240045,0.2049
1481,7.4049999999998644,2.9208094276533814e-12,-3.0493186101154812e-20,0,0.018320013507361683,-0.1039672465228641,0.022199711821117459,0.18913412916979933,0.2049
1482,7.4099999999998643,4.2282496948153891e-12,5.5777119576695677e-19,0,0.018320020188306353,-0.10396724880212804,0.022199677539506003,0.18913413473563931,0.2049
1483,7.4149999999998641,3.3103519925248293e-12,-3.4304834363799164e-19,0,0.018320026831584454,-0.10396725107031227,0.022199643448734492,0.18913414027001552,0.2049
1484,7.419999999999864,3.7717329259834287e-12,-2.3928680759933985e-19,0,0.018320033437408598,-0.1039672533274985,0.022199609547551742,0.18913414577317839,0.2049
1485,7.4249999999998639,3.921449970301083e-12,-4.9254965882837565e-19,0,0.018320040005989611,-0.10396725557307609,0.022199575835000061,0.18913415124526017,0.2049
1486,7.4299999999998638,3.4656409686473211e-12,-9.0632525356210136e-20,0,0.018320046537537403,-0.10396725780776159,0.02219954231009294,0.18913415668645278,0.2049
1487,7.4349999999998637,2.8950730701637895e-12,1.8168856718604742e-19,0,0.018320053032260624,-0.10396726003117884,0.022199508971768776,0.18913416209694509,0.2049
1488,7.4399999999998636,3.423233918553592e-12,1.8761779781682753e-19,0,0.018320059490366625,-0.10396726224316918,0.022199475819002557,0.18913416747697875,0.2049
1489,7.4449999999998635,2.5961455207834661e-12,1.4653669987499396e-19,0,0.018320065912061308,-0.10396726444488189,0.022199442850763182,0.18913417282654452,0.2049
1490,7.4499999999998634,2.0182189253148408e-12,-7.1997800516615529e-21,0,0.018320072297550175,-0.10396726663543562,0.022199410066042459,0.1891341781459496,0.2049
1491,7.4549999999998633,1.9097709524906747e-12,3.0831999280056532e-19,0,0.01832007864703734,-0.10396726881528962,0.022199377463883837,0.18913418343528982,0.2049
1492,7.4599999999998632,3.5679237342378656e-12,-9.4444173618854488e-20,0,0.01832008496072576,-0.10396727098302853,0.022199345043117054,0.18913418869495166,0.2049
1493,7.4649999999998631,2.1573680342168444e-12,1.7448878713438587e-19,0,0.018320091238815794,-0.10396727314102447,0.022199312802977947,0.18913419392478881,0.2049
1494,7.469999999999863,2.9436453274911401e-12,-2.583450489125616e-20,0,0.018320097481509191,-0.10396727528781717,0.022199280742298301,0.18913419912520163,0.2049
1495,7.4749999999998629,3.0260308148122306e-12,-1.334076891925523e-19,0,0.018320103689004445,-0.10396727742453787,0.022199248860212108,0.18913420429616157,0.2049
1496,7.4799999999998628,2.2729318427394674e-12,3.1636680579948118e-19,0,0.018320109861500723,-0.1039672795499909,0.022199217155684382,0.18913420943800863,0.2049
1497,7.4849999999998627,2.6654442542017875e-12,-3.3838966242809299e-19,0,0.018320115999194798,-0.10396728166467022,0.022199185627733264,0.18913421455086527,0.2049
1498,7.4899999999998625,7.778049038176249e-13,2.3208702754767829e-19,0,0.018320122102282465,-0.10396728376960412,0.022199154275438691,0.18913421963478866,0.2049
1499,7.4949999999998624,1.7366594273759972e-12,3.7692966152816365e-20,0,0.018320128170959248,-0.10396728586316187,0.022199123097697317,0.1891342246901192,0.2049
1500,7.4999999999998623,1.9176327192838016e-13,-5.2897207556031056e-19,0,0.018320134205418146,-0.10396728794683283,0.022199092093738389,0.18913422971685634,0.2049
1501,7.5049999999998622,1.4850343177386094e-12,6.2595734802092795e-19,0,0.01832014020585258,-0.1039672900198296,0.022199061262462155,0.18913423471526652,0.2049
1502,7.5099999999998621,2.5620165711170984e-12,-6.4205097401875966e-19,0,0.018320146172453741,-0.10396729208208159,0.022199030602946042,0.18913423968551124,0.2049
1503,7.514999999999862,3.2118856185814337e-12,-2.9815559743351372e-19,0,0.018320152105411956,-0.10396729413455237,0.022199000114337362,0.1891342446276599,0.2049
1504,7.5199999999998619,4.0642732235252055e-12,-3.9005867221060531e-19,0,0.018320158004917576,-0.10396729617654479,0.022198969795553414,0.18913424954190389,0.2049
1505,7.5249999999998618,2.7438953886793627e-12,4.7815009872505254e-19,0,0.018320163871158476,-0.10396729820861744,0.022198939645861518,0.18913425442840293,0.2049
1506,7.5299999999998617,3.2303604236005867e-12,-7.411538288475128e-20,0,0.018320169704322698,-0.10396730023011547,0.022198909664116862,0.18913425928740232,0.2049
1507,7.5349999999998616,1.3962164757685969e-12,7.0303734622106928e-20,0,0.01832017550459563,-0.1039673022421511,0.022198879849567199,0.18913426411888681,0.2049
1508,7.5399999999998615,4.0740189000132432e-12,1.1858461261560205e-19,0,0.01832018127216346,-0.10396730424326817,0.022198850201119481,0.18913426892321039,0.2049
1509,7.5449999999998614,3.1657385046734987e-12,4.7433845046240819e-19,0,0.018320187007209672,-0.10396730623494436,0.022198820718016599,0.18913427370035527,0.2049
1510,7.5499999999998613,3.8011260805603797e-12,-1.0460856898590609e-19,0,0.01832019270991804,-0.10396730821780288,0.022198791399403957,0.18913427845039166,0.2049
1511,7.5549999999998612,2.1365825775276903e-12,-2.6258021364883311e-19,0,0.018320198380472021,-0.10396731018842555,0.022198762244047446,0.18913428317393416,0.2049
1512,7.5599999999998611,3.9703379473010614e-12,5.9165251365712879e-19,0,0.018320204019049824,-0.10396731215022519,0.022198733251326413,0.18913428787068487,0.2049
1513,7.5649999999998609,2.249995328940102e-12,4.2351647362715017e-20,0,0.018320209625833007,-0.10396731410240327,0.022198704420293917,0.1891342925409269,0.2049
1514,7.5699999999998608,2.8260865869711438e-12,3.0831999280056532e-19,0,0.018320215201000783,-0.10396731604444714,0.022198675750029401,0.18913429718486149,0.2049
1515,7.5749999999998607,2.9654403932433127e-12,4.5104504441291493e-19,0,0.018320220744731195,-0.10396731797675188,0.022198647239694384,0.18913430180255891,0.2049
1516,7.5799999999998606,3.687935373752893e-12,8.5126811199057184e-20,0,0.018320226257201009,-0.10396731989974592,0.0221986188883663,0.18913430639415257,0.2049
1517,7.5849999999998605,2.5575097595265106e-12,-7.8774064094649932e-20,0,0.018320231738587107,-0.10396732181360649,0.022198590695262373,0.18913431095980443,0.2049
1518,7.5899999999998604,3.1682156897971936e-12,-4.0022306757765691e-19,0,0.018320237189064767,-0.10396732371642639,0.022198562659280805,0.18913431549985446,0.2049
1519,7.5949999999998603,1.5424155008769702e-12,3.6676526616111205e-19,0,0.0183202426088067,-0.10396732561086619,0.022198534779815635,0.18913432001416075,0.2049
1520,7.5999999999998602,2.7464558405299044e-12,2.541098841762901e-21,0,0.018320247997987257,-0.10396732749526581,0.022198507055826266,0.18913432450306816,0.2049
1521,7.6049999999998601,3.5705743917091581e-12,-3.1890790464124408e-19,0,0.018320253356777855,-0.10396732937076392,0.022198479486613833,0.18913432896654631,0.2049
1522,7.60999999999986,3.838124262856013e-12,5.3786592150648072e-20,0,0.018320258685350727,-0.10396733123607346,0.022198452071104369,0.18913433340495775,0.2049
1523,7.6149999999998599,2.6889601656421291e-12,-3.3796614595446584e-19,0,0.018320263983875061,-0.10396733309281944,0.022198424808693183,0.18913433781821992,0.2049
1524,7.6199999999998598,4.148154042482588e-12,3.5956548610945049e-19,0,0.018320269252520831,-0.10396733493935591,0.022198397698339128,0.18913434220669617,0.2049
1525,7.6249999999998597,3.6218354704242728e-12,-3.5363625547867039e-19,0,0.018320274491455599,-0.10396733677741418,0.022198370739346232,0.18913434657032141,0.2049
1526,7.6299999999998596,2.9987123895125478e-12,7.1997800516615529e-20,0,0.018320279700847625,-0.10396733860650717,0.022198343930858871,0.18913435090925523,0.2049
1527,7.6349999999998595,3.5634828421393649e-12,4.7857361519867969e-20,0,0.01832028488086342,-0.10396734042549211,0.022198317271964987,0.18913435522384492,0.2049
1528,7.6399999999998593,2.7776114741584479e-12,-1.2366681029912785e-19,0,0.01832029003166807,-0.10396734223552395,0.022198290761835472,0.18913435951413171,0.2049
1529,7.6449999999998592,4.1252001814484629e-12,2.447925217564928e-19,0,0.018320295153425242,-0.10396734403670951,0.022198264399782664,0.18913436378007373,0.2049
1530,7.6499999999998591,2.5932589409194406e-12,4.2055185831176012e-19,0,0.018320300246299596,-0.10396734582973621,0.022198238184957642,0.18913436802191125,0.2049
1531,7.654999999999859,3.4081210076308821e-12,-2.9984966332802232e-19,0,0.018320305310454615,-0.10396734761191966,0.022198212116313266,0.18913437223998991,0.2049
1532,7.6599999999998589,2.0298415726038854e-12,6.3950987517699676e-20,0,0.018320310346050608,-0.10396734938660579,0.022198186193368614,0.18913437643410497,0.2049
1533,7.6649999999998588,7.6159911710504957e-13,-6.4798020464953976e-20,0,0.018320315353249766,-0.10396735115211957,0.022198160415152848,0.18913438060459981,0.2049
1534,7.6699999999998587,1.9344525981068728e-12,1.7702988597614877e-19,0,0.018320320332211603,-0.10396735290852371,0.022198134780863993,0.18913438475159774,0.2049
1535,7.6749999999998586,3.8586911443871941e-12,4.4680987967664343e-19,0,0.018320325283094865,-0.10396735465601102,0.022198109289768723,0.18913438887517448,0.2049
1536,7.6799999999998585,8.9091234389826468e-13,1.9566461081574338e-19,0,0.018320330206058114,-0.10396735639507063,0.022198083941035451,0.18913439297546958,0.2049
1537,7.6849999999998584,3.2326537280358281e-12,-1.308665903507894e-19,0,0.018320335101258692,-0.10396735812452858,0.02219805873380894,0.18913439705271629,0.2049
1538,7.6899999999998583,3.019716421359675e-12,-5.1245493308885171e-20,0,0.018320339968852257,-0.1039673598457562,0.022198033667469967,0.18913440110691843,0.2049
1539,7.6949999999998582,2.7784684275555804e-12,5.5099493218892237e-19,0,0.018320344808994728,-0.10396736155867933,0.022198008741120111,0.1891344051381719,0.2049
1540,7.6999999999998581,2.0406384915183651e-12,-1.3806637040245096e-19,0,0.018320349621841411,-0.10396736326301204,0.022197983954058552,0.18913440914669039,0.2049
1541,7.704999999999858,3.6252736923536588e-12,8.2585712357294283e-20,0,0.018320354407545997,-0.10396736495812571,0.02219795930542072,0.18913441313267626,0.2049
1542,7.7099999999998579,2.3731468179466475e-12,3.832824086325709e-19,0,0.018320359166260718,-0.10396736664547798,0.022197934794554931,0.18913441709608952,0.2049
1543,7.7149999999998577,3.7639891203866682e-12,3.7354152973914645e-19,0,0.018320363898138188,-0.10396736832348066,0.022197910420602006,0.18913442103721431,0.2049
1544,7.7199999999998576,1.6734391650174985e-12,1.8634724839594607e-20,0,0.018320368603329241,-0.10396736999418402,0.022197886182940475,0.18913442495596144,0.2049
1545,7.7249999999998575,4.1035230768926567e-12,-5.0101998830091865e-19,0,0.018320373281985242,-0.10396737165528609,0.022197862080693569,0.18913442885273576,0.2049
1546,7.7299999999998574,2.2148116674003404e-12,3.8539999100070665e-19,0,0.018320377934254915,-0.10396737330882419,0.02219783811306731,0.1891344327274507,0.2049
1547,7.7349999999998573,2.6730562208143738e-12,-1.0249098661777034e-19,0,0.018320382560287125,-0.10396737495354949,0.022197814279434805,0.18913443658037904,0.2049
1548,7.7399999999998572,3.842013512889153e-12,1.2451384324638215e-19,0,0.018320387160229157,-0.103967376590275,0.022197790578981483,0.18913444041149308,0.2049
1549,7.7449999999998571,2.252392716783902e-12,1.3213713977167085e-19,0,0.018320391734228652,-0.10396737821885227,0.02219776701106705,0.18913444422099993,0.2049
1550,7.749999999999857,2.5200397324454116e-12,-5.8995844776262019e-19,0,0.018320396282431671,-0.10396737983920792,0.022197743574898066,0.18913444800902202,0.2049
1551,7.7549999999998569,2.8429550380515423e-12,-4.6332702214810229e-19,0,0.018320400804983809,-0.10396738145094112,0.022197720269666814,0.18913445177567767,0.2049
1552,7.7599999999998568,2.6165319910731455e-12,9.7239382344793679e-19,0,0.018320405302029077,-0.10396738305504109,0.022197697094791271,0.18913445552106864,0.2049
1553,7.7649999999998567,1.9865220579617926e-12,3.0662592690605672e-19,0,0.018320409773711552,-0.10396738465059828,0.022197674049464065,0.1891344592453692,0.2049
1554,7.7699999999998566,2.5506471934555464e-12,-1.3552527156068805e-20,0,0.018320414220173838,-0.10396738623861446,0.022197651132987294,0.18913446294858541,0.2049
1555,7.7749999999998565,3.7386456777643851e-12,5.5311251455705812e-19,0,0.018320418641558551,-0.1039673878178724,0.022197628344619923,0.18913446663099218,0.2049
1556,7.7799999999998564,5.7767332584113262e-13,-1.4907779871675686e-19,0,0.018320423038006347,-0.10396738939031681,0.022197605683809504,0.18913447029249597,0.2049
1557,7.7849999999998563,1.7231945037554652e-12,-1.0122043719688889e-19,0,0.018320427409658748,-0.10396739095387897,0.022197583149584948,0.1891344739334487,0.2049
1558,7.7899999999998562,2.8116953210144402e-12,2.9053230090822502e-19,0,0.018320431756654598,-0.10396739250959869,0.022197560741411691,0.18913447755384924,0.2049
1559,7.794999999999856,3.7140013287029205e-12,6.4501558933414971e-19,0,0.018320436079132894,-0.10396739405735128,0.022197538458631622,0.18913448115382889,0.2049
1560,7.7999999999998559,1.9211299218113709e-12,3.8370592510619805e-19,0,0.018320440377231972,-0.10396739559828171,0.022197516300429033,0.1891344847334078,0.2049
1561,7.8049999999998558,2.7099433808075446e-12,1.4738373282224826e-19,0,0.018320444651089524,-0.1039673971305658,0.022197494266218611,0.18913448829284293,0.2049
1562,7.8099999999998557,3.3439917501709715e-12,8.8938459461701536e-21,0,0.018320448900842168,-0.10396739865542678,0.02219747235519199,0.18913449183218578,0.2049
1563,7.8149999999998556,2.9222457786914902e-12,-1.7914746834428452e-19,0,0.018320453126625284,-0.10396740017217285,0.022197450566705901,0.18913449535160604,0.2049
1564,7.8199999999998555,4.0388178912387218e-12,8.4703294725430034e-21,0,0.018320457328573896,-0.10396740168138224,0.022197428900151923,0.18913449885114103,0.2049
1565,7.8249999999998554,4.0306681603485828e-12,-9.5291206566108788e-20,0,0.018320461506822504,-0.10396740318300843,0.022197407354835795,0.18913450233093312,0.2049
1566,7.8299999999998553,3.1259647648163025e-12,-2.1853450039160949e-19,0,0.018320465661504644,-0.1039674046774733,0.022197385930121469,0.18913450579103447,0.2049
1567,7.8349999999998552,1.8741050378245916e-12,-7.538593230563273e-20,0,0.01832046979275365,-0.10396740616404709,0.022197364625231527,0.18913450923165998,0.2049
1568,7.8399999999998551,3.9688252684300096e-12,2.2022856628611809e-19,0,0.018320473900701063,-0.10396740764264664,0.022197343439520671,0.18913451265294981,0.2049
1569,7.844999999999855,3.4369486423546647e-12,1.0376153603865179e-19,0,0.018320477985477465,-0.10396740911429224,0.022197322372417352,0.1891345160548262,0.2049
1570,7.8499999999998549,1.3520295993885156e-12,1.6178329292557136e-19,0,0.018320482047214606,-0.10396741057880143,0.022197301423277374,0.18913451943747084,0.2049
1571,7.8549999999998548,1.7141843500212417e-12,-6.1833405149563925e-20,0,0.018320486086042607,-0.10396741203553042,0.02219728059127353,0.18913452280109491,0.2049
1572,7.8599999999998547,7.7323564218190199e-13,1.0969076666943189e-19,0,0.01832049010208987,-0.10396741348494359,0.022197259875927008,0.18913452614572193,0.2049
1573,7.8649999999998546,2.5730528818712628e-12,-6.136753702857406e-19,0,0.018320494095485092,-0.10396741492637068,0.022197239276431864,0.18913452947157408,0.2049
1574,7.8699999999998544,3.4388013270270079e-12,1.266314256145179e-19,0,0.01832049806635503,-0.10396741636124314,0.022197218792314816,0.18913453277853831,0.2049
1575,7.8749999999998543,3.7386344020617912e-12,8.2162195883667133e-20,0,0.018320502014827728,-0.10396741778840897,0.022197198422825023,0.18913453606692068,0.2049
1576,7.8799999999998542,1.5448475831902897e-12,7.2167207106066389e-19,0,0.018320505941028686,-0.10396741920897096,0.022197178167451179,0.18913453933666038,0.2049
1577,7.8849999999998541,3.7818637110831332e-12,-4.2266944067989587e-19,0,0.018320509845084182,-0.10396742062212475,0.022197158025392412,0.18913454258798346,0.2049
1578,7.889999999999854,2.4643134755031326e-12,-3.4304834363799164e-20,0,0.018320513727118484,-0.10396742202756848,0.022197137996130056,0.18913454582102981,0.2049
1579,7.8949999999998539,1.3486989303146402e-12,-2.7994438906754626e-19,0,0.018320517587255711,-0.10396742342631823,0.022197118079040547,0.18913454903578011,0.2049
1580,7.8999999999998538,2.5117685709119542e-12,-6.5983866591109996e-19,0,0.018320521425619331,-0.10396742481814421,0.022197098273504301,0.18913455223235026,0.2049
1581,7.9049999999998537,3.9287462172410414e-12,1.351017550870609e-19,0,0.018320525242332651,-0.10396742620208105,0.022197078578710401,0.18913455541105645,0.2049
1582,7.9099999999998536,2.752693906149517e-12,8.9573734172142261e-19,0,0.018320529037516027,-0.10396742757996771,0.022197058994305394,0.18913455857160905,0.2049
1583,7.9149999999998535,3.9571956822470611e-12,-5.6327690992410973e-20,0,0.018320532811292641,-0.10396742895040842,0.022197039519549246,0.18913456171442772,0.2049
1584,7.9199999999998534,1.7899015603006774e-12,4.895850435129856e-19,0,0.018320536563782335,-0.10396743031402075,0.022197020153918154,0.1891345648395048,0.2049
1585,7.9249999999998533,2.4934776465812547e-12,-3.3881317890172014e-20,0,0.018320540295105329,-0.10396743167039724,0.022197000896693686,0.18913456794696409,0.2049
1586,7.9299999999998532,4.2239059472315432e-12,-6.6915602833089727e-20,0,0.018320544005380426,-0.10396743301996403,0.022196981747316602,0.18913457103691383,0.2049
1587,7.9349999999998531,3.4123814884878811e-12,-3.5575383784680614e-19,0,0.018320547694726529,-0.10396743436306996,0.022196962705246737,0.18913457410935441,0.2049
1588,7.939999999999853,1.1095013796591502e-12,-6.128283373384863e-19,0,0.018320551363261758,-0.10396743569931448,0.022196943769846156,0.18913457716447549,0.2049
1589,7.9449999999998528,2.9791585864913372e-12,-1.9905274260476058e-20,0,0.018320555011103599,-0.10396743702814389,0.022196924940468703,0.18913458020240406,0.2049
1590,7.9499999999998527,1.2626566459061905e-12,-2.591920818598159e-19,0,0.018320558638368064,-0.10396743835130755,0.022196906216672099,0.18913458322309293,0.2049
1591,7.9549999999998526,2.2890023210209165e-12,1.0037340424963459e-19,0,0.018320562245172381,-0.10396743966657673,0.022196887597679096,0.18913458622689377,0.2049
1592,7.9599999999998525,4.1145524487529173e-12,1.6178329292557136e-19,0,0.018320565831630352,-0.10396744097543892,0.022196869082925525,0.18913458921368015,0.2049
1593,7.9649999999998524,3.4015290584221702e-12,-2.6215669717520595e-19,0,0.018320569397856996,-0.10396744227766311,0.022196850672006847,0.18913459218362472,0.2049
1594,7.9699999999998523,3.1685765122801968e-12,1.130788984584491e-19,0,0.018320572943966398,-0.10396744357345758,0.022196832364244495,0.18913459513680045,0.2049
1595,7.9749999999998522,3.2174263253637037e-12,-6.5517998470120131e-19,0,0.018320576470071889,-0.10396744486299354,0.022196814159110026,0.18913459807323568,0.2049
1596,7.9799999999998521,2.5009681825505226e-12,4.7645603283054394e-19,0,0.018320579976287246,-0.10396744614549319,0.022196796055923472,0.18913460099316709,0.2049
1597,7.984999999999852,4.0014450086722775e-12,3.6422416731934915e-20,0,0.018320583462723875,-0.10396744742123346,0.022196778054180126,0.18913460389665859,0.2049
1598,7.9899999999998519,3.3713483393871257e-12,3.7184746384463785e-19,0,0.018320586929492913,-0.10396744869087468,0.022196760153353715,0.18913460678372032,0.2049
1599,7.9949999999998518,7.5650596897958167e-13,-1.6940658945086007e-19,0,0.018320590376705588,-0.10396744995462667,0.022196742352935089,0.18913460965442741,0.2049
1600,7.9999999999998517,2.4358293160275934e-12,-1.9651164376299768e-19,0,0.018320593804472752,-0.10396745121079495,0.022196724652169143,0.18913461250907168,0.2049
1601,8.0049999999998516,3.8098621479853989e-12,-6.0520504081319759e-19,0,0.018320597212902887,-0.10396745246080616,0.02219670705058438,0.18913461534758799,0.2049
1602,8.0099999999998523,2.4621971128624409e-12,-7.0727251095734078e-20,0,0.018320600602105008,-0.10396745370480513,0.022196689547750233,0.18913461817003233,0.2049
1603,8.0149999999998531,3.335800385917409e-12,-5.8868789834173874e-20,0,0.018320603972188158,-0.10396745494235649,0.022196672142963593,0.18913462097657202,0.2049
1604,8.0199999999998539,2.8681154673471099e-12,-5.0525515303719015e-19,0,0.01832060732325989,-0.10396745617370443,0.022196654835799631,0.18913462376724433,0.2049
1605,8.0249999999998547,3.8470476804164377e-12,2.2700482986415249e-19,0,0.01832061065542754,-0.10396745739831037,0.022196637625641766,0.18913462654226482,0.2049
1606,8.0299999999998555,1.56052948341312e-12,-2.4182790644110275e-19,0,0.018320613968796941,-0.10396745861782411,0.022196620512006007,0.18913462930144304,0.2049
1607,8.0349999999998563,2.7879400177344138e-12,1.5966571055743561e-19,0,0.018320617263475544,-0.10396745983012959,0.022196603494278013,0.18913463204519915,0.2049
1608,8.039999999999857,1.859037229712257e-12,-1.6263032587282567e-19,0,0.018320620539567661,-0.10396746103626484,0.022196586571945537,0.18913463477345493,0.2049
1609,8.0449999999998578,2.1798500504655038e-12,-1.2536087619363645e-19,0,0.018320623797178092,-0.10396746223658535,0.022196569744519893,0.18913463748629544,0.2049
1610,8.0499999999998586,3.0301039455338241e-12,7.1997800516615529e-20,0,0.018320627036411036,-0.10396746343016067,0.022196553011469812,0.18913464018389098,0.2049
1611,8.0549999999998594,4.0045744498229396e-12,-3.1086109164232822e-19,0,0.018320630257369876,-0.10396746461757128,0.022196536372160229,0.18913464286630149,0.2049
1612,8.0599999999998602,3.4911240565094204e-12,2.9392043269724222e-19,0,0.018320633460157023,-0.10396746579982676,0.022196519826245688,0.18913464553339551,0.2049
1613,8.0649999999998609,1.4904813494531766e-12,-3.3500153063907578e-19,0,0.018320636644876757,-0.10396746697594872,0.02219650337313914,0.18913464818548553,0.2049
1614,8.0699999999998617,1.8140766666618902e-12,8.2416305767843423e-19,0,0.018320639811630464,-0.10396746814563748,0.022196487012257488,0.18913465082268849,0.2049
1615,8.0749999999998625,3.1021990531954202e-12,5.9715822781428174e-20,0,0.018320642960518583,-0.10396746930916446,0.022196470743126979,0.18913465344502142,0.2049
1616,8.0799999999998633,3.8603556115623938e-12,-6.3950987517699676e-20,0,0.018320646091641985,-0.10396747046693275,0.022196454565249595,0.18913465605254895,0.2049
1617,8.0849999999998641,4.1339917600247134e-12,8.2585712357294283e-20,0,0.018320649205100972,-0.10396747161904657,0.022196438478132019,0.18913465864526899,0.2049
1618,8.0899999999998649,4.0328435035874577e-12,1.5543054582116411e-19,0,0.018320652300995419,-0.10396747276495555,0.022196422481240905,0.18913466122344524,0.2049
1619,8.0949999999998656,3.4914293678411923e-12,-1.4357208455960391e-19,0,0.018320655379424008,-0.10396747390523928,0.022196406574168409,0.18913466378706353,0.2049
1620,8.0999999999998664,2.186646697044381e-12,2.3505164286306834e-19,0,0.018320658440485468,-0.10396747503992898,0.022196390756232906,0.18913466633614157,0.2049
1621,8.1049999999998672,2.0478480022845247e-12,-3.4431889305887309e-19,0,0.018320661484277714,-0.10396747616830848,0.022196375027072286,0.1891346688709373,0.2049
1622,8.109999999999868,2.4726574954225811e-12,1.6813604002997862e-19,0,0.018320664510897682,-0.10396747729092752,0.022196359386084601,0.18913467139140488,0.2049
1623,8.1149999999998688,3.0748528723201218e-12,-5.9292306307801024e-21,0,0.018320667520442212,-0.10396747840810576,0.022196343832902768,0.18913467389761476,0.2049
1624,8.1199999999998695,1.837197061149709e-12,-3.0535537748517527e-19,0,0.018320670513007915,-0.10396747951930918,0.022196328367052241,0.18913467638973694,0.2049
1625,8.1249999999998703,2.2047225156640593e-12,2.9434394917086937e-19,0,0.018320673488690323,-0.10396748062473778,0.022196312987842415,0.18913467886777199,0.2049
1626,8.1299999999998711,3.1266517153127893e-12,-9.3173624197973037e-20,0,0.018320676447584436,-0.10396748172454351,0.022196297694981292,0.18913468133183631,0.2049
1627,8.1349999999998719,3.7444561340471694e-12,2.4945120296639145e-19,0,0.018320679389785065,-0.10396748281859927,0.022196282487923921,0.18913468378200565,0.2049
1628,8.1399999999998727,2.5738994269275395e-12,1.9693516023662483e-19,0,0.018320682315386111,-0.10396748390738692,0.02219626736624758,0.18913468621831847,0.2049
1629,8.1449999999998735,4.3891904000226134e-12,-8.9361975935328686e-20,0,0.018320685224481499,-0.1039674849907143,0.022196252329387704,0.1891346886408527,0.2049
1630,8.1499999999998742,2.7580715489250451e-12,1.6517142471458857e-20,0,0.018320688117164613,-0.10396748606821488,0.022196237376961473,0.18913469104977007,0.2049
1631,8.154999999999875,2.0456414340230822e-12,5.014435047745458e-19,0,0.018320690993527379,-0.10396748714090895,0.022196222508494269,0.18913469344498329,0.2049
1632,8.1599999999998758,1.0923414950347876e-12,1.5500702934753696e-19,0,0.018320693853662917,-0.10396748820697307,0.022196207723355232,0.18913469582685216,0.2049
1633,8.1649999999998766,3.9962234910095873e-12,-1.1138483256394049e-19,0,0.018320696697661103,-0.10396748926739093,0.022196193021177181,0.18913469819526721,0.2049
1634,8.1699999999998774,3.5490846372887574e-12,9.2750107724345887e-20,0,0.018320699525613094,-0.10396749032404601,0.022196178401750831,0.18913470055014545,0.2049
1635,8.1749999999998781,3.449338037420091e-12,-1.9989977555201488e-19,0,0.018320702337610906,-0.10396749137320571,0.022196163864068107,0.18913470289197881,0.2049
1636,8.1799999999998789,3.6157327132357864e-12,-4.8916152703935845e-19,0,0.01832070513374242,-0.1039674924178112,0.022196149408172515,0.18913470522047177,0.2049
1637,8.1849999999998797,2.9590149774882946e-12,-5.056786695108173e-19,0,0.018320707914098025,-0.10396749345738082,0.022196135033404452,0.18913470753580108,0.2049
1638,8.1899999999998805,3.864679409826266e-12,8.4279778251802884e-20,0,0.018320710678767026,-0.10396749449120826,0.022196120739303295,0.18913470983812811,0.2049
1639,8.1949999999998813,4.3111625380731766e-12,-3.4516592600612739e-19,0,0.018320713427837254,-0.10396749551986176,0.022196106525469321,0.18913471212743127,0.2049
1640,8.199999999999882,3.5460766267814137e-12,8.3856261778175734e-20,0,0.018320716161397004,-0.10396749654340529,0.022196092391447004,0.18913471440379145,0.2049
1641,8.2049999999998828,3.7577510547670556e-12,2.7952087259391911e-19,0,0.018320718879533869,-0.10396749756154391,0.022196078336773901,0.18913471666732673,0.2049
1642,8.2099999999998836,4.0516305588322865e-12,-2.0709955560367643e-19,0,0.018320721582334672,-0.10396749857443084,0.022196064361040692,0.1891347189180945,0.2049
1643,8.2149999999998844,3.3924633935367154e-12,6.0435800786594329e-19,0,0.018320724269885996,-0.1039674995825198,0.022196050463726587,0.18913472115612073,0.2049
1644,8.2199999999998852,3.2481031753128775e-12,2.1175823681357508e-20,0,0.018320726942273817,-0.10396750058511173,0.022196036644467065,0.1891347233815478,0.2049
1645,8.224999999999886,3.7867209368158683e-12,2.7443867491039331e-19,0,0.018320729599583543,-0.10396750158210059,0.022196022902803633,0.18913472559446412,0.2049
1646,8.2299999999998867,2.3456687980871749e-12,-9.4020657145227338e-20,0,0.018320732241899996,-0.10396750257461662,0.022196009238329182,0.18913472779482624,0.2049
1647,8.2349999999998875,2.8587861244933066e-12,4.7137383514701814e-19,0,0.018320734869308037,-0.10396750356162758,0.022195995650556185,0.18913472998281775,0.2049
1648,8.2399999999998883,3.4505315271715631e-12,2.498747194400186e-19,0,0.018320737481891388,-0.10396750454370671,0.022195982139108037,0.18913473215845217,0.2049
1649,8.2449999999998891,2.6685424703298821e-12,3.9387032047324966e-19,0,0.018320740079733791,-0.10396750552077588,0.022195968703522972,0.18913473432179123,0.2049
1650,8.2499999999998899,1.3638257190251579e-12,-4.6586812098986519e-21,0,0.018320742662918367,-0.1039675064928019,0.022195955343451007,0.18913473647293205,0.2049
1651,8.2549999999998906,1.8269830093231576e-12,7.3691866411124129e-20,0,0.018320745231527966,-0.10396750745978767,0.022195942058390632,0.18913473861194302,0.2049
1652,8.2599999999998914,2.3536728122053319e-12,3.3457801416544863e-20,0,0.018320747785644593,-0.10396750842146796,0.022195928847907477,0.18913474073889258,0.2049
1653,8.2649999999998922,2.8596951195947184e-12,-2.3081647812679684e-19,0,0.018320750325349477,-0.10396750937850519,0.022195915711603603,0.18913474285383808,0.2049
1654,8.269999999999893,2.5455193508605589e-12,-1.1434944787933055e-20,0,0.018320752850724473,-0.10396751033049453,0.022195902649160642,0.18913474495684662,0.2049
1655,8.2749999999998938,1.5021317523178368e-12,2.5792153243893445e-19,0,0.018320755361850325,-0.10396751127766465,0.022195889660061942,0.18913474704799418,0.2049
1656,8.2799999999998946,3.4400191029071436e-12,-2.9222636680273362e-19,0,0.01832075785880706,-0.10396751222017039,0.022195876743922503,0.18913474912729433,0.2049
1657,8.2849999999998953,1.8669232826340476e-12,-6.7762635780344027e-21,0,0.018320760341675235,-0.10396751315733771,0.022195863900372693,0.18913475119493198,0.2049
1658,8.2899999999998961,3.4959812822421554e-12,-5.1753713077237751e-19,0,0.018320762810533502,-0.10396751408972667,0.022195851128918663,0.1891347532508737,0.2049
1659,8.2949999999998969,3.5941631615354908e-12,-5.9715822781428174e-20,0,0.01832076526546118,-0.1039675150173637,0.022195838429224651,0.18913475529521984,0.2049
1660,8.2999999999998977,4.2819081613743037e-12,1.7533582008164017e-19,0,0.018320767706536713,-0.10396751594024475,0.022195825800896976,0.18913475732806903,0.2049
1661,8.3049999999998985,3.8686519265862529e-12,1.6220680939919851e-19,0,0.018320770133837812,-0.10396751685877467,0.022195813243548593,0.18913475934932172,0.2049
1662,8.3099999999998992,3.9124259387790516e-12,1.0884373372217759e-19,0,0.018320772547443642,-0.10396751777262471,0.022195800756808371,0.18913476135916629,0.2049
1663,8.3149999999999,1.3361013684320966e-12,-2.6935647722686751e-19,0,0.018320774947431322,-0.10396751868087639,0.022195788340101042,0.18913476335784765,0.2049
1664,8.3199999999999008,2.6850119350108059e-12,-3.4558944247975454e-19,0,0.01832077733387567,-0.10396751958459462,0.022195775993203291,0.1891347653451973,0.2049
1665,8.3249999999999016,1.0462741784067475e-12,-5.3363075677020921e-20,0,0.018320779706853845,-0.10396752048433668,0.022195763715740544,0.18913476732122275,0.2049
1666,8.3299999999999024,2.1862546495388102e-12,-8.3432745304548583e-20,0,0.018320782066442696,-0.10396752137866361,0.022195751507173501,0.18913476928621606,0.2049
1667,8.3349999999999032,1.40076839016956e-12,5.1669009782512321e-20,0,0.018320784412716527,-0.10396752226880795,0.022195739367305192,0.18913477124006639,0.2049
1668,8.3399999999999039,2.0216398000094671e-12,-1.181610961419749e-19,0,0.018320786745751261,-0.10396752315430444,0.022195727295589059,0.18913477318287086,0.2049
1669,8.3449999999999047,1.5720202917179904e-12,2.7189757606863041e-19,0,0.018320789065621391,-0.10396752403513765,0.022195715291756526,0.18913477511475091,0.2049
1670,8.3499999999999055,3.304009843496658e-12,3.0450834453792097e-19,0,0.018320791372400995,-0.10396752491109063,0.022195703355340234,0.18913477703575882,0.2049
1671,8.3549999999999063,4.3356498946600652e-12,-4.0826988057657276e-19,0,0.018320793666163553,-0.1039675257827069,0.022195691486023378,0.1891347789459005,0.2049
1672,8.3599999999999071,1.4450662888521038e-12,3.9344680399962251e-19,0,0.018320795946982837,-0.10396752665070214,0.022195679683509204,0.18913478084515689,0.2049
1673,8.3649999999999078,2.1809221095736575e-12,-3.1255515753683683e-19,0,0.018320798214932609,-0.10396752751313199,0.02219566794723837,0.18913478273383316,0.2049
1674,8.3699999999999086,3.0756508451190712e-12,-5.1287844956247886e-19,0,0.018320800470084209,-0.10396752837113243,0.022195656276940621,0.18913478461184352,0.2049
1675,8.3749999999999094,3.3253400033572689e-12,-3.6210658495121339e-19,0,0.018320802712510055,-0.10396752922478464,0.022195644672327951,0.1891347864792382,0.2049
1676,8.3799999999999102,3.47544215628659e-12,1.317136232980437e-19,0,0.01832080494228238,-0.10396753007459289,0.022195633132825392,0.1891347883360068,0.2049
1677,8.384999999999911,2.8026747589393608e-12,-8.0044613515531382e-20,0,0.018320807159472711,-0.10396753091944544,0.022195621658257253,0.18913479018240234,0.2049
1678,8.3899999999999118,3.7041480993593723e-12,-4.997494388800372e-20,0,0.018320809364151414,-0.10396753175990271,0.022195610248180318,0.18913479201836925,0.2049
1679,8.3949999999999125,2.8932238549383982e-12,3.3669559653358438e-19,0,0.0183208115563889,-0.10396753259664238,0.022195598902263629,0.18913479384385762,0.2049
1680,8.3999999999999133,3.3248716280187551e-12,-1.215492279309921e-19,0,0.018320813736256412,-0.10396753342829157,0.022195587620099919,0.18913479565918237,0.2049
1681,8.4049999999999141,2.6500260319473057e-12,-5.9758174428790889e-19,0,0.018320815903822688,-0.10396753425621844,0.022195576401400123,0.18913479746418702,0.2049
1682,8.4099999999999149,2.5647955981256132e-12,2.0752307207730358e-20,0,0.018320818059157598,-0.10396753507945528,0.022195565245762293,0.18913479925904852,0.2049
1683,8.4149999999999157,1.4210854715202004e-12,5.0779625187895305e-19,0,0.018320820202329776,-0.10396753589865124,0.022195554152895057,0.18913480104375141,0.2049
1684,8.4199999999999164,1.7128520823916915e-12,-1.0249098661777034e-19,0,0.018320822333408187,-0.10396753671328135,0.022195543122325009,0.18913480281843256,0.2049
1685,8.4249999999999172,3.6065143926844456e-12,-2.5199230180815435e-19,0,0.018320824452460499,-0.10396753752350113,0.022195532153746454,0.18913480458310494,0.2049
1686,8.429999999999918,3.5612242321736431e-12,6.8397910490784752e-19,0,0.018320826559554537,-0.10396753833010283,0.022195521246911619,0.1891348063377466,0.2049
1687,8.4349999999999188,3.7711986311528278e-12,1.7025362239811437e-19,0,0.018320828654758432,-0.10396753913195755,0.022195510401370057,0.1891348080825655,0.2049
1688,8.4399999999999196,4.1022914232247132e-12,2.541098841762901e-21,0,0.018320830738138453,-0.10396753993009245,0.022195499616821504,0.18913480981746963,0.2049
1689,8.4449999999999203,3.8546943414985435e-12,6.5475646822757416e-19,0,0.018320832809761864,-0.10396754072374956,0.022195488892985654,0.18913481154263115,0.2049
1690,8.4499999999999211,1.6484591469634324e-12,1.5204241403214691e-19,0,0.018320834869694297,-0.10396754151404521,0.022195478229470329,0.18913481325797379,0.2049
1691,8.4549999999999219,2.8035629373590609e-12,-8.4703294725430034e-21,0,0.018320836918003201,-0.10396754229930397,0.022195467625780455,0.1891348149637555,0.2049
1692,8.4599999999999227,2.8183011480109599e-12,2.1006417091906648e-19,0,0.018320838954752509,-0.10396754308071401,0.022195457081792574,0.18913481665988041,0.2049
1693,8.4649999999999235,2.7422682180588964e-12,4.5316262678105068e-20,0,0.018320840980007747,-0.10396754385862529,0.022195446597130204,0.18913481834635534,0.2049
1694,8.4699999999999243,2.5031088313198779e-12,-1.8211208365967457e-19,0,0.018320842993834359,-0.10396754463166144,0.022195436171451248,0.18913482002339593,0.2049
1695,8.474999999999925,2.6734725544486082e-12,1.147729643529577e-19,0,0.018320844996296139,-0.10396754540116902,0.022195425804349446,0.18913482169093404,0.2049
1696,8.4799999999999258,3.330564990466911e-12,1.4272505161234961e-19,0,0.018320846987457767,-0.10396754616645693,0.022195415495575153,0.18913482334909035,0.2049
1697,8.4849999999999266,3.1343400097583185e-12,-1.9185296255309903e-19,0,0.018320848967382501,-0.10396754692786327,0.0221954052448061,0.18913482499787398,0.2049
1698,8.4899999999999274,2.0231177844109993e-12,1.232432938255007e-19,0,0.018320850936133847,-0.10396754768571095,0.022195395051740133,0.18913482663731013,0.2049
1699,8.4949999999999282,2.5065782782718316e-12,3.2907230000829568e-19,0,0.018320852893775254,-0.10396754843858819,0.022195384915916428,0.18913482826761208,0.2049
1700,8.4999999999999289,3.26990691468243e-12,9.994988777600744e-20,0,0.018320854840368331,-0.10396754918813048,0.022195374837129155,0.18913482988864036,0.2049
1701,8.5049999999999297,2.0123069877087119e-12,-2.1175823681357508e-21,0,0.018320856775976009,-0.10396754993439827,0.02219536481511173,0.18913483150045182,0.2049
1702,8.5099999999999305,2.8919089345436078e-12,3.4982460721602604e-19,0,0.01832085870066098,-0.10396755067567137,0.022195354849382794,0.18913483310328494,0.2049
1703,8.5149999999999313,2.5488500199344344e-12,-7.0600196153645933e-19,0,0.018320860614483441,-0.10396755141338052,0.022195344939763564,0.18913483469706094,0.2049
1704,8.5199999999999321,2.5572877149215856e-12,-3.4728350837426314e-19,0,0.018320862517505296,-0.10396755214772402,0.022195335085881625,0.18913483628178196,0.2049
1705,8.5249999999999329,3.5390579355976115e-12,-4.0107010052491121e-19,0,0.01832086440978772,-0.10396755287762094,0.022195325287415468,0.18913483785763499,0.2049
1706,8.5299999999999336,3.7244443640283009e-12,-4.3622196783596467e-20,0,0.018320866291390587,-0.10396755360408699,0.022195315544101358,0.1891348394245026,0.2049
1707,8.5349999999999344,1.4450662888521038e-12,-3.756591121072822e-19,0,0.018320868162375072,-0.10396755432707497,0.022195305855667889,0.18913484098254563,0.2049
1708,8.5399999999999352,2.5578150708582825e-12,1.1858461261560205e-20,0,0.018320870022800792,-0.10396755504576864,0.022195296221660294,0.18913484253183638,0.2049
1709,8.544999999999936,3.8100703148025161e-12,-5.7174723939665273e-20,0,0.018320871872727081,-0.10396755576056939,0.022195286641860667,0.18913484407239434,0.2049
1710,8.5499999999999368,3.5284553057124413e-12,-3.4177779421711019e-19,0,0.018320873712212929,-0.1039675564720117,0.022195277115951935,0.18913484560427571,0.2049
1711,8.5549999999999375,3.1635423447529121e-12,8.2162195883667133e-20,0,0.018320875541317543,-0.10396755717993084,0.02219526764372675,0.18913484712738571,0.2049
1712,8.5599999999999383,3.6455005680835484e-12,3.2653120116653278e-19,0,0.0183208773600998,-0.10396755788330031,0.022195258224749687,0.1891348486420846,0.2049
1713,8.5649999999999391,3.7413197540026033e-12,2.5876856538618875e-19,0,0.018320879168616733,-0.10396755858412685,0.022195248858782123,0.18913485014803771,0.2049
1714,8.5699999999999399,3.7116733297981597e-12,3.7608262858090935e-19,0,0.018320880966927872,-0.10396755928046059,0.022195239545518136,0.1891348516456253,0.2049
1715,8.5749999999999407,3.2423369544787306e-12,3.3415449769182148e-19,0,0.018320882755089724,-0.10396755997467025,0.022195230284798091,0.1891348531345764,0.2049
1716,8.5799999999999415,4.0393695333040824e-12,3.3288394827094003e-19,0,0.01832088453316106,-0.10396756066283733,0.022195221075926329,0.18913485461543753,0.2049
1717,8.5849999999999422,2.793681952439897e-12,-2.5961559833344305e-19,0,0.018320886301196122,-0.10396756134844279,0.022195211919034279,0.18913485608781377,0.2049
1718,8.589999999999943,2.6094543192911601e-12,1.8295911660692887e-19,0,0.018320888059252607,-0.10396756203126716,0.022195202813680773,0.18913485755174328,0.2049
1719,8.5949999999999438,3.3204827776245338e-12,-5.0440812008993585e-19,0,0.018320889807388149,-0.10396756270935761,0.022195193759499892,0.18913485900759625,0.2049
1720,8.5999999999999446,4.0273478996155632e-12,1.3383120566617945e-19,0,0.018320891545656859,-0.10396756338412702,0.022195184756301764,0.18913486045519123,0.2049
1721,8.6049999999999454,2.7011760883599578e-12,9.8552283413037844e-19,0,0.01832089327411485,-0.10396756405592539,0.022195175803826538,0.18913486189453371,0.2049
1722,8.6099999999999461,2.6848037681936887e-12,-2.7359164196313901e-19,0,0.018320894992818172,-0.10396756472423105,0.022195166901756332,0.18913486332576662,0.2049
1723,8.6149999999999469,3.6015357363083922e-12,-6.153694361802492e-19,0,0.018320896701821774,-0.10396756538826368,0.02219515804966974,0.18913486474903951,0.2049
1724,8.6199999999999477,2.8261282203345672e-12,-2.1048768739269363e-19,0,0.018320898401179463,-0.1039675660494451,0.022195149247538085,0.18913486616415159,0.2049
1725,8.6249999999999485,3.0843001763702915e-12,1.3298417271892515e-19,0,0.018320900090946425,-0.10396756670702492,0.022195140494884726,0.18913486757131373,0.2049
1726,8.6299999999999493,1.9262924588758779e-12,-4.5570372562281358e-19,0,0.018320901771176762,-0.10396756736147023,0.022195131791568925,0.18913486897051596,0.2049
1727,8.63499999999995,4.4995118742008344e-12,1.5288944697940121e-19,0,0.018320903441924479,-0.10396756801104699,0.022195123137081295,0.18913487036202442,0.2049
1728,8.6399999999999508,1.6142642778049776e-13,3.2187251995663413e-20,0,0.018320905103240744,-0.10396756865940207,0.022195114531543166,0.18913487174532068,0.2049
1729,8.6449999999999516,1.964872708981602e-12,-4.3876306667772758e-19,0,0.018320906755182609,-0.10396756930303978,0.022195105974321207,0.18913487312102933,0.2049
1730,8.6499999999999524,3.6100983313858137e-12,3.7438856268640075e-19,0,0.01832090839780082,-0.10396756994467118,0.022195097465390452,0.18913487448877431,0.2049
1731,8.6549999999999532,1.6692758286751541e-12,-1.308665903507894e-19,0,0.018320910031149606,-0.10396757058063053,0.022195089004140647,0.18913487584916841,0.2049
1732,8.659999999999954,1.6662227153574349e-12,1.215492279309921e-19,0,0.018320911655277872,-0.10396757121450401,0.022195080590625658,0.18913487720165256,0.2049
1733,8.6649999999999547,3.6641731315789627e-12,-1.3721933745519665e-19,0,0.01832091327023978,-0.10396757184468508,0.02219507222442078,0.18913487854658415,0.2049
1734,8.6699999999999555,3.0304925235924429e-12,3.0704944337968387e-19,0,0.018320914876086607,-0.10396757247216955,0.022195063905419459,0.18913487988385022,0.2049
1735,8.6749999999999563,3.3910652064150781e-12,-2.0752307207730358e-19,0,0.018320916472870097,-0.10396757309554433,0.022195055633219423,0.18913488121364452,0.2049
1736,8.6799999999999571,2.3592239273284576e-12,-9.3173624197973037e-20,0,0.018320918060641098,-0.10396757371674942,0.022195047407688462,0.18913488253581043,0.2049
1737,8.6849999999999579,1.9681305196694865e-12,-2.0794658855093073e-19,0,0.018320919639451334,-0.10396757433394346,0.022195039228315058,0.18913488385062735,0.2049
1738,8.6899999999999586,3.2165103913683879e-12,1.4526615045411251e-19,0,0.018320921209350038,-0.10396757494779182,0.022195031095082716,0.18913488515798985,0.2049
1739,8.6949999999999594,3.4636737922255634e-12,-9.2326591250718737e-20,0,0.01832092277038827,-0.10396757555836558,0.022195023007591623,0.18913488645802534,0.2049
1740,8.6999999999999602,3.0367583447876711e-12,3.824353756853166e-19,0,0.018320924322615353,-0.10396757616650266,0.022195014965680819,0.18913488775061182,0.2049
1741,8.704999999999961,4.2714685954958753e-12,7.1870745574527384e-19,0,0.018320925866081878,-0.10396757677077585,0.022195006969059655,0.18913488903600784,0.2049
1742,8.7099999999999618,2.6864448166019628e-12,4.0530526526118271e-19,0,0.018320927400836601,-0.1039675773724906,0.022194999017458188,0.18913489031404307,0.2049
1743,8.7149999999999626,4.101406714251965e-12,1.0926725019580474e-19,0,0.01832092892692927,-0.10396757797001896,0.022194991110588771,0.18913489158499316,0.2049
1744,8.7199999999999633,2.7551849690610197e-12,3.9852900168314831e-19,0,0.018320930444407916,-0.10396757856529829,0.022194983248325483,0.1891348928486665,0.2049
1745,8.7249999999999641,2.7219337894734963e-12,-4.4553933025576198e-19,0,0.018320931953322014,-0.10396757915728388,0.022194975430311552,0.18913489410523548,0.2049
1746,8.7299999999999649,2.3452351172181807e-12,-5.3786592150648072e-20,0,0.018320933453719452,-0.10396757974591044,0.022194967656365982,0.18913489535473998,0.2049
1747,8.7349999999999657,3.8732211882219758e-12,-3.9005867221060531e-19,0,0.018320934945648317,-0.1039675803315416,0.022194959926086048,0.18913489659716665,0.2049
1748,8.7399999999999665,2.5457413954654839e-12,2.9900263038076802e-19,0,0.018320936429156047,-0.10396758091401466,0.022194952239473733,0.18913489783262055,0.2049
1749,8.7449999999999672,3.6481928589182644e-12,3.773531780017908e-19,0,0.018320937904290679,-0.10396758149323719,0.022194944595988714,0.18913489906111353,0.2049
1750,8.749999999999968,2.4956009481158503e-12,2.405573570202213e-19,0,0.018320939371098636,-0.10396758206984708,0.02219493699568225,0.18913490028261962,0.2049
1751,8.7549999999999688,2.5031088313198779e-12,-2.541098841762901e-20,0,0.018320940829627666,-0.10396758264338156,0.022194929438183828,0.18913490149721107,0.2049
1752,8.7599999999999696,3.7436720390360279e-12,7.3734218058486845e-19,0,0.018320942279924653,-0.10396758321340402,0.022194921923122859,0.18913490270507002,0.2049
1753,8.7649999999999704,3.0336844147882402e-12,1.5415999640028266e-19,0,0.018320943722034602,-0.10396758378133583,0.022194914450542846,0.18913490390592216,0.2049
1754,8.7699999999999712,3.7723643653286842e-12,-4.0911691352382706e-19,0,0.018320945156005988,-0.10396758434532882,0.022194907019997677,0.18913490510017281,0.2049
1755,8.7749999999999719,1.3475331961387838e-12,3.1763735522036263e-20,0,0.018320946581882765,-0.10396758490710414,0.022194899631335866,0.18913490628756011,0.2049
1756,8.7799999999999727,2.000177801164682e-12,-2.591920818598159e-19,0,0.018320947999711967,-0.10396758546583107,0.022194892284230786,0.189134907468272,0.2049
1757,8.7849999999999735,4.3932080195929757e-12,-1.9735867671025198e-19,0,0.018320949409538347,-0.10396758602106777,0.022194884978529179,0.18913490864238253,0.2049
1758,8.7899999999999743,3.6919980961336307e-12,2.541098841762901e-19,0,0.018320950811406833,-0.10396758657353597,0.022194877713974895,0.18913490980983083,0.2049
1759,8.7949999999999751,3.4364421030996795e-12,-2.5622746654442585e-19,0,0.018320952205362572,-0.10396758712325761,0.022194870490357451,0.18913491097068605,0.2049
1760,8.7999999999999758,3.2955860262973147e-12,-2.9476746564449652e-19,0,0.018320953591450202,-0.10396758766992699,0.022194863307455938,0.18913491212505151,0.2049
1761,8.8049999999999766,3.0548757967707729e-12,7.453889935837843e-20,0,0.018320954969713362,-0.10396758821420944,0.022194856165018522,0.18913491327275339,0.2049
1762,8.8099999999999774,1.9940993301048593e-12,2.6766241133235891e-19,0,0.018320956340197932,-0.10396758875513767,0.022194849062772908,0.18913491441410019,0.2049
1763,8.8149999999999782,1.9317464294843489e-12,1.317136232980437e-19,0,0.018320957702946439,-0.10396758929329433,0.022194842000621599,0.18913491554895562,0.2049
1764,8.819999999999979,2.6165736244365689e-12,-6.4205097401875966e-19,0,0.018320959058003242,-0.10396758982844771,0.022194834978106828,0.18913491667745713,0.2049
1765,8.8249999999999797,2.7133850721838826e-13,-1.7787691892340307e-19,0,0.018320960405410713,-0.10396759036129627,0.022194827995306914,0.18913491779952182,0.2049
1766,8.8299999999999805,2.4730772985037675e-12,-3.3457801416544863e-19,0,0.018320961745213207,-0.10396759089093323,0.022194821051751076,0.18913491891532502,0.2049
1767,8.8349999999999813,1.5640683193041127e-12,4.6586812098986519e-19,0,0.018320963077452904,-0.10396759141769096,0.022194814147353352,0.18913492002478605,0.2049
1768,8.8399999999999821,1.2766315782286597e-12,2.1938153333886379e-19,0,0.018320964402172603,-0.10396759194181834,0.022194807281854724,0.18913492112799865,0.2049
1769,8.8449999999999829,2.0374812947920873e-12,-1.3129010682441655e-19,0,0.01832096571941471,-0.10396759246312454,0.022194800455038896,0.18913492222498499,0.2049
1770,8.8499999999999837,2.682312705282186e-12,-9.6011184571274943e-19,0,0.018320967029221452,-0.10396759298163405,0.022194793666667056,0.18913492331577514,0.2049
1771,8.8549999999999844,3.8955505488047493e-12,-6.4289800696601396e-19,0,0.018320968331634924,-0.1039675934974553,0.022194786916532826,0.18913492440041518,0.2049
1772,8.8599999999999852,2.5790480862042386e-12,-6.0562855728682474e-20,0,0.018320969626696271,-0.10396759401051348,0.022194780204464561,0.18913492547896277,0.2049
1773,8.864999999999986,3.008947258020811e-12,-6.8143800606608462e-19,0,0.018320970914447419,-0.10396759452091997,0.02219477353022431,0.18913492655137579,0.2049
1774,8.8699999999999868,4.1704278919141302e-12,-3.7862372742267225e-19,0,0.018320972194929681,-0.10396759502826609,0.022194766893539865,0.18913492761780112,0.2049
1775,8.8749999999999876,2.2988000392132335e-12,1.6940658945086007e-19,0,0.018320973468183604,-0.1039675955337783,0.022194760294370786,0.18913492867807088,0.2049
1776,8.8799999999999883,4.4760445350178202e-12,-4.4723339615027058e-19,0,0.018320974734251198,-0.10396759603746442,0.022194753732447597,0.18913492973226786,0.2049
1777,8.8849999999999891,3.4450359231996686e-12,-2.1429933565533799e-19,0,0.018320975993173741,-0.10396759653555873,0.022194747207146731,0.18913493078095389,0.2049
1778,8.8899999999999899,3.5626987471282234e-12,-1.9227647902672618e-19,0,0.018320977244987584,-0.10396759703265224,0.022194740718853197,0.18913493182342697,0.2049
1779,8.8949999999999907,1.0942358130705543e-12,2.5876856538618875e-19,0,0.018320978489735434,-0.10396759752757931,0.022194734267161592,0.18913493285998675,0.2049
1780,8.8999999999999915,2.4853175073502598e-12,1.9905274260476058e-20,0,0.018320979727457332,-0.10396759801899702,0.022194727851763282,0.18913493389079578,0.2049
1781,8.9049999999999923,2.7285187997883042e-12,-3.9387032047324966e-20,0,0.018320980958192144,-0.10396759850810794,0.02219472147249258,0.18913493491576588,0.2049
1782,8.909999999999993,2.3452455255590365e-12,-4.8407932935583264e-19,0,0.018320982181979719,-0.10396759899508318,0.02219471512921534,0.189134935934896,0.2049
1783,8.9149999999999938,2.8482771696758391e-12,4.5443317620193213e-19,0,0.018320983398859365,-0.10396759947865369,0.022194708821666541,0.18913493694837907,0.2049
1784,8.9199999999999946,3.077385568595048e-12,3.4897757426877174e-19,0,0.018320984608869512,-0.10396759996099936,0.022194702549790168,0.18913493795595565,0.2049
1785,8.9249999999999954,3.0507818493674677e-12,-3.8031779331718085e-19,0,0.018320985812050217,-0.10396760043988061,0.022194696313129942,0.1891349389579681,0.2049
1786,8.9299999999999962,3.3759765816210319e-12,-2.464865876510014e-19,0,0.018320987008439159,-0.10396760091558668,0.022194690111550917,0.18913493995440028,0.2049
1787,8.9349999999999969,3.2645761094407533e-12,4.0572878173480986e-19,0,0.018320988198073759,-0.10396760138925026,0.022194683945019257,0.18913494094516664,0.2049
1788,8.9399999999999977,2.8360820636397222e-12,-7.2421316990242679e-20,0,0.018320989380992803,-0.10396760186050077,0.022194677813233265,0.18913494193030175,0.2049
1789,8.9449999999999985,4.1849856913245276e-12,2.9222636680273362e-20,0,0.018320990557234296,-0.10396760232922558,0.022194671715952803,0.18913494290990471,0.2049
1790,8.9499999999999993,3.5057651226466646e-12,-2.2615779691689819e-19,0,0.018320991726835639,-0.1039676027956854,0.022194665653135739,0.18913494388391225,0.2049
1791,8.9550000000000001,3.7861658253035557e-12,5.1033735072071595e-19,0,0.018320992889835051,-0.10396760325953858,0.022194659624462772,0.18913494485247634,0.2049
1792,8.9600000000000009,3.3183109038326108e-12,-1.2112571145736495e-19,0,0.018320994046269419,-0.1039676037209777,0.022194653629753727,0.18913494581553975,0.2049
1793,8.9650000000000016,3.3597846726962644e-12,4.1758724299637007e-19,0,0.018320995196175884,-0.10396760418002768,0.022194647668895218,0.1891349467731927,0.2049
1794,8.9700000000000024,2.351945027623259e-12,1.6517142471458857e-20,0,0.01832099633959109,-0.10396760463644791,0.022194641741552536,0.1891349477254588,0.2049
1795,8.9750000000000032,1.890605727528083e-12,4.1462262768098002e-19,0,0.018320997476551523,-0.10396760509083061,0.022194635847660515,0.1891349486722872,0.2049
1796,8.980000000000004,3.0535018957777993e-12,-3.9090570515785961e-19,0,0.01832099860709404,-0.10396760554246187,0.022194629987045598,0.18913494961380911,0.2049
1797,8.9850000000000048,3.6777837719714768e-12,3.2060197053575268e-19,0,0.018320999731254835,-0.10396760599168758,0.022194624159309766,0.18913495055004886,0.2049
1798,8.9900000000000055,3.536476667065358e-12,1.3891340334970526e-19,0,0.018321000849069215,-0.10396760643840119,0.022194618364548904,0.18913495148099091,0.2049
1799,8.9950000000000063,2.3984148000977257e-12,3.2737823411378708e-19,0,0.018321001960573399,-0.10396760688307702,0.022194612602446456,0.18913495240665901,0.2049
1800,9.0000000000000071,1.259402304665258e-12,2.3123999460042399e-19,0,0.018321003065803008,-0.10396760732543635,0.022194606872803169,0.18913495332708913,0.2049
1801,9.0050000000000079,3.3999261739303677e-12,-2.1599340154984659e-20,0,0.018321004164793545,-0.10396760776520815,0.022194601175420159,0.18913495424233229,0.2049
1802,9.0100000000000087,2.864292136806057e-12,-2.6808592780598606e-19,0,0.018321005257580104,-0.10396760820247865,0.022194595510234068,0.18913495515246789,0.2049
1803,9.0150000000000095,3.2212565947986604e-12,6.4798020464953976e-20,0,0.018321006344197383,-0.10396760863762164,0.022194589877004817,0.18913495605739775,0.2049
1804,9.0200000000000102,2.3382407121630422e-12,-6.4120394107150536e-19,0,0.018321007424680978,-0.10396760907051605,0.022194584275455197,0.18913495695726076,0.2049
1805,9.025000000000011,3.2149630180278166e-12,-3.1255515753683683e-19,0,0.018321008499064727,-0.10396760950092762,0.022194578705449587,0.18913495785204276,0.2049
1806,9.0300000000000118,1.3964211731387621e-12,-7.1997800516615529e-20,0,0.018321009567383049,-0.10396760992950554,0.022194573166966436,0.18913495874169667,0.2049
1807,9.0350000000000126,4.2761905127974842e-12,-4.8365581288220549e-19,0,0.018321010629671196,-0.10396761035509783,0.022194567659596064,0.18913495962644961,0.2049
1808,9.0400000000000134,3.898263656321177e-12,1.4738373282224826e-19,0,0.018321011685961914,-0.10396761077849814,0.022194562183315579,0.18913496050620002,0.2049
1809,9.0450000000000141,3.703419515499462e-12,2.1641691802347374e-19,0,0.018321012736289093,-0.10396761120060942,0.022194556738008298,0.18913496138079322,0.2049
1810,9.0500000000000149,4.655040242163011e-12,2.8206197143568201e-19,0,0.018321013780687876,-0.10396761161934186,0.022194551323250176,0.18913496225067702,0.2049
1811,9.0550000000000157,3.515462226877375e-12,-2.5283933475540865e-19,0,0.018321014819190396,-0.10396761203656764,0.022194545939124889,0.18913496311553513,0.2049
1812,9.0600000000000165,3.1340971484716817e-12,-4.9170262588112135e-19,0,0.018321015851830512,-0.10396761245127917,0.022194540585341579,0.18913496397556451,0.2049
1813,9.0650000000000173,2.5242030687877559e-12,5.031375706690544e-19,0,0.018321016878640878,-0.10396761286430053,0.022194535261766832,0.1891349648306293,0.2049
1814,9.070000000000018,3.6958214266746836e-12,-5.4210108624275222e-20,0,0.018321017899655029,-0.10396761327449155,0.022194529968189318,0.18913496568096053,0.2049
1815,9.0750000000000188,3.6556660476527725e-12,-2.5029823591364575e-19,0,0.018321018914905091,-0.10396761368260196,0.022194524704366565,0.18913496652652034,0.2049
1816,9.0800000000000196,2.9080557406579999e-12,8.4999756256969039e-19,0,0.018321019924423587,-0.10396761408829508,0.02219451947032821,0.18913496736732238,0.2049
1817,9.0850000000000204,3.6072499154382598e-12,-2.3505164286306834e-19,0,0.018321020928242705,-0.10396761449225222,0.022194514265774887,0.18913496820330808,0.2049
1818,9.0900000000000212,9.3291346869861513e-13,-1.0249098661777034e-19,0,0.018321021926395099,-0.10396761489416431,0.022194509090623191,0.18913496903457347,0.2049
1819,9.095000000000022,3.0260516314939423e-12,-1.8931186371133613e-19,0,0.018321022918912699,-0.10396761529345776,0.022194503944616157,0.18913496986119466,0.2049
1820,9.1000000000000227,4.0855201166589694e-12,-1.6093625997831706e-19,0,0.018321023905827061,-0.10396761569055241,0.02219449882753954,0.18913497068317195,0.2049
1821,9.1050000000000235,1.5206724768290769e-12,-2.583450489125616e-19,0,0.018321024887169406,-0.10396761608675667,0.022194493739510542,0.18913497150035077,0.2049
1822,9.1100000000000243,3.0875094148008486e-12,-1.2705494208814505e-20,0,0.018321025862972642,-0.10396761647917596,0.022194488679973989,0.189134972313132,0.2049
1823,9.1150000000000251,1.0362821711851211e-12,-2.2742834633777964e-19,0,0.018321026833266099,-0.10396761687088847,0.022194483649122514,0.18913497312113753,0.2049
1824,9.1200000000000259,4.0875774987014779e-12,-2.4775713707188285e-19,0,0.0183210277980826,-0.10396761725927289,0.022194478646494431,0.18913497392474388,0.2049
1825,9.1250000000000266,2.4183155478141316e-12,3.0620241043242957e-19,0,0.018321028757451549,-0.10396761764640992,0.02219447367222949,0.18913497472371291,0.2049
1826,9.1300000000000274,3.4878037957764008e-12,-3.9175273810511391e-19,0,0.018321029711404768,-0.10396761803113466,0.022194468725888549,0.18913497551821573,0.2049
1827,9.1350000000000282,3.1753731588590739e-12,-2.5707449949168015e-19,0,0.018321030659972145,-0.10396761841411992,0.0221944638075325,0.18913497630822063,0.2049
1828,9.140000000000029,3.1564924285465423e-12,5.1245493308885171e-20,0,0.018321031603184306,-0.10396761879476453,0.022194458916875152,0.18913497709376639,0.2049
1829,9.1450000000000298,8.8840046430505026e-13,1.8041801776516597e-19,0,0.018321032541071609,-0.10396761917387609,0.022194454053851065,0.18913497787481248,0.2049
1830,9.1500000000000306,3.5275601883988372e-12,4.3537493488871037e-19,0,0.018321033473664424,-0.10396761954998876,0.022194449218176811,0.1891349786515597,0.2049
1831,9.1550000000000313,2.4416024757556443e-12,-8.8938459461701536e-21,0,0.018321034400991729,-0.10396761992479737,0.02219444440981946,0.18913497942387367,0.2049
1832,9.1600000000000321,2.4362283024270681e-12,8.2162195883667133e-20,0,0.01832103532308382,-0.10396762029818488,0.022194439628664138,0.18913498019174757,0.2049
1833,9.1650000000000329,3.1837102398846184e-12,-5.014435047745458e-19,0,0.018321036239970868,-0.10396762066820053,0.022194434874276268,0.18913498095549006,0.2049
1834,9.1700000000000337,3.8999914409032499e-12,3.714239473710107e-19,0,0.018321037151680521,-0.10396762103683611,0.022194430146882507,0.18913498171474857,0.2049
1835,9.1750000000000345,2.070787985530842e-12,5.2939559203393771e-20,0,0.018321038058243727,-0.10396762140357162,0.022194425446012321,0.18913498246980873,0.2049
1836,9.1800000000000352,8.192266309769991e-13,7.1997800516615529e-21,0,0.018321038959688261,-0.10396762176877553,0.022194420771769856,0.1891349832205183,0.2049
1837,9.185000000000036,3.525707503726494e-12,1.7448878713438587e-19,0,0.018321039856044045,-0.10396762213196514,0.022194416123898081,0.18913498396699441,0.2049
1838,9.1900000000000368,2.38029040922072e-12,-4.2775163836342167e-19,0,0.018321040747339788,-0.10396762249223837,0.02219441150210992,0.18913498470938886,0.2049
1839,9.1950000000000376,1.8071134866293193e-12,4.1504614415460717e-20,0,0.018321041633602618,-0.10396762285100358,0.022194406906449499,0.18913498544754825,0.2049
1840,9.2000000000000384,3.8225117515722218e-12,4.1970482536450582e-19,0,0.018321042514861746,-0.10396762320782257,0.022194402336712337,0.18913498618150637,0.2049
1841,9.2050000000000392,3.8299502458372103e-12,1.6517142471458857e-20,0,0.018321043391145486,-0.10396762356287059,0.022194397792759824,0.18913498691133612,0.2049
1842,9.2100000000000399,3.2177524533771873e-12,9.5714723039735938e-20,0,0.018321044262481937,-0.10396762391665247,0.022194393274477676,0.18913498763696729,0.2049
1843,9.2150000000000407,1.9514390103836377e-12,2.0371142381465923e-19,0,0.018321045128899482,-0.10396762426776446,0.022194388781676525,0.1891349883585835,0.2049
1844,9.2200000000000415,1.7071760671782954e-12,4.3113977015243887e-19,0,0.018321045990425385,-0.10396762461715239,0.022194384314196278,0.18913498907611559,0.2049
1845,9.2250000000000423,3.2241986858139171e-12,6.4374503991326826e-19,0,0.018321046847087293,-0.10396762496431444,0.022194379871900871,0.18913498978966198,0.2049
1846,9.2300000000000431,1.9118664984496547e-12,-3.4601295895338169e-19,0,0.018321047698912012,-0.10396762531049313,0.022194375454715115,0.18913499049902321,0.2049
1847,9.2350000000000438,4.5643488988389436e-12,-2.1599340154984659e-19,0,0.018321048545928264,-0.10396762565420731,0.022194371062478534,0.18913499120447075,0.2049
1848,9.2400000000000446,3.0579878906866753e-12,-5.2770152613942911e-19,0,0.018321049388162737,-0.10396762599608987,0.022194366694862064,0.18913499190595798,0.2049
1849,9.2450000000000454,2.4866775305554256e-12,3.9471735342050396e-19,0,0.018321050225641691,-0.10396762633652887,0.022194362351994842,0.18913499260345151,0.2049
1850,9.2500000000000462,4.1715936260899866e-12,1.15619997300212e-19,0,0.018321051058392285,-0.10396762667449831,0.022194358033564968,0.18913499329704389,0.2049
1851,9.255000000000047,3.5893232830375155e-12,-6.9033185201225478e-20,0,0.018321051886441148,-0.10396762701105886,0.022194353739550469,0.18913499398669875,0.2049
1852,9.2600000000000477,2.0312154735968591e-12,2.3420460991581404e-19,0,0.018321052709814874,-0.10396762734617665,0.022194349469821642,0.18913499467240341,0.2049
1853,9.2650000000000485,3.5903398309944379e-12,1.2281977735187355e-20,0,0.018321053528540431,-0.10396762767894585,0.022194345224051497,0.18913499535430139,0.2049
1854,9.2700000000000493,2.6627797189426872e-12,-3.0493186101154812e-20,0,0.018321054342643476,-0.10396762801025454,0.022194341002305478,0.18913499603235501,0.2049
1855,9.2750000000000501,2.8520762140882283e-12,-2.5199230180815435e-19,0,0.01832105515214992,-0.10396762833958559,0.022194336804398029,0.18913499670653244,0.2049
1856,9.2800000000000509,2.9213471919309342e-12,-3.7523559563365505e-19,0,0.018321055957086253,-0.10396762866720133,0.02219433263012513,0.1891349973769279,0.2049
1857,9.2850000000000517,3.2295277563321179e-12,-3.8709405689521525e-19,0,0.01832105675747818,-0.10396762899299539,0.022194328479429939,0.18913499804355594,0.2049
1858,9.2900000000000524,1.9957369090661814e-12,9.8255821881498839e-20,0,0.018321057553351082,-0.10396762931719794,0.022194324352156986,0.18913499870642625,0.2049
1859,9.2950000000000532,2.0135559886114152e-12,1.6135977645194421e-19,0,0.018321058344730235,-0.10396762963980385,0.022194320248163233,0.18913499936550743,0.2049
1860,9.300000000000054,4.0900963171885962e-12,-4.6586812098986519e-19,0,0.018321059131641657,-0.10396762995989425,0.022194316167248422,0.18913500002096242,0.2049
1861,9.3050000000000548,2.3974086604816591e-12,-2.490276864927643e-19,0,0.018321059914109698,-0.10396763027911651,0.022194312109457048,0.18913500067263284,0.2049
1862,9.3100000000000556,3.7566130761668148e-12,-9.7408788934244539e-21,0,0.018321060692160079,-0.10396763059623496,0.022194308074508097,0.18913500132066216,0.2049
1863,9.3150000000000563,2.9861599304403796e-12,2.9646153153900512e-20,0,0.018321061465817693,-0.10396763091189345,0.022194304062361815,0.18913500196499677,0.2049
1864,9.3200000000000571,1.9994839117742913e-12,1.274784585617722e-19,0,0.018321062235107228,-0.1039676312257258,0.022194300072857019,0.18913500260570398,0.2049
1865,9.3250000000000579,4.0287773117597681e-12,-2.2573428044327104e-19,0,0.018321063000053504,-0.10396763153808034,0.022194296105882107,0.18913500324280663,0.2049
1866,9.3300000000000587,2.6351108795008571e-12,-1.4611318340136681e-19,0,0.018321063760680874,-0.10396763184829438,0.02219429216120266,0.18913500387631585,0.2049
1867,9.3350000000000595,3.4555691641457997e-12,5.5650064634607532e-19,0,0.018321064517013642,-0.10396763215693403,0.022194288238819988,0.18913500450626536,0.2049
1868,9.3400000000000603,1.3904433160405461e-12,-3.5956548610945049e-19,0,0.018321065269075978,-0.10396763246450175,0.022194284338615027,0.18913500513259768,0.2049
1869,9.345000000000061,2.8809246654937226e-12,-1.257843926672636e-19,0,0.018321066016892387,-0.1039676327697471,0.022194280460362634,0.18913500575545525,0.2049
1870,9.3500000000000618,3.9527825457241761e-12,-1.5077186461126546e-19,0,0.018321066760486497,-0.10396763307329167,0.022194276603968631,0.18913500637481406,0.2049
1871,9.3550000000000626,1.9912335669225456e-12,6.3103954570445375e-19,0,0.018321067499881844,-0.10396763337608855,0.022194272769461398,0.18913500699056013,0.2049
1872,9.3600000000000634,2.8628210912984287e-12,4.7095031867339099e-19,0,0.018321068235103266,-0.10396763367609185,0.022194268956454287,0.18913500760300661,0.2049
1873,9.3650000000000642,4.3766205937156855e-12,1.3044307387716225e-19,0,0.018321068966172662,-0.103967633974892,0.022194265164974743,0.18913500821190016,0.2049
1874,9.3700000000000649,2.5988100560425664e-12,1.4399560103323106e-20,0,0.018321069693114374,-0.10396763427303207,0.022194261394996508,0.18913500881728124,0.2049
1875,9.3750000000000657,3.2094049640107869e-12,4.9339669177562995e-19,0,0.018321070415952188,-0.10396763456848823,0.022194257646261643,0.1891350094193604,0.2049
1876,9.3800000000000665,3.3710013946919304e-12,-2.2573428044327104e-19,0,0.018321071134708718,-0.10396763486229343,0.022194253918583172,0.18913501001803398,0.2049
1877,9.3850000000000673,2.462190173968537e-12,-1.9142944607947188e-19,0,0.018321071849406588,-0.10396763515514418,0.022194250212029688,0.18913501061325863,0.2049
1878,9.3900000000000681,2.7893659604316667e-12,-2.9264988327636077e-19,0,0.018321072560069488,-0.10396763544621926,0.022194246526364605,0.18913501120515144,0.2049
1879,9.3950000000000689,2.6467716907063732e-12,5.8445273360546723e-20,0,0.018321073266719865,-0.10396763573595449,0.022194242861523047,0.18913501179368472,0.2049
1880,9.4000000000000696,4.0249470423248113e-12,8.8938459461701536e-20,0,0.018321073969380503,-0.10396763602307688,0.022194239217325794,0.18913501237905225,0.2049
1881,9.4050000000000704,3.8805972324418292e-12,1.6517142471458857e-20,0,0.018321074668072746,-0.10396763630989025,0.022194235593672389,0.18913501296088525,0.2049
1882,9.4100000000000712,2.4428237210827319e-12,2.3843977465208555e-19,0,0.018321075362820707,-0.10396763659446487,0.022194231990518662,0.18913501353956386,0.2049
1883,9.415000000000072,2.8090862969065711e-12,1.367958209815695e-19,0,0.018321076053645743,-0.10396763687743873,0.022194228407710723,0.18913501411496214,0.2049
1884,9.4200000000000728,1.9681374585633904e-12,-3.0916702574781962e-20,0,0.018321076740570125,-0.10396763715952612,0.02219422484509799,0.18913501468705093,0.2049
1885,9.4250000000000735,1.8769361065373857e-12,4.6163295625359368e-19,0,0.018321077423616487,-0.10396763743970322,0.022194221302587407,0.18913501525596316,0.2049
1886,9.4300000000000743,3.1875890815769026e-12,-2.39710324072967e-19,0,0.018321078102806043,-0.10396763771831478,0.022194217780060865,0.18913501582166406,0.2049
1887,9.4350000000000751,2.5676336057323113e-12,-3.4008372832260159e-19,0,0.018321078778160735,-0.10396763799572717,0.022194214277440297,0.18913501638415828,0.2049
1888,9.4400000000000759,1.9728212119485278e-12,5.1245493308885171e-20,0,0.018321079449702123,-0.10396763827118524,0.022194210794564372,0.18913501694350171,0.2049
1889,9.4450000000000767,4.2252867871184208e-12,-5.2177229550864901e-19,0,0.018321080117451611,-0.10396763854512503,0.022194207331323171,0.18913501749970629,0.2049
1890,9.4500000000000774,4.0689673852511987e-12,-1.6390087529370712e-19,0,0.018321080781430386,-0.10396763881824553,0.022194203887655448,0.18913501805266147,0.2049
1891,9.4550000000000782,2.2384871734004719e-12,9.1479558303464437e-20,0,0.018321081441660603,-0.10396763908966111,0.022194200463464233,0.18913501860255474,0.2049
1892,9.460000000000079,4.0817904611856193e-12,-2.6130966422795165e-19,0,0.018321082098163223,-0.10396763935863099,0.022194197058542094,0.18913501914944764,0.2049
1893,9.4650000000000798,3.1598543226429854e-12,-4.4469229730850768e-20,0,0.018321082750958312,-0.10396763962756643,0.022194193672856743,0.18913501969308455,0.2049
1894,9.4700000000000806,9.3020036118218741e-13,1.3213713977167085e-19,0,0.018321083400068154,-0.10396763989482868,0.0221941903063195,0.18913502023371481,0.2049
1895,9.4750000000000814,7.4033834618347782e-13,5.6242987697685543e-19,0,0.018321084045512935,-0.10396764016027518,0.022194186958741299,0.18913502077130992,0.2049
1896,9.4800000000000821,2.656805331291423e-12,-9.2750107724345887e-20,0,0.018321084687313218,-0.10396764042396273,0.02219418363005176,0.1891350213059167,0.2049
1897,9.4850000000000829,2.7704609439904715e-12,3.8539999100070665e-20,0,0.018321085325489261,-0.10396764068665569,0.02219418032012398,0.18913502183743375,0.2049
1898,9.4900000000000837,2.808420163091796e-12,-3.0366131159066667e-19,0,0.018321085960061986,-0.10396764094801345,0.022194177029002324,0.18913502236594293,0.2049
1899,9.4950000000000845,1.9051427102567686e-12,-3.2102548700937983e-19,0,0.018321086591052183,-0.10396764120787502,0.022194173756295323,0.18913502289152626,0.2049
1900,9.5000000000000853,2.2988555503644648e-12,-2.9984966332802232e-19,0,0.018321087218478974,-0.10396764146618395,0.02219417050210451,0.18913502341409649,0.2049
1901,9.505000000000086,2.0306534231906426e-12,2.8587361969832636e-19,0,0.01832108784236313,-0.10396764172324324,0.022194167266326437,0.18913502393374912,0.2049
1902,9.5100000000000868,1.7630862048090279e-12,-3.0916702574781962e-19,0,0.018321088462724552,-0.10396764197873062,0.022194164048788621,0.18913502445044933,0.2049
1903,9.5150000000000876,2.0472547268557406e-12,4.955142741437657e-20,0,0.018321089079583151,-0.10396764223291284,0.022194160849417402,0.18913502496425638,0.2049
1904,9.5200000000000884,6.6283090127683408e-13,-1.7364175418713157e-20,0,0.01832108969295853,-0.10396764248594959,0.022194157668139057,0.18913502547510239,0.2049
1905,9.5250000000000892,4.2239128861254471e-12,-3.3203691532368573e-19,0,0.018321090302870813,-0.10396764273702228,0.022194154504707318,0.18913502598314855,0.2049
1906,9.53000000000009,3.6274871995090052e-12,-7.6656481726514181e-20,0,0.018321090909338887,-0.10396764298716847,0.02219415135924372,0.18913502648826794,0.2049
1907,9.5350000000000907,2.2163191421009643e-12,-4.4638636320301628e-19,0,0.01832109151238279,-0.10396764323656235,0.022194148231568969,0.18913502699051141,0.2049
1908,9.5400000000000915,3.9162006970627772e-12,2.3251054402130544e-19,0,0.018321092112021844,-0.10396764348299728,0.022194145121355251,0.18913502749008454,0.2049
1909,9.5450000000000923,3.5909053508476063e-12,-6.4840372112316691e-19,0,0.018321092708273898,-0.10396764372910459,0.022194142028891056,0.18913502798668658,0.2049
1910,9.5500000000000931,2.8236510352108724e-12,-5.6751207466038123e-20,0,0.018321093301159566,-0.10396764397422728,0.022194138953770821,0.18913502848047473,0.2049
1911,9.5550000000000939,2.800190634921762e-12,-3.8963515573697816e-20,0,0.018321093890697682,-0.10396764421769408,0.022194135896063505,0.18913502897150647,0.2049
1912,9.5600000000000946,2.9996422012956714e-12,3.4643647542700884e-19,0,0.018321094476906982,-0.10396764445960428,0.022194132855587613,0.18913502945981467,0.2049
1913,9.5650000000000954,2.9312802185543774e-12,2.9519098211812367e-19,0,0.018321095059805885,-0.10396764470048631,0.022194129832292884,0.18913502994529391,0.2049
1914,9.5700000000000962,3.842315354773973e-12,-1.32560656245298e-19,0,0.018321095639413618,-0.10396764493948428,0.022194126826074419,0.18913503042815513,0.2049
1915,9.575000000000097,3.0487140589841033e-12,-1.3721933745519665e-19,0,0.018321096215747595,-0.10396764517823001,0.022194123836819277,0.18913503090809269,0.2049
1916,9.5800000000000978,2.8261212814406633e-12,4.1250504531284427e-19,0,0.018321096788828341,-0.10396764541510151,0.022194120864504639,0.18913503138542628,0.2049
1917,9.5850000000000986,4.3187918519205226e-12,-4.6586812098986519e-19,0,0.018321097358673287,-0.10396764565062058,0.022194117908804354,0.18913503186008102,0.2049
1918,9.5900000000000993,3.4169993223809314e-12,-1.9058241313221758e-19,0,0.018321097925300203,-0.10396764588496141,0.022194114969886828,0.18913503233204373,0.2049
1919,9.5950000000001001,2.3217087974369832e-12,-4.0107010052491121e-19,0,0.018321098488727525,-0.10396764611825982,0.022194112047588407,0.18913503280131258,0.2049
1920,9.6000000000001009,2.336908444533492e-12,3.9810548520952116e-20,0,0.018321099048973586,-0.10396764635007795,0.022194109141750483,0.18913503326795977,0.2049
1921,9.6050000000001017,2.4412416532726411e-12,1.0206747014414319e-19,0,0.018321099606056067,-0.10396764658065261,0.022194106252329225,0.1891350337319708,0.2049
1922,9.6100000000001025,3.1932755051311545e-12,9.6985272460617389e-20,0,0.01832110015999289,-0.10396764680983508,0.022194103379196445,0.1891350341933774,0.2049
1923,9.6150000000001032,2.2565248281036787e-12,2.2319318160150814e-19,0,0.018321100710801629,-0.1039676470382199,0.022194100522353884,0.18913503465212228,0.2049
1924,9.620000000000104,2.6299448729893982e-12,5.6878262408126268e-19,0,0.018321101258500391,-0.10396764726490018,0.0221940976815443,0.18913503510834595,0.2049
1925,9.6250000000001048,2.5042190543445031e-12,1.6813604002997862e-19,0,0.018321101803106265,-0.10396764749031639,0.022194094856812521,0.1891350355619876,0.2049
1926,9.6300000000001056,3.0000169015664824e-12,-2.414043899674756e-19,0,0.018321102344636575,-0.10396764771495638,0.022194092048115975,0.18913503601300324,0.2049
1927,9.6350000000001064,3.7935071750538896e-12,3.2907230000829568e-19,0,0.018321102883109737,-0.10396764793782964,0.022194089255089616,0.18913503646157298,0.2049
1928,9.6400000000001071,2.6376401063288313e-12,3.2610768469290563e-19,0,0.018321103418541523,-0.1039676481599775,0.022194086477965072,0.18913503690753197,0.2049
1929,9.6450000000001079,3.0109248427834245e-13,1.1265538198482195e-19,0,0.018321103950950091,-0.1039676483811388,0.022194083716525578,0.18913503735094353,0.2049
1930,9.6500000000001087,1.9821123908858596e-12,2.1429933565533799e-19,0,0.018321104480352752,-0.10396764860026159,0.022194080970596802,0.18913503779195889,0.2049
1931,9.6550000000001095,3.892726418985859e-12,-2.2869889575866109e-19,0,0.018321105006765474,-0.10396764881840537,0.022194078240151686,0.1891350382304908,0.2049
1932,9.6600000000001103,3.4897241346643071e-12,-2.2827537928503394e-19,0,0.018321105530205065,-0.10396764903562646,0.022194075525206698,0.18913503866644671,0.2049
1933,9.6650000000001111,2.251490660576394e-12,-2.1980504981249094e-19,0,0.01832110605068937,-0.10396764925184585,0.022194072825618336,0.18913503909995841,0.2049
1934,9.6700000000001118,3.1563085478580888e-12,7.6232965252887031e-21,0,0.018321106568234921,-0.10396764946724299,0.022194070141264448,0.18913503953097965,0.2049
1935,9.6750000000001126,3.1843069847603545e-12,-3.4728350837426314e-20,0,0.01832110708285857,-0.10396764968003076,0.022194067471917357,0.18913503995975456,0.2049
1936,9.6800000000001134,4.3302028629454981e-12,-1.4992483166401116e-19,0,0.018321107594574865,-0.1039676498924748,0.022194064817808716,0.18913504038601847,0.2049
1937,9.6850000000001142,2.9480827501426887e-12,-6.0901668907584194e-19,0,0.018321108103401443,-0.10396765010432932,0.022194062178580325,0.18913504080972976,0.2049
1938,9.690000000000115,3.3640590313410712e-12,2.2785186281140679e-19,0,0.018321108609355753,-0.10396765031430028,0.022194059554278077,0.18913504123119038,0.2049
1939,9.6950000000001157,1.8930343403944505e-12,-9.6561755986990239e-20,0,0.018321109112452792,-0.10396765052364501,0.022194056944850556,0.18913504165022083,0.2049
1940,9.7000000000001165,2.3480661859309748e-12,3.0831999280056532e-19,0,0.018321109612709094,-0.10396765073173518,0.022194054350121735,0.18913504206688114,0.2049
1941,9.7050000000001173,2.9295454950784006e-12,3.5236570605778894e-19,0,0.018321110110140624,-0.10396765093861751,0.022194051770051747,0.18913504248121704,0.2049
1942,9.7100000000001181,2.6867397195928788e-12,-2.2700482986415249e-19,0,0.018321110604763314,-0.10396765114387754,0.022194049204483361,0.18913504289326599,0.2049
1943,9.7150000000001189,2.0711210524382295e-12,-9.867933835512599e-20,0,0.018321111096592499,-0.10396765134868458,0.022194046653473579,0.18913504330290604,0.2049
1944,9.7200000000001197,2.4275789711758478e-12,-1.8507669897506462e-19,0,0.018321111585644534,-0.10396765155205857,0.022194044116830892,0.18913504371028025,0.2049
1945,9.7250000000001204,3.2417540873908024e-12,1.0414270086491623e-18,0,0.018321112071934775,-0.10396765175420801,0.02219404159455831,0.18913504411534365,0.2049
1946,9.7300000000001212,4.2826783785976374e-12,-4.0699933115569131e-19,0,0.018321112555479139,-0.10396765195544061,0.022194039086424013,0.18913504451812721,0.2049
1947,9.735000000000122,3.5712474644178371e-12,1.317136232980437e-19,0,0.018321113036292646,-0.10396765215545138,0.022194036592531857,0.1891350449186755,0.2049
1948,9.7400000000001228,4.1693315466773129e-12,4.2775163836342167e-19,0,0.018321113514390672,-0.10396765235449526,0.0221940341127005,0.18913504531688113,0.2049
1949,9.7450000000001236,2.7827740112229549e-12,6.4374503991326826e-20,0,0.01832111398978914,-0.10396765255266618,0.022194031646934873,0.18913504571286271,0.2049
1950,9.7500000000001243,1.43607348235264e-12,-7.580944877925988e-20,0,0.018321114462503028,-0.10396765275001985,0.0221940291950499,0.18913504610654697,0.2049
1951,9.7550000000001251,2.8750335445693054e-12,2.4098087349384845e-19,0,0.018321114932548125,-0.10396765294578475,0.022194026757053863,0.18913504649807011,0.2049
1952,9.7600000000001259,2.7560176363294886e-12,5.7301778881753418e-19,0,0.018321115399939081,-0.10396765314038039,0.022194024332725125,0.18913504688742003,0.2049
1953,9.7650000000001267,4.4209774729964124e-12,2.9476746564449652e-19,0,0.01832111586469011,-0.10396765333372644,0.02219402192204642,0.18913504727459374,0.2049
1954,9.7700000000001275,2.804232540620788e-12,2.6681537838510461e-19,0,0.018321116326816381,-0.1039676535267349,0.022194019525104774,0.1891350476594835,0.2049
1955,9.7750000000001283,2.2937068910877656e-12,-3.6083603553033194e-19,0,0.018321116786333354,-0.1039676537186405,0.022194017141748359,0.18913504804220255,0.2049
1956,9.780000000000129,2.7856363049583166e-12,5.6920614055488983e-19,0,0.018321117243255934,-0.10396765390908293,0.022194014771728457,0.18913504842285078,0.2049
1957,9.7850000000001298,3.7465551494531013e-12,-1.7321823771350442e-19,0,0.018321117697597845,-0.10396765409837547,0.02219401241503681,0.189135048801338,0.2049
1958,9.7900000000001306,2.2284396550276142e-12,6.4162745754513251e-19,0,0.018321118149373393,-0.10396765428696614,0.022194010071827308,0.18913504917761631,0.2049
1959,9.7950000000001314,2.8582691768974655e-12,-1.4992483166401116e-19,0,0.018321118598598422,-0.10396765447444589,0.022194007741709446,0.18913504955179275,0.2049
1960,9.8000000000001322,3.0335109424406426e-12,-6.8355558843422037e-19,0,0.018321119045286566,-0.10396765466082755,0.022194005424775926,0.18913504992388991,0.2049
1961,9.8050000000001329,2.9439888027393835e-12,3.671887826347392e-19,0,0.018321119489452101,-0.10396765484637065,0.022194003120966938,0.18913505029384919,0.2049
1962,9.8100000000001337,3.0659919048048323e-12,3.663417496874849e-19,0,0.018321119931109599,-0.10396765503128816,0.022194000830168592,0.18913505066167047,0.2049
1963,9.8150000000001345,3.0395685968187536e-12,-2.4352197233561135e-19,0,0.01832112037027319,-0.10396765521439882,0.022193998552339559,0.18913505102753203,0.2049
1964,9.8200000000001353,3.4276956273338044e-12,-1.7110065534536867e-19,0,0.0183211208069568,-0.10396765539688967,0.022193996287286792,0.1891350513912966,0.2049
1965,9.8250000000001361,3.2282752859824626e-12,-1.6347735882007997e-19,0,0.018321121241174305,-0.10396765557817342,0.022193994035013105,0.18913505175299369,0.2049
1966,9.8300000000001369,4.2269208966327909e-12,-9.2750107724345887e-20,0,0.018321121672939474,-0.10396765575855645,0.022193991795490281,0.18913505211265089,0.2049
1967,9.8350000000001376,2.0064921946172376e-12,-1.0164395367051604e-19,0,0.018321122102266354,-0.10396765593819909,0.022193989568661691,0.18913505247026613,0.2049
1968,9.8400000000001384,3.5591286862146632e-12,1.6347735882007997e-19,0,0.018321122529168753,-0.10396765611648595,0.022193987354367208,0.189135052825879,0.2049
1969,9.8450000000001392,1.9989288002619787e-12,-1.0376153603865179e-19,0,0.018321122953660247,-0.10396765629426669,0.022193985152607489,0.18913505317943735,0.2049
1970,9.85000000000014,4.2989847792718194e-12,-2.3589867581032264e-19,0,0.018321123375754898,-0.103967656470765,0.022193982963233612,0.1891350535310431,0.2049
1971,9.8550000000001408,1.6574727701446079e-12,5.2812504261305626e-19,0,0.018321123795465865,-0.10396765664635246,0.022193980786277809,0.18913505388065993,0.2049
1972,9.8600000000001415,2.2485902029245608e-12,-1.7279472123987727e-19,0,0.018321124212806541,-0.10396765682095255,0.022193978621580464,0.18913505422830623,0.2049
1973,9.8650000000001423,2.8450020117531949e-12,-1.8211208365967457e-20,0,0.018321124627790408,-0.1039676569947949,0.022193976469138104,0.18913505457393714,0.2049
1974,9.8700000000001431,3.6299054040345169e-12,2.8714416911920781e-19,0,0.018321125040431006,-0.10396765716734827,0.022193974328822003,0.1891350549176874,0.2049
1975,9.8750000000001439,1.9983459331740505e-12,-2.591920818598159e-19,0,0.01832112545074098,-0.10396765733939678,0.022193972200617439,0.18913505525943483,0.2049
1976,9.8800000000001447,3.8786751588304469e-12,1.3552527156068805e-19,0,0.018321125858734317,-0.10396765750988581,0.022193970084371337,0.18913505559938848,0.2049
1977,9.8850000000001454,3.8822313419561993e-12,5.082197683525802e-21,0,0.018321126264422456,-0.10396765767974299,0.022193967980098032,0.18913505593728352,0.2049
1978,9.8900000000001462,3.017548017014704e-12,6.7762635780344027e-20,0,0.018321126667820264,-0.10396765784900844,0.022193965887751917,0.18913505627327087,0.2049
1979,9.895000000000147,3.1739055827983975e-12,1.4060746924421386e-19,0,0.01832112706894028,-0.10396765801690296,0.022193963807261824,0.18913505660741806,0.2049
1980,9.9000000000001478,3.6805836156617033e-12,-1.6983010592448722e-19,0,0.018321127467794789,-0.10396765818399119,0.022193961738399187,0.18913505693968907,0.2049
1981,9.9050000000001486,2.2552411327314559e-12,4.6586812098986519e-20,0,0.018321127864396752,-0.10396765835051067,0.022193959681296484,0.18913505727001645,0.2049
1982,9.9100000000001494,3.7636040117750014e-12,4.5612724209644073e-19,0,0.018321128258759312,-0.10396765851610677,0.022193957635769746,0.18913505759847762,0.2049
1983,9.9150000000001501,1.5850099011061047e-12,2.2446373102238959e-20,0,0.018321128650895004,-0.1039676586806195,0.02219395560188886,0.18913505792511942,0.2049
1984,9.9200000000001509,3.607981968745122e-12,1.1350241493207625e-19,0,0.018321129040816456,-0.10396765884355059,0.022193953579355635,0.1891350582500046,0.2049
1985,9.9250000000001517,1.6203496877587042e-12,-8.4703294725430034e-20,0,0.018321129428535074,-0.10396765900683941,0.022193951568378577,0.18913505857289845,0.2049
1986,9.9300000000001525,3.5171865420124959e-12,3.3500153063907578e-19,0,0.018321129814064675,-0.10396765916814157,0.022193949568704643,0.18913505889410492,0.2049
1987,9.9350000000001533,4.1706638143068631e-12,-2.7020351017412181e-19,0,0.018321130197416935,-0.10396765932875912,0.022193947580262552,0.18913505921345827,0.2049
1988,9.940000000000154,2.2402912858154878e-12,-1.8084153423879312e-19,0,0.018321130578603739,-0.10396765948917755,0.022193945603145249,0.18913505953092788,0.2049
1989,9.9450000000001548,2.5665025660259744e-12,-5.0610218598444445e-19,0,0.018321130957638307,-0.10396765964817238,0.022193943637155013,0.18913505984669637,0.2049
1990,9.9500000000001556,3.7130507002380853e-12,1.6093625997831706e-20,0,0.018321131334532174,-0.1039676598062664,0.022193941682243659,0.18913506016064954,0.2049
1991,9.9550000000001564,2.7622869269716688e-12,-2.9053230090822502e-19,0,0.018321131709297601,-0.10396765996385218,0.022193939738404927,0.18913506047280032,0.2049
1992,9.9600000000001572,2.5503488210176783e-12,-2.3208702754767829e-19,0,0.018321132081946814,-0.10396766012048203,0.02219393780555614,0.18913506078321835,0.2049
1993,9.965000000000158,4.1353587221237831e-12,7.2844833463869829e-20,0,0.018321132452491593,-0.10396766027649099,0.022193935883605749,0.18913506109182127,0.2049
1994,9.9700000000001587,3.2889246881495637e-12,1.3848988687607811e-19,0,0.018321132820943796,-0.10396766043121619,0.022193933972544724,0.18913506139880637,0.2049
1995,9.9750000000001595,3.8434984361845892e-12,-4.0488174878755556e-19,0,0.018321133187315351,-0.10396766058500874,0.022193932072175786,0.18913506170398348,0.2049
1996,9.9800000000001603,2.7626789744772395e-12,4.2351647362715017e-20,0,0.018321133551617561,-0.10396766073798722,0.022193930182643502,0.18913506200747182,0.2049
1997,9.9850000000001611,2.3985258224001882e-12,-3.1890790464124408e-19,0,0.018321133913862222,-0.10396766089047063,0.022193928303771891,0.189135062309221,0.2049
1998,9.9900000000001619,3.3112401709445294e-12,-1.6771252355635147e-19,0,0.018321134274061211,-0.10396766104158794,0.022193926435447736,0.18913506260928264,0.2049
1999,9.9950000000001626,2.3799850978889481e-12,-8.3559800246636728e-19,0,0.018321134632225886,-0.10396766119265789,0.022193924577723682,0.18913506290759186,0.2049
2000,10.000000000000163,4.3649389658284576e-12,-6.0986372202309624e-20,0,0.018321134988368262,-0.10396766134219459,0.0221939227304511,0.18913506320429618,0.2049
